field_name,collection,csv_file
tamudigital_localcountry,alice_in_wonderland,alice_in_wonderland.csv
dc_citation,alice_in_wonderland,alice_in_wonderland.csv
dc_subject,alice_in_wonderland,alice_in_wonderland.csv
dcterms_URL,alice_in_wonderland,alice_in_wonderland.csv
dc_creator,alice_in_wonderland,alice_in_wonderland.csv
fedora_lastModified,alice_in_wonderland,alice_in_wonderland.csv
ldp_contains,alice_in_wonderland,alice_in_wonderland.csv
dcterms_created,alice_in_wonderland,alice_in_wonderland.csv
fedora_lastModifiedBy,alice_in_wonderland,alice_in_wonderland.csv
fedora_writable,alice_in_wonderland,alice_in_wonderland.csv
dcterms_otherIdentifier,alice_in_wonderland,alice_in_wonderland.csv
dcterms_rightsHolder,alice_in_wonderland,alice_in_wonderland.csv
dcterms_isPartOfSeries,alice_in_wonderland,alice_in_wonderland.csv
dc_title,alice_in_wonderland,alice_in_wonderland.csv
dcterms_rightsURI,alice_in_wonderland,alice_in_wonderland.csv
dcterms_isPartOf,alice_in_wonderland,alice_in_wonderland.csv
fedora_created,alice_in_wonderland,alice_in_wonderland.csv
dc_abstract,alice_in_wonderland,alice_in_wonderland.csv
fedora_createdBy,alice_in_wonderland,alice_in_wonderland.csv
fedora_hasParent,alice_in_wonderland,alice_in_wonderland.csv
dc_rights,alice_in_wonderland,alice_in_wonderland.csv
files,alice_in_wonderland,alice_in_wonderland.csv
dcterms_abstract,alice_in_wonderland,alice_in_wonderland.csv
dcterms_extent,apfelbaum-ww1,apfelbaum-ww1.csv
dc_subject,apfelbaum-ww1,apfelbaum-ww1.csv
fedora_writable,apfelbaum-ww1,apfelbaum-ww1.csv
ldp_contains,apfelbaum-ww1,apfelbaum-ww1.csv
dcterms_type,apfelbaum-ww1,apfelbaum-ww1.csv
dc_type,apfelbaum-ww1,apfelbaum-ww1.csv
fedora_created,apfelbaum-ww1,apfelbaum-ww1.csv
dc_title,apfelbaum-ww1,apfelbaum-ww1.csv
dc_rights,apfelbaum-ww1,apfelbaum-ww1.csv
fedora_hasParent,apfelbaum-ww1,apfelbaum-ww1.csv
dcterms_isPartOf,apfelbaum-ww1,apfelbaum-ww1.csv
dcterms_abstract,apfelbaum-ww1,apfelbaum-ww1.csv
fedora_createdBy,apfelbaum-ww1,apfelbaum-ww1.csv
fedora_lastModifiedBy,apfelbaum-ww1,apfelbaum-ww1.csv
dcterms_temporal,apfelbaum-ww1,apfelbaum-ww1.csv
dc_format,apfelbaum-ww1,apfelbaum-ww1.csv
dc_description,apfelbaum-ww1,apfelbaum-ww1.csv
dc_creator,apfelbaum-ww1,apfelbaum-ww1.csv
dc_publisher,apfelbaum-ww1,apfelbaum-ww1.csv
dcterms_created,apfelbaum-ww1,apfelbaum-ww1.csv
fedora_lastModified,apfelbaum-ww1,apfelbaum-ww1.csv
files,apfelbaum-ww1,apfelbaum-ww1.csv
dcterms_alternative,apfelbaum-ww1,apfelbaum-ww1.csv
dcterms_spatial,apfelbaum-ww1,apfelbaum-ww1.csv
dc_subject,basbanes-texts,basbanes-texts.csv
ldp_contains,basbanes-texts,basbanes-texts.csv
dcterms_type,basbanes-texts,basbanes-texts.csv
dc_creator,basbanes-texts,basbanes-texts.csv
dc_rights,basbanes-texts,basbanes-texts.csv
dc_language,basbanes-texts,basbanes-texts.csv
dcterms_abstract,basbanes-texts,basbanes-texts.csv
fedora_lastModifiedBy,basbanes-texts,basbanes-texts.csv
fedora_writable,basbanes-texts,basbanes-texts.csv
dc_title,basbanes-texts,basbanes-texts.csv
fedora_created,basbanes-texts,basbanes-texts.csv
dc_format,basbanes-texts,basbanes-texts.csv
dc_description,basbanes-texts,basbanes-texts.csv
fedora_lastModified,basbanes-texts,basbanes-texts.csv
fedora_createdBy,basbanes-texts,basbanes-texts.csv
fedora_hasParent,basbanes-texts,basbanes-texts.csv
files,basbanes-texts,basbanes-texts.csv
dcterms_created,basbanes-texts,basbanes-texts.csv
dc_type,basbanes-texts,basbanes-texts.csv
dcterms_coverage,basbanes-texts,basbanes-texts.csv
dc_contributor,basbanes-texts,basbanes-texts.csv
dc_subject,BasbanesEternalPassion,BasbanesEternalPassion.csv
fedora_lastModifiedBy,BasbanesEternalPassion,BasbanesEternalPassion.csv
ldp_contains,BasbanesEternalPassion,BasbanesEternalPassion.csv
fedora_created,BasbanesEternalPassion,BasbanesEternalPassion.csv
fedora_writable,BasbanesEternalPassion,BasbanesEternalPassion.csv
dc_description,BasbanesEternalPassion,BasbanesEternalPassion.csv
fedora_lastModified,BasbanesEternalPassion,BasbanesEternalPassion.csv
fedora_createdBy,BasbanesEternalPassion,BasbanesEternalPassion.csv
dcterms_type,BasbanesEternalPassion,BasbanesEternalPassion.csv
dcterms_created,BasbanesEternalPassion,BasbanesEternalPassion.csv
fedora_hasParent,BasbanesEternalPassion,BasbanesEternalPassion.csv
dcterms_abstract,BasbanesEternalPassion,BasbanesEternalPassion.csv
dc_language,BasbanesEternalPassion,BasbanesEternalPassion.csv
dc_format,BasbanesEternalPassion,BasbanesEternalPassion.csv
dc_type,BasbanesEternalPassion,BasbanesEternalPassion.csv
dc_title,BasbanesEternalPassion,BasbanesEternalPassion.csv
dc_creator,BasbanesEternalPassion,BasbanesEternalPassion.csv
dc_rights,BasbanesEternalPassion,BasbanesEternalPassion.csv
files,BasbanesEternalPassion,BasbanesEternalPassion.csv
dcterms_coverage,BasbanesEternalPassion,BasbanesEternalPassion.csv
dc_contributor,BasbanesEternalPassion,BasbanesEternalPassion.csv
fedora_lastModifiedBy,berger_cloonan,berger_cloonan.csv
dc_type,berger_cloonan,berger_cloonan.csv
fedora_created,berger_cloonan,berger_cloonan.csv
dc_format,berger_cloonan,berger_cloonan.csv
fedora_hasParent,berger_cloonan,berger_cloonan.csv
dc_subject,berger_cloonan,berger_cloonan.csv
dc_identifier,berger_cloonan,berger_cloonan.csv
dcterms_accessRights,berger_cloonan,berger_cloonan.csv
ldp_contains,berger_cloonan,berger_cloonan.csv
fedora_lastModified,berger_cloonan,berger_cloonan.csv
fedora_writable,berger_cloonan,berger_cloonan.csv
dcterms_extent,berger_cloonan,berger_cloonan.csv
dc_publisher,berger_cloonan,berger_cloonan.csv
dcterms_created,berger_cloonan,berger_cloonan.csv
dc_rights,berger_cloonan,berger_cloonan.csv
fedora_createdBy,berger_cloonan,berger_cloonan.csv
dc_title,berger_cloonan,berger_cloonan.csv
dcterms_medium,berger_cloonan,berger_cloonan.csv
dcterms_type,berger_cloonan,berger_cloonan.csv
tamudigital_local/details,berger_cloonan,berger_cloonan.csv
files,berger_cloonan,berger_cloonan.csv
dc_creator,berger_cloonan,berger_cloonan.csv
dcterms_spatial,berger_cloonan,berger_cloonan.csv
dc_contributor,berger_cloonan,berger_cloonan.csv
dc_relation,berger_cloonan,berger_cloonan.csv
dc_type,berger_cloonan_batch_3,berger_cloonan_batch_3.csv
dc_identifier,berger_cloonan_batch_3,berger_cloonan_batch_3.csv
ldp_contains,berger_cloonan_batch_3,berger_cloonan_batch_3.csv
dcterms_accessRights,berger_cloonan_batch_3,berger_cloonan_batch_3.csv
fedora_created,berger_cloonan_batch_3,berger_cloonan_batch_3.csv
dc_publisher,berger_cloonan_batch_3,berger_cloonan_batch_3.csv
tamudigital_local/details,berger_cloonan_batch_3,berger_cloonan_batch_3.csv
fedora_hasParent,berger_cloonan_batch_3,berger_cloonan_batch_3.csv
dcterms_created,berger_cloonan_batch_3,berger_cloonan_batch_3.csv
dc_format,berger_cloonan_batch_3,berger_cloonan_batch_3.csv
fedora_createdBy,berger_cloonan_batch_3,berger_cloonan_batch_3.csv
dcterms_extent,berger_cloonan_batch_3,berger_cloonan_batch_3.csv
dcterms_type,berger_cloonan_batch_3,berger_cloonan_batch_3.csv
dcterms_medium,berger_cloonan_batch_3,berger_cloonan_batch_3.csv
dc_rights,berger_cloonan_batch_3,berger_cloonan_batch_3.csv
fedora_lastModifiedBy,berger_cloonan_batch_3,berger_cloonan_batch_3.csv
fedora_writable,berger_cloonan_batch_3,berger_cloonan_batch_3.csv
dc_subject,berger_cloonan_batch_3,berger_cloonan_batch_3.csv
dc_title,berger_cloonan_batch_3,berger_cloonan_batch_3.csv
fedora_lastModified,berger_cloonan_batch_3,berger_cloonan_batch_3.csv
files,berger_cloonan_batch_3,berger_cloonan_batch_3.csv
dcterms_spatial,berger_cloonan_batch_3,berger_cloonan_batch_3.csv
dc_creator,berger_cloonan_batch_3,berger_cloonan_batch_3.csv
dc_relation,berger_cloonan_batch_3,berger_cloonan_batch_3.csv
dcterms_medium,berger_cloonan_batch_4,berger_cloonan_batch_4.csv
fedora_hasParent,berger_cloonan_batch_4,berger_cloonan_batch_4.csv
ldp_contains,berger_cloonan_batch_4,berger_cloonan_batch_4.csv
fedora_lastModifiedBy,berger_cloonan_batch_4,berger_cloonan_batch_4.csv
dc_identifier,berger_cloonan_batch_4,berger_cloonan_batch_4.csv
dcterms_type,berger_cloonan_batch_4,berger_cloonan_batch_4.csv
dc_rights,berger_cloonan_batch_4,berger_cloonan_batch_4.csv
dcterms_accessRights,berger_cloonan_batch_4,berger_cloonan_batch_4.csv
dcterms_extent,berger_cloonan_batch_4,berger_cloonan_batch_4.csv
dc_title,berger_cloonan_batch_4,berger_cloonan_batch_4.csv
dc_format,berger_cloonan_batch_4,berger_cloonan_batch_4.csv
fedora_lastModified,berger_cloonan_batch_4,berger_cloonan_batch_4.csv
dc_type,berger_cloonan_batch_4,berger_cloonan_batch_4.csv
tamudigital_local/details,berger_cloonan_batch_4,berger_cloonan_batch_4.csv
dc_subject,berger_cloonan_batch_4,berger_cloonan_batch_4.csv
fedora_createdBy,berger_cloonan_batch_4,berger_cloonan_batch_4.csv
fedora_created,berger_cloonan_batch_4,berger_cloonan_batch_4.csv
dcterms_created,berger_cloonan_batch_4,berger_cloonan_batch_4.csv
dc_publisher,berger_cloonan_batch_4,berger_cloonan_batch_4.csv
fedora_writable,berger_cloonan_batch_4,berger_cloonan_batch_4.csv
files,berger_cloonan_batch_4,berger_cloonan_batch_4.csv
dc_contributor,berger_cloonan_batch_4,berger_cloonan_batch_4.csv
dcterms_spatial,berger_cloonan_batch_4,berger_cloonan_batch_4.csv
fedora_created,berger_cloonan_batch_a,berger_cloonan_batch_a.csv
ldp_contains,berger_cloonan_batch_a,berger_cloonan_batch_a.csv
dcterms_type,berger_cloonan_batch_a,berger_cloonan_batch_a.csv
dc_title,berger_cloonan_batch_a,berger_cloonan_batch_a.csv
fedora_lastModified,berger_cloonan_batch_a,berger_cloonan_batch_a.csv
fedora_createdBy,berger_cloonan_batch_a,berger_cloonan_batch_a.csv
fedora_writable,berger_cloonan_batch_a,berger_cloonan_batch_a.csv
dc_rights,berger_cloonan_batch_a,berger_cloonan_batch_a.csv
dc_type,berger_cloonan_batch_a,berger_cloonan_batch_a.csv
dcterms_created,berger_cloonan_batch_a,berger_cloonan_batch_a.csv
dc_publisher,berger_cloonan_batch_a,berger_cloonan_batch_a.csv
fedora_hasParent,berger_cloonan_batch_a,berger_cloonan_batch_a.csv
dc_format,berger_cloonan_batch_a,berger_cloonan_batch_a.csv
tamudigital_local/details,berger_cloonan_batch_a,berger_cloonan_batch_a.csv
dcterms_medium,berger_cloonan_batch_a,berger_cloonan_batch_a.csv
dcterms_accessRights,berger_cloonan_batch_a,berger_cloonan_batch_a.csv
dc_identifier,berger_cloonan_batch_a,berger_cloonan_batch_a.csv
fedora_lastModifiedBy,berger_cloonan_batch_a,berger_cloonan_batch_a.csv
dcterms_extent,berger_cloonan_batch_a,berger_cloonan_batch_a.csv
dc_subject,berger_cloonan_batch_a,berger_cloonan_batch_a.csv
files,berger_cloonan_batch_a,berger_cloonan_batch_a.csv
dcterms_spatial,berger_cloonan_batch_a,berger_cloonan_batch_a.csv
dcterms_temporal,berger_cloonan_batch_a,berger_cloonan_batch_a.csv
dcterms_provenance,berger_cloonan_batch_a,berger_cloonan_batch_a.csv
dc_relation,berger_cloonan_batch_a,berger_cloonan_batch_a.csv
dc_identifier,brazos-maps,brazos-maps.csv
ldp_contains,brazos-maps,brazos-maps.csv
dc_language,brazos-maps,brazos-maps.csv
dcterms_spatial,brazos-maps,brazos-maps.csv
fedora_created,brazos-maps,brazos-maps.csv
dc_format,brazos-maps,brazos-maps.csv
dc_title,brazos-maps,brazos-maps.csv
fedora_writable,brazos-maps,brazos-maps.csv
dcterms_type,brazos-maps,brazos-maps.csv
fedora_lastModified,brazos-maps,brazos-maps.csv
dc_subject,brazos-maps,brazos-maps.csv
dc_creator,brazos-maps,brazos-maps.csv
dc_rights,brazos-maps,brazos-maps.csv
fedora_hasParent,brazos-maps,brazos-maps.csv
dcterms_issued,brazos-maps,brazos-maps.csv
fedora_createdBy,brazos-maps,brazos-maps.csv
tamudigital_local/coordinates,brazos-maps,brazos-maps.csv
fedora_lastModifiedBy,brazos-maps,brazos-maps.csv
files,brazos-maps,brazos-maps.csv
dc_contributor,brazos-maps,brazos-maps.csv
dcterms_created,bryan-150,bryan-150.csv
ldp_contains,bryan-150,bryan-150.csv
fedora_hasParent,bryan-150,bryan-150.csv
dc_subject,bryan-150,bryan-150.csv
fedora_created,bryan-150,bryan-150.csv
dcterms_isPartOf,bryan-150,bryan-150.csv
fedora_writable,bryan-150,bryan-150.csv
dc_creator,bryan-150,bryan-150.csv
tamudigital_local/details,bryan-150,bryan-150.csv
fedora_createdBy,bryan-150,bryan-150.csv
fedora_lastModifiedBy,bryan-150,bryan-150.csv
dc_format,bryan-150,bryan-150.csv
dc_title,bryan-150,bryan-150.csv
dc_type,bryan-150,bryan-150.csv
dc_rights,bryan-150,bryan-150.csv
dcterms_type,bryan-150,bryan-150.csv
dcterms_spatial,bryan-150,bryan-150.csv
fedora_lastModified,bryan-150,bryan-150.csv
dcterms_extent,bryan-150,bryan-150.csv
dc_description,bryan-150,bryan-150.csv
dc_abstract,bryan-150,bryan-150.csv
files,bryan-150,bryan-150.csv
dc_publisher,bryan-150,bryan-150.csv
dc_subject,charting-texas,charting-texas.csv
dc_title,charting-texas,charting-texas.csv
dc_language,charting-texas,charting-texas.csv
dcterms_spatial,charting-texas,charting-texas.csv
dc_format,charting-texas,charting-texas.csv
dc_identifier,charting-texas,charting-texas.csv
dcterms_issued,charting-texas,charting-texas.csv
fedora_lastModifiedBy,charting-texas,charting-texas.csv
dc_coverage,charting-texas,charting-texas.csv
ldp_contains,charting-texas,charting-texas.csv
dcterms_lcc,charting-texas,charting-texas.csv
dc_rights,charting-texas,charting-texas.csv
fedora_lastModified,charting-texas,charting-texas.csv
fedora_createdBy,charting-texas,charting-texas.csv
fedora_hasParent,charting-texas,charting-texas.csv
fedora_created,charting-texas,charting-texas.csv
fedora_writable,charting-texas,charting-texas.csv
dc_description,charting-texas,charting-texas.csv
dcterms_type,charting-texas,charting-texas.csv
files,charting-texas,charting-texas.csv
dc_contributor,charting-texas,charting-texas.csv
dc_creator,charting-texas,charting-texas.csv
dc_format,cherokee-freedmen-corrected,cherokee-freedmen-corrected.csv
dcterms_spatial,cherokee-freedmen-corrected,cherokee-freedmen-corrected.csv
ldp_contains,cherokee-freedmen-corrected,cherokee-freedmen-corrected.csv
dc_rights,cherokee-freedmen-corrected,cherokee-freedmen-corrected.csv
dcterms_abstract,cherokee-freedmen-corrected,cherokee-freedmen-corrected.csv
dcterms_isPartOf,cherokee-freedmen-corrected,cherokee-freedmen-corrected.csv
fedora_created,cherokee-freedmen-corrected,cherokee-freedmen-corrected.csv
dc_contributor,cherokee-freedmen-corrected,cherokee-freedmen-corrected.csv
fedora_lastModified,cherokee-freedmen-corrected,cherokee-freedmen-corrected.csv
fedora_hasParent,cherokee-freedmen-corrected,cherokee-freedmen-corrected.csv
dc_type,cherokee-freedmen-corrected,cherokee-freedmen-corrected.csv
dc_title,cherokee-freedmen-corrected,cherokee-freedmen-corrected.csv
dc_subject,cherokee-freedmen-corrected,cherokee-freedmen-corrected.csv
dc_language,cherokee-freedmen-corrected,cherokee-freedmen-corrected.csv
dcterms_extent,cherokee-freedmen-corrected,cherokee-freedmen-corrected.csv
fedora_writable,cherokee-freedmen-corrected,cherokee-freedmen-corrected.csv
dc_description,cherokee-freedmen-corrected,cherokee-freedmen-corrected.csv
fedora_createdBy,cherokee-freedmen-corrected,cherokee-freedmen-corrected.csv
dcterms_type,cherokee-freedmen-corrected,cherokee-freedmen-corrected.csv
dc_creator,cherokee-freedmen-corrected,cherokee-freedmen-corrected.csv
dcterms_created,cherokee-freedmen-corrected,cherokee-freedmen-corrected.csv
fedora_lastModifiedBy,cherokee-freedmen-corrected,cherokee-freedmen-corrected.csv
files,cherokee-freedmen-corrected,cherokee-freedmen-corrected.csv
dc_subject,cherokee-freedmen,cherokee-freedmen.csv
dc_language,cherokee-freedmen,cherokee-freedmen.csv
fedora_writable,cherokee-freedmen,cherokee-freedmen.csv
dc_contributor,cherokee-freedmen,cherokee-freedmen.csv
dc_description,cherokee-freedmen,cherokee-freedmen.csv
dc_rights,cherokee-freedmen,cherokee-freedmen.csv
dcterms_spatial,cherokee-freedmen,cherokee-freedmen.csv
ldp_contains,cherokee-freedmen,cherokee-freedmen.csv
fedora_hasParent,cherokee-freedmen,cherokee-freedmen.csv
fedora_createdBy,cherokee-freedmen,cherokee-freedmen.csv
dc_creator,cherokee-freedmen,cherokee-freedmen.csv
fedora_lastModifiedBy,cherokee-freedmen,cherokee-freedmen.csv
dcterms_isPartOf,cherokee-freedmen,cherokee-freedmen.csv
dc_type,cherokee-freedmen,cherokee-freedmen.csv
dcterms_type,cherokee-freedmen,cherokee-freedmen.csv
fedora_lastModified,cherokee-freedmen,cherokee-freedmen.csv
fedora_created,cherokee-freedmen,cherokee-freedmen.csv
dcterms_extent,cherokee-freedmen,cherokee-freedmen.csv
dc_format,cherokee-freedmen,cherokee-freedmen.csv
dc_title,cherokee-freedmen,cherokee-freedmen.csv
dcterms_created,cherokee-freedmen,cherokee-freedmen.csv
dcterms_abstract,cherokee-freedmen,cherokee-freedmen.csv
files,cherokee-freedmen,cherokee-freedmen.csv
dc_subject,com_class_rosters,com_class_rosters.csv
dcterms_created,com_class_rosters,com_class_rosters.csv
ldp_contains,com_class_rosters,com_class_rosters.csv
fedora_hasParent,com_class_rosters,com_class_rosters.csv
dcterms_spatial,com_class_rosters,com_class_rosters.csv
dcterms_type,com_class_rosters,com_class_rosters.csv
fedora_lastModified,com_class_rosters,com_class_rosters.csv
dc_rights,com_class_rosters,com_class_rosters.csv
fedora_createdBy,com_class_rosters,com_class_rosters.csv
fedora_created,com_class_rosters,com_class_rosters.csv
dc_contributor,com_class_rosters,com_class_rosters.csv
fedora_lastModifiedBy,com_class_rosters,com_class_rosters.csv
dc_publisher,com_class_rosters,com_class_rosters.csv
dc_title,com_class_rosters,com_class_rosters.csv
fedora_writable,com_class_rosters,com_class_rosters.csv
dc_format,com_class_rosters,com_class_rosters.csv
files,com_class_rosters,com_class_rosters.csv
dc_subject,cvm-batch-1,cvm-batch-1.csv
dcterms_type,cvm-batch-1,cvm-batch-1.csv
ldp_contains,cvm-batch-1,cvm-batch-1.csv
fedora_writable,cvm-batch-1,cvm-batch-1.csv
fedora_createdBy,cvm-batch-1,cvm-batch-1.csv
fedora_lastModified,cvm-batch-1,cvm-batch-1.csv
dcterms_spatial,cvm-batch-1,cvm-batch-1.csv
dcterms_extent,cvm-batch-1,cvm-batch-1.csv
dcterms_isPartOf,cvm-batch-1,cvm-batch-1.csv
dc_contributor,cvm-batch-1,cvm-batch-1.csv
dc_format,cvm-batch-1,cvm-batch-1.csv
dcterms_temporal,cvm-batch-1,cvm-batch-1.csv
dc_type,cvm-batch-1,cvm-batch-1.csv
tamudigital_local/details,cvm-batch-1,cvm-batch-1.csv
fedora_hasParent,cvm-batch-1,cvm-batch-1.csv
dc_rights,cvm-batch-1,cvm-batch-1.csv
fedora_lastModifiedBy,cvm-batch-1,cvm-batch-1.csv
dc_title,cvm-batch-1,cvm-batch-1.csv
dcterms_created,cvm-batch-1,cvm-batch-1.csv
dc_identifier,cvm-batch-1,cvm-batch-1.csv
fedora_created,cvm-batch-1,cvm-batch-1.csv
dcterms_abstract,cvm-batch-1,cvm-batch-1.csv
files,cvm-batch-1,cvm-batch-1.csv
dc_creator,cvm-batch-1,cvm-batch-1.csv
dc_language,cvm-batch-1,cvm-batch-1.csv
dcterms_tableOfContents,cvm-batch-1,cvm-batch-1.csv
dcterms_provenance,cvm-batch-1,cvm-batch-1.csv
dc_description,cvm-batch-1,cvm-batch-1.csv
dcterms_extent,cvm-batch-2,cvm-batch-2.csv
dc_format,cvm-batch-2,cvm-batch-2.csv
dc_contributor,cvm-batch-2,cvm-batch-2.csv
dc_subject,cvm-batch-2,cvm-batch-2.csv
dcterms_spatial,cvm-batch-2,cvm-batch-2.csv
dcterms_type,cvm-batch-2,cvm-batch-2.csv
dcterms_temporal,cvm-batch-2,cvm-batch-2.csv
dcterms_isPartOf,cvm-batch-2,cvm-batch-2.csv
fedora_hasParent,cvm-batch-2,cvm-batch-2.csv
fedora_lastModified,cvm-batch-2,cvm-batch-2.csv
dc_title,cvm-batch-2,cvm-batch-2.csv
fedora_createdBy,cvm-batch-2,cvm-batch-2.csv
dcterms_abstract,cvm-batch-2,cvm-batch-2.csv
dc_identifier,cvm-batch-2,cvm-batch-2.csv
dc_type,cvm-batch-2,cvm-batch-2.csv
ldp_contains,cvm-batch-2,cvm-batch-2.csv
fedora_lastModifiedBy,cvm-batch-2,cvm-batch-2.csv
dc_rights,cvm-batch-2,cvm-batch-2.csv
dcterms_created,cvm-batch-2,cvm-batch-2.csv
fedora_writable,cvm-batch-2,cvm-batch-2.csv
fedora_created,cvm-batch-2,cvm-batch-2.csv
files,cvm-batch-2,cvm-batch-2.csv
tamudigital_local/details,cvm-batch-2,cvm-batch-2.csv
dc_description,cvm-batch-2,cvm-batch-2.csv
dc_creator,cvm-batch-2,cvm-batch-2.csv
URI,Fedora Collections,Fedora Collections.csv
Created,Fedora Collections,Fedora Collections.csv
Works,Fedora Collections,Fedora Collections.csv
Environment,Fedora Collections,Fedora Collections.csv
Parent Collection,Fedora Collections,Fedora Collections.csv
Url to collection online,Fedora Collections,Fedora Collections.csv
Sheet Creator,Fedora Collections,Fedora Collections.csv
Sheet Done,Fedora Collections,Fedora Collections.csv
Date Created,Fedora Collections,Fedora Collections.csv
Archipelago Collection,Fedora Collections,Fedora Collections.csv
Notes,Fedora Collections,Fedora Collections.csv
Errors,Fedora Collections,Fedora Collections.csv
ldp_contains,graydiary-saf,graydiary-saf.csv
dcterms_created,graydiary-saf,graydiary-saf.csv
dc_title,graydiary-saf,graydiary-saf.csv
dc_creator,graydiary-saf,graydiary-saf.csv
dc_format,graydiary-saf,graydiary-saf.csv
dc_language,graydiary-saf,graydiary-saf.csv
fedora_hasParent,graydiary-saf,graydiary-saf.csv
dc_description,graydiary-saf,graydiary-saf.csv
dcterms_extent,graydiary-saf,graydiary-saf.csv
dc_subject,graydiary-saf,graydiary-saf.csv
fedora_writable,graydiary-saf,graydiary-saf.csv
dc_rights,graydiary-saf,graydiary-saf.csv
fedora_createdBy,graydiary-saf,graydiary-saf.csv
fedora_lastModified,graydiary-saf,graydiary-saf.csv
fedora_lastModifiedBy,graydiary-saf,graydiary-saf.csv
dcterms_type,graydiary-saf,graydiary-saf.csv
fedora_created,graydiary-saf,graydiary-saf.csv
files,graydiary-saf,graydiary-saf.csv
dc_subject,houston_oil_company_minutes,houston_oil_company_minutes.csv
dc_description,houston_oil_company_minutes,houston_oil_company_minutes.csv
dc_rights,houston_oil_company_minutes,houston_oil_company_minutes.csv
dcterms_extent,houston_oil_company_minutes,houston_oil_company_minutes.csv
fedora_created,houston_oil_company_minutes,houston_oil_company_minutes.csv
fedora_createdBy,houston_oil_company_minutes,houston_oil_company_minutes.csv
ldp_contains,houston_oil_company_minutes,houston_oil_company_minutes.csv
dc_title,houston_oil_company_minutes,houston_oil_company_minutes.csv
fedora_writable,houston_oil_company_minutes,houston_oil_company_minutes.csv
dc_contributor,houston_oil_company_minutes,houston_oil_company_minutes.csv
fedora_lastModifiedBy,houston_oil_company_minutes,houston_oil_company_minutes.csv
dc_type,houston_oil_company_minutes,houston_oil_company_minutes.csv
dc_identifier,houston_oil_company_minutes,houston_oil_company_minutes.csv
fedora_lastModified,houston_oil_company_minutes,houston_oil_company_minutes.csv
fedora_hasParent,houston_oil_company_minutes,houston_oil_company_minutes.csv
files,houston_oil_company_minutes,houston_oil_company_minutes.csv
dc_description,la_linda_poblana,la_linda_poblana.csv
dc_extent,la_linda_poblana,la_linda_poblana.csv
ldp_contains,la_linda_poblana,la_linda_poblana.csv
dc_genre,la_linda_poblana,la_linda_poblana.csv
dc_abstract,la_linda_poblana,la_linda_poblana.csv
dcterms_type,la_linda_poblana,la_linda_poblana.csv
fedora_createdBy,la_linda_poblana,la_linda_poblana.csv
dc_format,la_linda_poblana,la_linda_poblana.csv
dc_subject,la_linda_poblana,la_linda_poblana.csv
dc_creator,la_linda_poblana,la_linda_poblana.csv
fedora_hasParent,la_linda_poblana,la_linda_poblana.csv
dc_date,la_linda_poblana,la_linda_poblana.csv
fedora_created,la_linda_poblana,la_linda_poblana.csv
dc_title,la_linda_poblana,la_linda_poblana.csv
dc_rights,la_linda_poblana,la_linda_poblana.csv
dc_title:alternative,la_linda_poblana,la_linda_poblana.csv
fedora_writable,la_linda_poblana,la_linda_poblana.csv
fedora_lastModified,la_linda_poblana,la_linda_poblana.csv
fedora_lastModifiedBy,la_linda_poblana,la_linda_poblana.csv
dc_language,la_linda_poblana,la_linda_poblana.csv
dcterms_IsPartOf,la_linda_poblana,la_linda_poblana.csv
files,la_linda_poblana,la_linda_poblana.csv
dc_language,london-collection,london-collection.csv
dcterms_issued,london-collection,london-collection.csv
dc_description,london-collection,london-collection.csv
fedora_lastModified,london-collection,london-collection.csv
dcterms_medium,london-collection,london-collection.csv
dcterms_extent,london-collection,london-collection.csv
dc_rights,london-collection,london-collection.csv
fedora_createdBy,london-collection,london-collection.csv
ldp_contains,london-collection,london-collection.csv
dc_subject,london-collection,london-collection.csv
dc_format,london-collection,london-collection.csv
dc_publisher,london-collection,london-collection.csv
fedora_lastModifiedBy,london-collection,london-collection.csv
dc_type,london-collection,london-collection.csv
dc_creator,london-collection,london-collection.csv
fedora_writable,london-collection,london-collection.csv
fedora_hasParent,london-collection,london-collection.csv
fedora_created,london-collection,london-collection.csv
dc_contributor,london-collection,london-collection.csv
dcterms_isPartOf,london-collection,london-collection.csv
dc_title,london-collection,london-collection.csv
files,london-collection,london-collection.csv
dcterms_created,london-collection,london-collection.csv
dcterms_alternative,london-collection,london-collection.csv
dcterms_extent,london-maps-batch-2,london-maps-batch-2.csv
dc_format,london-maps-batch-2,london-maps-batch-2.csv
dc_description,london-maps-batch-2,london-maps-batch-2.csv
fedora_lastModifiedBy,london-maps-batch-2,london-maps-batch-2.csv
dc_language,london-maps-batch-2,london-maps-batch-2.csv
dc_rights,london-maps-batch-2,london-maps-batch-2.csv
fedora_lastModified,london-maps-batch-2,london-maps-batch-2.csv
dc_title,london-maps-batch-2,london-maps-batch-2.csv
fedora_created,london-maps-batch-2,london-maps-batch-2.csv
dc_contributor,london-maps-batch-2,london-maps-batch-2.csv
fedora_writable,london-maps-batch-2,london-maps-batch-2.csv
fedora_hasParent,london-maps-batch-2,london-maps-batch-2.csv
dc_type,london-maps-batch-2,london-maps-batch-2.csv
dcterms_type,london-maps-batch-2,london-maps-batch-2.csv
dc_identifier,london-maps-batch-2,london-maps-batch-2.csv
dc_subject,london-maps-batch-2,london-maps-batch-2.csv
ldp_contains,london-maps-batch-2,london-maps-batch-2.csv
dc_coverage,london-maps-batch-2,london-maps-batch-2.csv
dc_creator,london-maps-batch-2,london-maps-batch-2.csv
dc_publisher,london-maps-batch-2,london-maps-batch-2.csv
dc_date,london-maps-batch-2,london-maps-batch-2.csv
dcterms_lcc,london-maps-batch-2,london-maps-batch-2.csv
fedora_createdBy,london-maps-batch-2,london-maps-batch-2.csv
files,london-maps-batch-2,london-maps-batch-2.csv
dcterms_spatial,london-maps-batch-2,london-maps-batch-2.csv
dc_summary,scifi-exhibit-2021,scifi-exhibit-2021.csv
ldp_contains,scifi-exhibit-2021,scifi-exhibit-2021.csv
dcterms_isPartOf,scifi-exhibit-2021,scifi-exhibit-2021.csv
fedora_createdBy,scifi-exhibit-2021,scifi-exhibit-2021.csv
dc_language,scifi-exhibit-2021,scifi-exhibit-2021.csv
dcterms_extent,scifi-exhibit-2021,scifi-exhibit-2021.csv
dc_type,scifi-exhibit-2021,scifi-exhibit-2021.csv
dc_description,scifi-exhibit-2021,scifi-exhibit-2021.csv
dcterms_type,scifi-exhibit-2021,scifi-exhibit-2021.csv
fedora_hasParent,scifi-exhibit-2021,scifi-exhibit-2021.csv
dc_format,scifi-exhibit-2021,scifi-exhibit-2021.csv
dc_rights,scifi-exhibit-2021,scifi-exhibit-2021.csv
dc_title,scifi-exhibit-2021,scifi-exhibit-2021.csv
dc_subject,scifi-exhibit-2021,scifi-exhibit-2021.csv
fedora_created,scifi-exhibit-2021,scifi-exhibit-2021.csv
dc_publisher,scifi-exhibit-2021,scifi-exhibit-2021.csv
fedora_lastModifiedBy,scifi-exhibit-2021,scifi-exhibit-2021.csv
fedora_lastModified,scifi-exhibit-2021,scifi-exhibit-2021.csv
dcterms_issued,scifi-exhibit-2021,scifi-exhibit-2021.csv
fedora_writable,scifi-exhibit-2021,scifi-exhibit-2021.csv
files,scifi-exhibit-2021,scifi-exhibit-2021.csv
dc_creator,scifi-exhibit-2021,scifi-exhibit-2021.csv
dc_identifer,scifi-exhibit-2021,scifi-exhibit-2021.csv
dc_contributor,scifi-exhibit-2021,scifi-exhibit-2021.csv
fedora_createdBy,Stephen_Powys_Marks_London_Collection,Stephen_Powys_Marks_London_Collection.csv
fedora_created,Stephen_Powys_Marks_London_Collection,Stephen_Powys_Marks_London_Collection.csv
ldp_contains,Stephen_Powys_Marks_London_Collection,Stephen_Powys_Marks_London_Collection.csv
dcterms_medium,Stephen_Powys_Marks_London_Collection,Stephen_Powys_Marks_London_Collection.csv
dc_publisher,Stephen_Powys_Marks_London_Collection,Stephen_Powys_Marks_London_Collection.csv
dcterms_extent,Stephen_Powys_Marks_London_Collection,Stephen_Powys_Marks_London_Collection.csv
dc_subject,Stephen_Powys_Marks_London_Collection,Stephen_Powys_Marks_London_Collection.csv
fedora_hasParent,Stephen_Powys_Marks_London_Collection,Stephen_Powys_Marks_London_Collection.csv
dc_title,Stephen_Powys_Marks_London_Collection,Stephen_Powys_Marks_London_Collection.csv
dc_rights,Stephen_Powys_Marks_London_Collection,Stephen_Powys_Marks_London_Collection.csv
dc_format,Stephen_Powys_Marks_London_Collection,Stephen_Powys_Marks_London_Collection.csv
dcterms_isPartOf,Stephen_Powys_Marks_London_Collection,Stephen_Powys_Marks_London_Collection.csv
dc_language,Stephen_Powys_Marks_London_Collection,Stephen_Powys_Marks_London_Collection.csv
dcterms_issued,Stephen_Powys_Marks_London_Collection,Stephen_Powys_Marks_London_Collection.csv
fedora_lastModifiedBy,Stephen_Powys_Marks_London_Collection,Stephen_Powys_Marks_London_Collection.csv
dc_type,Stephen_Powys_Marks_London_Collection,Stephen_Powys_Marks_London_Collection.csv
dc_description,Stephen_Powys_Marks_London_Collection,Stephen_Powys_Marks_London_Collection.csv
dc_creator,Stephen_Powys_Marks_London_Collection,Stephen_Powys_Marks_London_Collection.csv
dc_contributor,Stephen_Powys_Marks_London_Collection,Stephen_Powys_Marks_London_Collection.csv
fedora_writable,Stephen_Powys_Marks_London_Collection,Stephen_Powys_Marks_London_Collection.csv
fedora_lastModified,Stephen_Powys_Marks_London_Collection,Stephen_Powys_Marks_London_Collection.csv
files,Stephen_Powys_Marks_London_Collection,Stephen_Powys_Marks_London_Collection.csv
dcterms_created,Stephen_Powys_Marks_London_Collection,Stephen_Powys_Marks_London_Collection.csv
dcterms_alternative,Stephen_Powys_Marks_London_Collection,Stephen_Powys_Marks_London_Collection.csv
dc_format,time_of_resolve,time_of_resolve.csv
dcterms_spatial,time_of_resolve,time_of_resolve.csv
fedora_createdBy,time_of_resolve,time_of_resolve.csv
fedora_hasParent,time_of_resolve,time_of_resolve.csv
dcterms_temporal,time_of_resolve,time_of_resolve.csv
dc_subject,time_of_resolve,time_of_resolve.csv
dc_contributor,time_of_resolve,time_of_resolve.csv
ldp_contains,time_of_resolve,time_of_resolve.csv
dc_publisher,time_of_resolve,time_of_resolve.csv
fedora_writable,time_of_resolve,time_of_resolve.csv
fedora_lastModified,time_of_resolve,time_of_resolve.csv
dcterms_type,time_of_resolve,time_of_resolve.csv
dc_description,time_of_resolve,time_of_resolve.csv
fedora_created,time_of_resolve,time_of_resolve.csv
dcterms_created,time_of_resolve,time_of_resolve.csv
fedora_lastModifiedBy,time_of_resolve,time_of_resolve.csv
dc_title,time_of_resolve,time_of_resolve.csv
dc_creator,time_of_resolve,time_of_resolve.csv
dcterms_abstract,time_of_resolve,time_of_resolve.csv
dc_rights,time_of_resolve,time_of_resolve.csv
files,time_of_resolve,time_of_resolve.csv
dc_identifier,time_of_resolve,time_of_resolve.csv
dc_language,time_of_resolve,time_of_resolve.csv
