URI,Created,Works,Environment,Parent Collection,Url to collection online,Sheet Creator,Sheet Done,Date Created,Archipelago Collection,Notes,Errors
https://api.library.tamu.edu/fcrepo/rest/a6/f0/55/01/a6f05501-9312-4fd5-a167-f7ce2fa28ca6/com_class_rosters,2020-11-20T17:04:48.072000+00:00,34,prod,College of Medicine,,,,,,,
https://api.library.tamu.edu/fcrepo/rest/3b/6f/c3/25/3b6fc325-f6ca-41d8-b91e-8c5db3be8c13/charting-texas,2022-08-25T15:37:55.081000+00:00,58,prod,Cushing Collections,,,,,,,
https://api.library.tamu.edu/fcrepo/rest/3b/6f/c3/25/3b6fc325-f6ca-41d8-b91e-8c5db3be8c13/Stephen_Powys_Marks_London_Collection,2020-06-11T15:56:41.291000+00:00,11,prod,Cushing Collections,,,,,,,
https://api.library.tamu.edu/fcrepo/rest/3b/6f/c3/25/3b6fc325-f6ca-41d8-b91e-8c5db3be8c13/BasbanesEternalPassion,2024-10-15T21:04:02.645000+00:00,25,prod,Cushing Collections,,,,,,,
https://api.library.tamu.edu/fcrepo/rest/3b/6f/c3/25/3b6fc325-f6ca-41d8-b91e-8c5db3be8c13/london-collection,2020-06-11T20:26:13.019000+00:00,11,prod,Cushing Collections,,,,,,,
https://api.library.tamu.edu/fcrepo/rest/3b/6f/c3/25/3b6fc325-f6ca-41d8-b91e-8c5db3be8c13/basbanes-texts,2022-11-09T21:44:44.117000+00:00,25,prod,Cushing Collections,,,,,,,
https://api.library.tamu.edu/fcrepo/rest/3b/6f/c3/25/3b6fc325-f6ca-41d8-b91e-8c5db3be8c13/berger_cloonan_batch_a,2021-03-15T16:42:56.116000+00:00,433,prod,Cushing Collections,,,,,,,
https://api.library.tamu.edu/fcrepo/rest/3b/6f/c3/25/3b6fc325-f6ca-41d8-b91e-8c5db3be8c13/scifi-exhibit-2021,2023-06-05T16:30:19.214000+00:00,108,prod,Cushing Collections,,,,,,,
https://api.library.tamu.edu/fcrepo/rest/3b/6f/c3/25/3b6fc325-f6ca-41d8-b91e-8c5db3be8c13/fb/00/6c/bc/fb006cbc-d2e5-4fcb-9321-62b6385720d0,2022-05-12T20:04:08.126000+00:00,0,prod,Cushing Collections,,,,,,,
https://api.library.tamu.edu/fcrepo/rest/3b/6f/c3/25/3b6fc325-f6ca-41d8-b91e-8c5db3be8c13/berger_cloonan_batch_3,2021-06-16T14:12:13.032000+00:00,86,prod,Cushing Collections,,,,,,,
https://api.library.tamu.edu/fcrepo/rest/3b/6f/c3/25/3b6fc325-f6ca-41d8-b91e-8c5db3be8c13/berger_cloonan_batch_4,2021-06-16T14:58:22.318000+00:00,272,prod,Cushing Collections,,,,,,,
https://api.library.tamu.edu/fcrepo/rest/3b/6f/c3/25/3b6fc325-f6ca-41d8-b91e-8c5db3be8c13/cherokee-freedmen-corrected,2025-08-14T18:06:52.375000+00:00,176,prod,Cushing Collections,,,,,,,
https://api.library.tamu.edu/fcrepo/rest/3b/6f/c3/25/3b6fc325-f6ca-41d8-b91e-8c5db3be8c13/bryan-150,2021-07-08T21:12:33.845000+00:00,26,prod,Cushing Collections,https://spotlight.library.tamu.edu/spotlight/bryan-150-exhibit,Corina,https://docs.google.com/spreadsheets/d/1UbhlACZ7cDeD1hEVIOBOYX_KkwLITQIPP1MbgdmNO68/edit?usp=sharing,3-3-26,,,
https://api.library.tamu.edu/fcrepo/rest/3b/6f/c3/25/3b6fc325-f6ca-41d8-b91e-8c5db3be8c13/london-maps-batch-2,2023-11-13T21:01:52.045000+00:00,54,prod,Cushing Collections,,,,,,,
https://api.library.tamu.edu/fcrepo/rest/3b/6f/c3/25/3b6fc325-f6ca-41d8-b91e-8c5db3be8c13/alice_in_wonderland,2019-01-10T22:01:53.696000+00:00,28,prod,Cushing Collections,,,,,,,
https://api.library.tamu.edu/fcrepo/rest/3b/6f/c3/25/3b6fc325-f6ca-41d8-b91e-8c5db3be8c13/la_linda_poblana,2021-05-17T21:36:14.774000+00:00,114,prod,Cushing Collections,,,,,,,
https://api.library.tamu.edu/fcrepo/rest/3b/6f/c3/25/3b6fc325-f6ca-41d8-b91e-8c5db3be8c13/brazos-maps,2021-12-23T16:36:27.767000+00:00,90,prod,Cushing Collections,,,,,,,
https://api.library.tamu.edu/fcrepo/rest/3b/6f/c3/25/3b6fc325-f6ca-41d8-b91e-8c5db3be8c13/apfelbaum-ww1,2021-12-06T17:27:40.531000+00:00,415,prod,Cushing Collections,,,,,,,
https://api.library.tamu.edu/fcrepo/rest/3b/6f/c3/25/3b6fc325-f6ca-41d8-b91e-8c5db3be8c13/berger_cloonan,2020-11-19T20:26:39.426000+00:00,58,prod,Cushing Collections,,,,,,,
https://api.library.tamu.edu/fcrepo/rest/3b/6f/c3/25/3b6fc325-f6ca-41d8-b91e-8c5db3be8c13/houston_oil_company_minutes,2020-12-05T16:26:11.282000+00:00,321,prod,Cushing Collections,,,,,,,
https://api.library.tamu.edu/fcrepo/rest/3b/6f/c3/25/3b6fc325-f6ca-41d8-b91e-8c5db3be8c13/graydiary-saf,2025-10-22T20:48:58.105000+00:00,1,prod,Cushing Collections,,,,,,,
https://api.library.tamu.edu/fcrepo/rest/3b/6f/c3/25/3b6fc325-f6ca-41d8-b91e-8c5db3be8c13/cherokee-freedmen,2025-08-14T15:13:29.934000+00:00,176,prod,Cushing Collections,,,,,,,
https://api.library.tamu.edu/fcrepo/rest/3b/6f/c3/25/3b6fc325-f6ca-41d8-b91e-8c5db3be8c13/time_of_resolve,2020-11-19T22:32:27.134000+00:00,140,prod,Cushing Collections,,,,,,,
https://api.library.tamu.edu/fcrepo/rest/4a/7d/ff/c4/4a7dffc4-04ec-4e1f-8f9e-ac661b9f328d/cvm-batch-2,2022-12-21T15:34:09.098000+00:00,494,prod,College of Veterinary Medicine,,,,,,,
https://api.library.tamu.edu/fcrepo/rest/4a/7d/ff/c4/4a7dffc4-04ec-4e1f-8f9e-ac661b9f328d/cvm-batch-1,2022-02-11T22:35:57.594000+00:00,584,prod,College of Veterinary Medicine,,,,,,,
https://api.library.tamu.edu/fcrepo/rest/4a/7d/ff/c4/4a7dffc4-04ec-4e1f-8f9e-ac661b9f328d/cvm-batch-3,2023-02-17T16:21:32.822000+00:00,413,prod,College of Veterinary Medicine,,,,,,,
https://api.library.tamu.edu/fcrepo/rest/3b/6f/c3/25/3b6fc325-f6ca-41d8-b91e-8c5db3be8c13/fb/00/6c/bc/fb006cbc-d2e5-4fcb-9321-62b6385720d0/berger_cloonan_batch_6,2022-06-13T21:09:20.028000+00:00,373,prod,Berger Cloonan Private Collections,,,,,,,
https://api.library.tamu.edu/fcrepo/rest/3b/6f/c3/25/3b6fc325-f6ca-41d8-b91e-8c5db3be8c13/fb/00/6c/bc/fb006cbc-d2e5-4fcb-9321-62b6385720d0/berger_cloonan_batch_8,2022-06-22T13:34:36.771000+00:00,298,prod,Berger Cloonan Private Collections,,,,,,,
https://api.library.tamu.edu/fcrepo/rest/3b/6f/c3/25/3b6fc325-f6ca-41d8-b91e-8c5db3be8c13/fb/00/6c/bc/fb006cbc-d2e5-4fcb-9321-62b6385720d0/berger_cloonan_batch_5,2022-05-12T20:27:02.147000+00:00,1911,prod,Berger Cloonan Private Collections,,,,,,,
https://api.library.tamu.edu/fcrepo/rest/3b/6f/c3/25/3b6fc325-f6ca-41d8-b91e-8c5db3be8c13/fb/00/6c/bc/fb006cbc-d2e5-4fcb-9321-62b6385720d0/berger_cloonan_batch_7,2022-06-21T13:51:07.720000+00:00,152,prod,Berger Cloonan Private Collections,,,,,,,
https://api-pre.library.tamu.edu/fcrepo/rest/bb/97/f2/3e/bb97f23e-803a-4bd6-8406-06802623554c/cherokee_freedmen,2025-04-25T14:46:50.316000+00:00,176,pre,,,,,,,,
https://api-pre.library.tamu.edu/fcrepo/rest/bb/97/f2/3e/bb97f23e-803a-4bd6-8406-06802623554c/scifi-exhibit-2021-b%5B7%5D,2022-11-11T14:51:38.646000+00:00,1,pre,,,,,,,,
https://api-pre.library.tamu.edu/fcrepo/rest/bb/97/f2/3e/bb97f23e-803a-4bd6-8406-06802623554c/basbanes-texts%5B3%5D,2022-07-13T17:33:11.987000+00:00,1,pre,,,,,,,,
https://api-pre.library.tamu.edu/fcrepo/rest/bb/97/f2/3e/bb97f23e-803a-4bd6-8406-06802623554c/brazos-maps,2021-07-30T13:45:48.145000+00:00,90,pre,,,,,,,,
https://api-pre.library.tamu.edu/fcrepo/rest/bb/97/f2/3e/bb97f23e-803a-4bd6-8406-06802623554c/mcinnis,2025-12-18T20:59:35.980000+00:00,559,pre,,,,,,,,
https://api-pre.library.tamu.edu/fcrepo/rest/bb/97/f2/3e/bb97f23e-803a-4bd6-8406-06802623554c/berger_cloonan_first_58-2020-11-11%5B4%5D,2020-11-11T15:17:16.794000+00:00,1,pre,,,,,,,,
https://api-pre.library.tamu.edu/fcrepo/rest/bb/97/f2/3e/bb97f23e-803a-4bd6-8406-06802623554c/audrey-import,2025-05-15T17:28:32.436000+00:00,791,pre,,,,,,,,
https://api-pre.library.tamu.edu/fcrepo/rest/bb/97/f2/3e/bb97f23e-803a-4bd6-8406-06802623554c/scifi-exhibit-2021-b%5B4%5D,2022-11-11T14:51:38.602000+00:00,1,pre,,,,,,,,
https://api-pre.library.tamu.edu/fcrepo/rest/bb/97/f2/3e/bb97f23e-803a-4bd6-8406-06802623554c/sfrs,2025-07-18T17:31:10.464000+00:00,6,pre,,,,,,,,
https://api-pre.library.tamu.edu/fcrepo/rest/bb/97/f2/3e/bb97f23e-803a-4bd6-8406-06802623554c/cherokee-freedmen-fixed,2025-04-30T14:26:12.776000+00:00,176,pre,,,,,,,,
https://api-pre.library.tamu.edu/fcrepo/rest/bb/97/f2/3e/bb97f23e-803a-4bd6-8406-06802623554c/scifi-exhibit-2021%5B3%5D,2022-11-09T22:21:56.379000+00:00,1,pre,,,,,,,,
https://api-pre.library.tamu.edu/fcrepo/rest/bb/97/f2/3e/bb97f23e-803a-4bd6-8406-06802623554c/berger_cloonan_first_58-2020-11-11%5B2%5D,2020-11-11T15:17:16.340000+00:00,1,pre,,,,,,,,
https://api-pre.library.tamu.edu/fcrepo/rest/bb/97/f2/3e/bb97f23e-803a-4bd6-8406-06802623554c/londonmaps_public_domain-2020-04-17%5B4%5D,2020-04-17T16:53:50.049000+00:00,1,pre,,,,,,,,
https://api-pre.library.tamu.edu/fcrepo/rest/bb/97/f2/3e/bb97f23e-803a-4bd6-8406-06802623554c/brazos-150,2021-06-10T20:02:12.493000+00:00,26,pre,,,,,,,,
https://api-pre.library.tamu.edu/fcrepo/rest/bb/97/f2/3e/bb97f23e-803a-4bd6-8406-06802623554c/henry-test,2025-01-10T18:58:05.549000+00:00,14,pre,,,,,,,,
https://api-pre.library.tamu.edu/fcrepo/rest/bb/97/f2/3e/bb97f23e-803a-4bd6-8406-06802623554c/woellhof-2,2026-02-17T19:20:35.044000+00:00,13,pre,,,,,,,,
https://api-pre.library.tamu.edu/fcrepo/rest/bb/97/f2/3e/bb97f23e-803a-4bd6-8406-06802623554c/alice_in_wonderland_test_2,2019-01-10T20:40:01.209000+00:00,37,pre,,,,,,,,
https://api-pre.library.tamu.edu/fcrepo/rest/bb/97/f2/3e/bb97f23e-803a-4bd6-8406-06802623554c/basbanes-texts-2022-07-20,2022-07-20T14:24:55.873000+00:00,26,pre,,,,,,,,
https://api-pre.library.tamu.edu/fcrepo/rest/bb/97/f2/3e/bb97f23e-803a-4bd6-8406-06802623554c/scifi-exhibit-2021-b%5B10%5D,2022-11-11T14:51:38.668000+00:00,1,pre,,,,,,,,
https://api-pre.library.tamu.edu/fcrepo/rest/bb/97/f2/3e/bb97f23e-803a-4bd6-8406-06802623554c/berger_cloonan_public_domain-2020-07-30,2020-07-30T21:29:23.472000+00:00,1013,pre,,,,,,,,
https://api-pre.library.tamu.edu/fcrepo/rest/bb/97/f2/3e/bb97f23e-803a-4bd6-8406-06802623554c/londonmaps_public_domain-2020-04-15,2020-04-15T13:42:39.717000+00:00,1,pre,,,,,,,,
https://api-pre.library.tamu.edu/fcrepo/rest/bb/97/f2/3e/bb97f23e-803a-4bd6-8406-06802623554c/woellhof,2026-02-16T17:32:40.426000+00:00,8,pre,,,,,,,,
https://api-pre.library.tamu.edu/fcrepo/rest/bb/97/f2/3e/bb97f23e-803a-4bd6-8406-06802623554c/berger_cloonan_batch_3,2021-05-25T18:22:08.974000+00:00,86,pre,,,,,,,,
https://api-pre.library.tamu.edu/fcrepo/rest/bb/97/f2/3e/bb97f23e-803a-4bd6-8406-06802623554c/alice_in_wonderland,2018-10-16T14:49:09.184000+00:00,28,pre,,,,,,,,
https://api-pre.library.tamu.edu/fcrepo/rest/bb/97/f2/3e/bb97f23e-803a-4bd6-8406-06802623554c/corina-test,2025-06-10T21:25:14.471000+00:00,1,pre,,,,,,,,
https://api-pre.library.tamu.edu/fcrepo/rest/bb/97/f2/3e/bb97f23e-803a-4bd6-8406-06802623554c/scifi_initial,2025-03-06T15:59:24.892000+00:00,91,pre,,,,,,,,
https://api-pre.library.tamu.edu/fcrepo/rest/bb/97/f2/3e/bb97f23e-803a-4bd6-8406-06802623554c/lumpkin-papers,2025-12-12T22:42:44.978000+00:00,11,pre,,,,,,,,
https://api-pre.library.tamu.edu/fcrepo/rest/bb/97/f2/3e/bb97f23e-803a-4bd6-8406-06802623554c/berger_cloonan_first_58-2020-11-11%5B3%5D,2020-11-11T15:17:16.785000+00:00,1,pre,,,,,,,,
https://api-pre.library.tamu.edu/fcrepo/rest/bb/97/f2/3e/bb97f23e-803a-4bd6-8406-06802623554c/james-test-ingest-20251021,2025-10-21T22:36:44.637000+00:00,2,pre,,,,,,,,
https://api-pre.library.tamu.edu/fcrepo/rest/bb/97/f2/3e/bb97f23e-803a-4bd6-8406-06802623554c/graydiary-saf,2025-10-22T13:41:54.871000+00:00,1,pre,,,,,,,,
https://api-pre.library.tamu.edu/fcrepo/rest/bb/97/f2/3e/bb97f23e-803a-4bd6-8406-06802623554c/charting-texas-revised,2022-12-14T15:24:07.652000+00:00,68,pre,,,,,,,,
https://api-pre.library.tamu.edu/fcrepo/rest/bb/97/f2/3e/bb97f23e-803a-4bd6-8406-06802623554c/scifi-exhibit-2021-b%5B8%5D,2022-11-11T14:51:38.652000+00:00,1,pre,,,,,,,,
https://api-pre.library.tamu.edu/fcrepo/rest/bb/97/f2/3e/bb97f23e-803a-4bd6-8406-06802623554c/last_batch_for_pre,2025-03-27T13:14:19.022000+00:00,91,pre,,,,,,,,
https://api-pre.library.tamu.edu/fcrepo/rest/bb/97/f2/3e/bb97f23e-803a-4bd6-8406-06802623554c/quick-audrey,2025-06-13T21:15:03.189000+00:00,1,pre,,,,,,,,
https://api-pre.library.tamu.edu/fcrepo/rest/bb/97/f2/3e/bb97f23e-803a-4bd6-8406-06802623554c/londonmaps_public_domain-2020-04-17%5B2%5D,2020-04-17T16:53:48.666000+00:00,1,pre,,,,,,,,
https://api-pre.library.tamu.edu/fcrepo/rest/bb/97/f2/3e/bb97f23e-803a-4bd6-8406-06802623554c/scifi-exhibit-2021%5B9%5D,2022-11-09T22:21:56.411000+00:00,1,pre,,,,,,,,
https://api-pre.library.tamu.edu/fcrepo/rest/bb/97/f2/3e/bb97f23e-803a-4bd6-8406-06802623554c/apfelbaum-pre,2021-10-27T15:51:45.262000+00:00,415,pre,,,,,,,,
https://api-pre.library.tamu.edu/fcrepo/rest/bb/97/f2/3e/bb97f23e-803a-4bd6-8406-06802623554c/scifi-exhibit-2021,2022-11-09T22:21:56.331000+00:00,1,pre,,,,,,,,
https://api-pre.library.tamu.edu/fcrepo/rest/bb/97/f2/3e/bb97f23e-803a-4bd6-8406-06802623554c/scifi-exhibit-2021-b,2022-11-11T14:51:38.577000+00:00,1,pre,,,,,,,,
https://api-pre.library.tamu.edu/fcrepo/rest/bb/97/f2/3e/bb97f23e-803a-4bd6-8406-06802623554c/basbanes-exhibit-texts-20240924,2024-09-24T16:49:01.566000+00:00,25,pre,,,,,,,,
https://api-pre.library.tamu.edu/fcrepo/rest/bb/97/f2/3e/bb97f23e-803a-4bd6-8406-06802623554c/a-time-of-resolve-2020-09-22,2020-09-23T01:35:24.929000+00:00,140,pre,,,,,,,,
https://api-pre.library.tamu.edu/fcrepo/rest/bb/97/f2/3e/bb97f23e-803a-4bd6-8406-06802623554c/londonmaps_public_domain-2020-04-17%5B3%5D,2020-04-17T16:53:48.672000+00:00,1,pre,,,,,,,,
https://api-pre.library.tamu.edu/fcrepo/rest/bb/97/f2/3e/bb97f23e-803a-4bd6-8406-06802623554c/saf-output,2025-07-14T13:37:01.986000+00:00,50,pre,,,,,,,,
https://api-pre.library.tamu.edu/fcrepo/rest/bb/97/f2/3e/bb97f23e-803a-4bd6-8406-06802623554c/scifi-exhibit-2021-b%5B9%5D,2022-11-11T14:51:38.660000+00:00,1,pre,,,,,,,,
https://api-pre.library.tamu.edu/fcrepo/rest/bb/97/f2/3e/bb97f23e-803a-4bd6-8406-06802623554c/scifi-exhibit-2021%5B6%5D,2022-11-09T22:21:56.408000+00:00,1,pre,,,,,,,,
https://api-pre.library.tamu.edu/fcrepo/rest/bb/97/f2/3e/bb97f23e-803a-4bd6-8406-06802623554c/aerial,2025-08-06T17:21:54.924000+00:00,2,pre,,,,,,,,
https://api-pre.library.tamu.edu/fcrepo/rest/bb/97/f2/3e/bb97f23e-803a-4bd6-8406-06802623554c/scifi-exhibit-2021%5B8%5D,2022-11-09T22:21:56.394000+00:00,1,pre,,,,,,,,
https://api-pre.library.tamu.edu/fcrepo/rest/bb/97/f2/3e/bb97f23e-803a-4bd6-8406-06802623554c/londonmaps_public_domain-2020-04-15%5B4%5D,2020-04-15T13:42:39.717000+00:00,1,pre,,,,,,,,
https://api-pre.library.tamu.edu/fcrepo/rest/bb/97/f2/3e/bb97f23e-803a-4bd6-8406-06802623554c/e7/b2/e8/91/e7b2e891-7db7-4584-890c-3310c9a90456,2018-12-18T17:15:26.333000+00:00,0,pre,,,,,,,,
https://api-pre.library.tamu.edu/fcrepo/rest/bb/97/f2/3e/bb97f23e-803a-4bd6-8406-06802623554c/woellhof-3,2026-02-17T21:49:13.198000+00:00,8,pre,,,,,,,,
https://api-pre.library.tamu.edu/fcrepo/rest/bb/97/f2/3e/bb97f23e-803a-4bd6-8406-06802623554c/alice_in_wonderland_test_3,2019-01-10T21:09:31.331000+00:00,28,pre,,,,,,,,
https://api-pre.library.tamu.edu/fcrepo/rest/bb/97/f2/3e/bb97f23e-803a-4bd6-8406-06802623554c/batch-service-maps-tests,2024-11-05T19:04:34.538000+00:00,141,pre,,,,,,,,
https://api-pre.library.tamu.edu/fcrepo/rest/bb/97/f2/3e/bb97f23e-803a-4bd6-8406-06802623554c/cole-papers,2025-12-15T20:58:31.229000+00:00,26,pre,,,,,,,,
https://api-pre.library.tamu.edu/fcrepo/rest/bb/97/f2/3e/bb97f23e-803a-4bd6-8406-06802623554c/basbanes-texts,2022-07-13T17:33:11.450000+00:00,1,pre,,,,,,,,
https://api-pre.library.tamu.edu/fcrepo/rest/bb/97/f2/3e/bb97f23e-803a-4bd6-8406-06802623554c/berger_cloonan_batch_4,2021-06-03T00:58:30.060000+00:00,272,pre,,,,,,,,
https://api-pre.library.tamu.edu/fcrepo/rest/bb/97/f2/3e/bb97f23e-803a-4bd6-8406-06802623554c/scifi-exhibit-2021%5B5%5D,2022-11-09T22:21:56.385000+00:00,1,pre,,,,,,,,
https://api-pre.library.tamu.edu/fcrepo/rest/bb/97/f2/3e/bb97f23e-803a-4bd6-8406-06802623554c/20/d5/bc/11/20d5bc11-1f51-487c-8ef6-00a5ece451aa,2022-01-26T22:34:57.874000+00:00,0,pre,,,,,,,,
https://api-pre.library.tamu.edu/fcrepo/rest/bb/97/f2/3e/bb97f23e-803a-4bd6-8406-06802623554c/mark-kevin-james-test-collection-20240924,2024-09-24T20:03:31.385000+00:00,11,pre,,,,,,,,
https://api-pre.library.tamu.edu/fcrepo/rest/bb/97/f2/3e/bb97f23e-803a-4bd6-8406-06802623554c/scifi-exhibit-2021%5B4%5D,2022-11-09T22:21:56.314000+00:00,1,pre,,,,,,,,
https://api-pre.library.tamu.edu/fcrepo/rest/bb/97/f2/3e/bb97f23e-803a-4bd6-8406-06802623554c/cherokee-cant-reindex,2025-06-20T19:48:26.756000+00:00,176,pre,,,,,,,,
https://api-pre.library.tamu.edu/fcrepo/rest/bb/97/f2/3e/bb97f23e-803a-4bd6-8406-06802623554c/scifi-exhibit-2021-b%5B6%5D,2022-11-11T14:51:38.621000+00:00,1,pre,,,,,,,,
https://api-pre.library.tamu.edu/fcrepo/rest/bb/97/f2/3e/bb97f23e-803a-4bd6-8406-06802623554c/londonmaps_public_domain-2020-04-17,2020-04-17T16:53:48.672000+00:00,1,pre,,,,,,,,
https://api-pre.library.tamu.edu/fcrepo/rest/bb/97/f2/3e/bb97f23e-803a-4bd6-8406-06802623554c/londonmaps_public_domain-2020-04-15%5B3%5D,2020-04-15T13:42:39.717000+00:00,1,pre,,,,,,,,
https://api-pre.library.tamu.edu/fcrepo/rest/bb/97/f2/3e/bb97f23e-803a-4bd6-8406-06802623554c/seeklight-out,2025-06-20T20:24:50.596000+00:00,6,pre,,,,,,,,
https://api-pre.library.tamu.edu/fcrepo/rest/bb/97/f2/3e/bb97f23e-803a-4bd6-8406-06802623554c/sesquicentennial,2025-08-04T20:21:03.905000+00:00,69,pre,,,,,,,,
https://api-pre.library.tamu.edu/fcrepo/rest/bb/97/f2/3e/bb97f23e-803a-4bd6-8406-06802623554c/londonmaps_public_domain-2020-04-15%5B2%5D,2020-04-15T13:42:39.717000+00:00,1,pre,,,,,,,,
https://api-pre.library.tamu.edu/fcrepo/rest/bb/97/f2/3e/bb97f23e-803a-4bd6-8406-06802623554c/scifi-exhibit-2021%5B10%5D,2022-11-09T22:21:56.418000+00:00,1,pre,,,,,,,,
https://api-pre.library.tamu.edu/fcrepo/rest/bb/97/f2/3e/bb97f23e-803a-4bd6-8406-06802623554c/scifi-exhibit-2021-b%5B5%5D,2022-11-11T14:51:38.610000+00:00,1,pre,,,,,,,,
https://api-pre.library.tamu.edu/fcrepo/rest/bb/97/f2/3e/bb97f23e-803a-4bd6-8406-06802623554c/kev-quick,2025-02-10T22:00:55.130000+00:00,1,pre,,,,,,,,
https://api-pre.library.tamu.edu/fcrepo/rest/bb/97/f2/3e/bb97f23e-803a-4bd6-8406-06802623554c/basbanes-texts%5B2%5D,2022-07-13T17:33:11.460000+00:00,1,pre,,,,,,,,
https://api-pre.library.tamu.edu/fcrepo/rest/bb/97/f2/3e/bb97f23e-803a-4bd6-8406-06802623554c/scifi-exhibit-2021-b%5B3%5D,2022-11-11T14:51:38.582000+00:00,1,pre,,,,,,,,
https://api-pre.library.tamu.edu/fcrepo/rest/bb/97/f2/3e/bb97f23e-803a-4bd6-8406-06802623554c/sci_fi_temp_batch_2,2025-03-25T21:15:40.739000+00:00,79,pre,,,,,,,,
https://api-pre.library.tamu.edu/fcrepo/rest/bb/97/f2/3e/bb97f23e-803a-4bd6-8406-06802623554c/scifi-exhibit-2021-b%5B2%5D,2022-11-11T14:51:38.578000+00:00,1,pre,,,,,,,,
https://api-pre.library.tamu.edu/fcrepo/rest/bb/97/f2/3e/bb97f23e-803a-4bd6-8406-06802623554c/charting-texas,2022-08-19T14:26:55.942000+00:00,58,pre,,,,,,,,
https://api-pre.library.tamu.edu/fcrepo/rest/bb/97/f2/3e/bb97f23e-803a-4bd6-8406-06802623554c/london-maps-pre-1,2019-07-16T20:44:46.664000+00:00,3,pre,,,,,,,,
https://api-pre.library.tamu.edu/fcrepo/rest/bb/97/f2/3e/bb97f23e-803a-4bd6-8406-06802623554c/berger_cloonan_first_58-2020-11-11,2020-11-11T15:17:16.074000+00:00,1,pre,,,,,,,,
https://api-pre.library.tamu.edu/fcrepo/rest/bb/97/f2/3e/bb97f23e-803a-4bd6-8406-06802623554c/scifi-exhibit-2021%5B2%5D,2022-11-09T22:21:56.362000+00:00,1,pre,,,,,,,,
https://api-pre.library.tamu.edu/fcrepo/rest/bb/97/f2/3e/bb97f23e-803a-4bd6-8406-06802623554c/london-maps-2-2023-08-09,2023-08-09T20:40:39.506000+00:00,54,pre,,,,,,,,
https://api-pre.library.tamu.edu/fcrepo/rest/bb/97/f2/3e/bb97f23e-803a-4bd6-8406-06802623554c/berger_cloonan_batch_a,2021-03-03T20:28:51.283000+00:00,426,pre,,,,,,,,
https://api-pre.library.tamu.edu/fcrepo/rest/bb/97/f2/3e/bb97f23e-803a-4bd6-8406-06802623554c/berger_cloonan_first_58-2020-07-30,2020-11-09T20:44:04.924000+00:00,57,pre,,,,,,,,
https://api-pre.library.tamu.edu/fcrepo/rest/bb/97/f2/3e/bb97f23e-803a-4bd6-8406-06802623554c/scifi-exhibit-2021%5B7%5D,2022-11-09T22:21:56.389000+00:00,1,pre,,,,,,,,
https://api-pre.library.tamu.edu/fcrepo/rest/5d/55/f9/80/5d55f980-a60b-45c2-b10c-2aacd40f34a8/scifi-exhibit-2021-pass-c%5B8%5D,2022-11-11T15:43:14.816000+00:00,1,pre,,,,,,,,
https://api-pre.library.tamu.edu/fcrepo/rest/5d/55/f9/80/5d55f980-a60b-45c2-b10c-2aacd40f34a8/scifi-exhibit-2021-pass-c%5B9%5D,2022-11-11T15:43:14.805000+00:00,1,pre,,,,,,,,
https://api-pre.library.tamu.edu/fcrepo/rest/5d/55/f9/80/5d55f980-a60b-45c2-b10c-2aacd40f34a8/scifi-exhibit-2021-pass-f,2022-11-16T21:55:21.949000+00:00,107,pre,,,,,,,,
https://api-pre.library.tamu.edu/fcrepo/rest/5d/55/f9/80/5d55f980-a60b-45c2-b10c-2aacd40f34a8/scifi-exhibit-2021-pass-f-stragglers2,2022-11-22T17:08:07.085000+00:00,4,pre,,,,,,,,
https://api-pre.library.tamu.edu/fcrepo/rest/5d/55/f9/80/5d55f980-a60b-45c2-b10c-2aacd40f34a8/scifi-exhibit-2021-pass-d%5B6%5D,2022-11-11T16:45:55.906000+00:00,1,pre,,,,,,,,
https://api-pre.library.tamu.edu/fcrepo/rest/5d/55/f9/80/5d55f980-a60b-45c2-b10c-2aacd40f34a8/26/a4/ad/8b/26a4ad8b-6709-4e6f-a030-f8628d291696,2022-04-08T14:52:10.816000+00:00,0,pre,,,,,,,,
https://api-pre.library.tamu.edu/fcrepo/rest/5d/55/f9/80/5d55f980-a60b-45c2-b10c-2aacd40f34a8/scifi-exhibit-2021-pass-d%5B3%5D,2022-11-11T16:45:55.871000+00:00,1,pre,,,,,,,,
https://api-pre.library.tamu.edu/fcrepo/rest/5d/55/f9/80/5d55f980-a60b-45c2-b10c-2aacd40f34a8/scifi-exhibit-2021-pass-d%5B9%5D,2022-11-11T16:45:55.913000+00:00,1,pre,,,,,,,,
https://api-pre.library.tamu.edu/fcrepo/rest/5d/55/f9/80/5d55f980-a60b-45c2-b10c-2aacd40f34a8/scifi-exhibit-2021-pass-d%5B8%5D,2022-11-11T16:45:55.909000+00:00,1,pre,,,,,,,,
https://api-pre.library.tamu.edu/fcrepo/rest/5d/55/f9/80/5d55f980-a60b-45c2-b10c-2aacd40f34a8/scifi-exhibit-2021-pass-c,2022-11-11T15:43:14.773000+00:00,1,pre,,,,,,,,
https://api-pre.library.tamu.edu/fcrepo/rest/5d/55/f9/80/5d55f980-a60b-45c2-b10c-2aacd40f34a8/scifi-exhibit-2021-pass-d,2022-11-11T16:45:55.862000+00:00,1,pre,,,,,,,,
https://api-pre.library.tamu.edu/fcrepo/rest/5d/55/f9/80/5d55f980-a60b-45c2-b10c-2aacd40f34a8/scifi-exhibit-2021-pass-c%5B10%5D,2022-11-11T15:43:14.857000+00:00,1,pre,,,,,,,,
https://api-pre.library.tamu.edu/fcrepo/rest/5d/55/f9/80/5d55f980-a60b-45c2-b10c-2aacd40f34a8/scifi-exhibit-2021-pass-c%5B5%5D,2022-11-11T15:43:14.792000+00:00,1,pre,,,,,,,,
https://api-pre.library.tamu.edu/fcrepo/rest/5d/55/f9/80/5d55f980-a60b-45c2-b10c-2aacd40f34a8/scifi-exhibit-2021-pass-d%5B5%5D,2022-11-11T16:45:55.899000+00:00,1,pre,,,,,,,,
https://api-pre.library.tamu.edu/fcrepo/rest/5d/55/f9/80/5d55f980-a60b-45c2-b10c-2aacd40f34a8/scifi-exhibit-2021-pass-c%5B2%5D,2022-11-11T15:43:14.773000+00:00,1,pre,,,,,,,,
https://api-pre.library.tamu.edu/fcrepo/rest/5d/55/f9/80/5d55f980-a60b-45c2-b10c-2aacd40f34a8/scifi-exhibit-2021-pass-d%5B10%5D,2022-11-11T16:45:55.909000+00:00,1,pre,,,,,,,,
https://api-pre.library.tamu.edu/fcrepo/rest/5d/55/f9/80/5d55f980-a60b-45c2-b10c-2aacd40f34a8/96/96/eb/99/9696eb99-00fc-49fd-96fa-d42bf3d7f298,2021-11-09T17:16:15.442000+00:00,0,pre,,,,,,,,
https://api-pre.library.tamu.edu/fcrepo/rest/5d/55/f9/80/5d55f980-a60b-45c2-b10c-2aacd40f34a8/scifi-exhibit-2021-pass-c%5B6%5D,2022-11-11T15:43:14.831000+00:00,1,pre,,,,,,,,
https://api-pre.library.tamu.edu/fcrepo/rest/5d/55/f9/80/5d55f980-a60b-45c2-b10c-2aacd40f34a8/scifi-exhibit-2021-pass-d%5B2%5D,2022-11-11T16:45:55.887000+00:00,1,pre,,,,,,,,
https://api-pre.library.tamu.edu/fcrepo/rest/5d/55/f9/80/5d55f980-a60b-45c2-b10c-2aacd40f34a8/scifi-exhibit-2021-pass-c%5B3%5D,2022-11-11T15:43:14.775000+00:00,1,pre,,,,,,,,
https://api-pre.library.tamu.edu/fcrepo/rest/5d/55/f9/80/5d55f980-a60b-45c2-b10c-2aacd40f34a8/scifi-exhibit-2021-pass-c%5B7%5D,2022-11-11T15:43:14.830000+00:00,1,pre,,,,,,,,
https://api-pre.library.tamu.edu/fcrepo/rest/5d/55/f9/80/5d55f980-a60b-45c2-b10c-2aacd40f34a8/scifi-exhibit-2021-pass-c%5B4%5D,2022-11-11T15:43:14.782000+00:00,1,pre,,,,,,,,
https://api-pre.library.tamu.edu/fcrepo/rest/5d/55/f9/80/5d55f980-a60b-45c2-b10c-2aacd40f34a8/scifi-exhibit-2021-pass-d%5B4%5D,2022-11-11T16:45:55.899000+00:00,1,pre,,,,,,,,
https://api-pre.library.tamu.edu/fcrepo/rest/5d/55/f9/80/5d55f980-a60b-45c2-b10c-2aacd40f34a8/scifi-exhibit-2021-pass-d%5B7%5D,2022-11-11T16:45:55.908000+00:00,1,pre,,,,,,,,