fedora_created,fedora_hasParent,dcterms_created,dc_type,tamudigital_local/details,ldp_contains,dc_subject,dcterms_extent,fedora_writable,fedora_lastModifiedBy,dc_title,dc_identifier,fedora_lastModified,dc_rights,dcterms_medium,dcterms_accessRights,dc_publisher,fedora_createdBy,dcterms_type,dc_format,files,dc_creator,dcterms_spatial,dc_relation,dc_contributor
2020-11-09T20:45:45.965000+00:00,https://api-pre.library.tamu.edu/fcrepo/rest/bb/97/f2/3e/bb97f23e-803a-4bd6-8406-06802623554c/berger_cloonan_first_58-2020-07-30_objects,1780 [?],Gold gilt papers|art reproduction,"Surface application; Printed; P4.D6.F1; Overall pattern depicts 2 rows of 4 saints each; gold over red paste background; ""Ecce homo St. Joseph; Sta Maria; Jesus Christus; St. Petrus; St. Matthaeus; St. Simon; St. Sebastian""; Section(s) from the Decorated and Decorative Paper Terms Thesaurus: VIII.H.1.d.1; Not signed. Not stamped.",https://api-pre.library.tamu.edu/fcrepo/rest/bb/97/f2/3e/bb97f23e-803a-4bd6-8406-06802623554c/berger_cloonan_first_58-2020-07-30_objects/40/orderProxies|https://api-pre.library.tamu.edu/fcrepo/rest/bb/97/f2/3e/bb97f23e-803a-4bd6-8406-06802623554c/berger_cloonan_first_58-2020-07-30_objects/40/pages,Decorative paper,"1 sheet of red, gold and off-white Dutch gilt paper; 13.25 x 15.75 in.",false,fedoraAdmin,Berger-Cloonan #12280,12280,2020-11-09T20:45:45.965000+00:00,"No copyright - United States; For more information, see:  http://rightsstatements.org/vocab/NoC-US/1.0/",Paper,Openly accessible,Texas A & M University. Libraries,fedoraAdmin,StillImage,reformatted digital,https://api-pre.library.tamu.edu/fcrepo/rest/bb/97/f2/3e/bb97f23e-803a-4bd6-8406-06802623554c/berger_cloonan_first_58-2020-07-30_objects/40/pages/page_0/files/12280.jpg,,,,
2020-11-09T20:44:47.322000+00:00,https://api-pre.library.tamu.edu/fcrepo/rest/bb/97/f2/3e/bb97f23e-803a-4bd6-8406-06802623554c/berger_cloonan_first_58-2020-07-30_objects,Circa 1790,Gold gilt papers|art reproduction|Laid lines,"Distribution of fibers; Surface application; Laid; Printed; P4.D6.F1; Overall pattern of floral and fruit design; gold stamped over orange and blue diamond; 4 borders; laid paper; Contained in clear plastic sleeve with #12289; Not in Haemmerle; Sidney E. Berger and Michele V. Cloonan purchased the sheet from Margolis and Moss Books in Santa Fe, New Mexico circa 2004.; Section(s) from the Decorated and Decorative Paper Terms Thesaurus: II.E; VIII.H.1.d.1; Not signed. Not stamped.; Center fold line",https://api-pre.library.tamu.edu/fcrepo/rest/bb/97/f2/3e/bb97f23e-803a-4bd6-8406-06802623554c/berger_cloonan_first_58-2020-07-30_objects/50/pages|https://api-pre.library.tamu.edu/fcrepo/rest/bb/97/f2/3e/bb97f23e-803a-4bd6-8406-06802623554c/berger_cloonan_first_58-2020-07-30_objects/50/orderProxies,Decorative paper,"1 sheet of orange, blue, yellow, gold and off-white Dutch gilt paper; 14.00 x 16.50 in.",false,fedoraAdmin,Berger-Cloonan #12290,12290,2020-11-09T20:44:47.322000+00:00,"No copyright - United States; For more information, see:  http://rightsstatements.org/vocab/NoC-US/1.0/",Paper,Openly accessible,Texas A & M University. Libraries,fedoraAdmin,StillImage,reformatted digital,https://api-pre.library.tamu.edu/fcrepo/rest/bb/97/f2/3e/bb97f23e-803a-4bd6-8406-06802623554c/berger_cloonan_first_58-2020-07-30_objects/50/pages/page_0/files/12290.jpg,"Reymund, Paul",,,
2020-11-09T20:45:45.144000+00:00,https://api-pre.library.tamu.edu/fcrepo/rest/bb/97/f2/3e/bb97f23e-803a-4bd6-8406-06802623554c/berger_cloonan_first_58-2020-07-30_objects,1782,Gold gilt papers|art reproduction|Laid lines,"Distribution of fibers; Surface application; Laid; Printed; P4.D6.F1; Overall pattern depicts 6 rows of various soldiers, farmers, carriages, etc.; pale green paste background; 4 light borders; laid paper; Inscription original piece: ""1782 in Augspurg bei Johann Carl Munck No. 22""; Contained in clear plastic sleeve along with another sheet of Dutch gilt; See Haemmerle #224; Sidney E. Berger and Michele V. Cloonan purchased the sheet at the Los Angeles County Book Fair on 02/14/1998.; Section(s) from the Decorated and Decorative Paper Terms Thesaurus: II.E; VIII.H.1.d.1; Not signed. Stamped.; Center fold line; stains on recto and verso; creased; most gold missing",https://api-pre.library.tamu.edu/fcrepo/rest/bb/97/f2/3e/bb97f23e-803a-4bd6-8406-06802623554c/berger_cloonan_first_58-2020-07-30_objects/37/pages|https://api-pre.library.tamu.edu/fcrepo/rest/bb/97/f2/3e/bb97f23e-803a-4bd6-8406-06802623554c/berger_cloonan_first_58-2020-07-30_objects/37/orderProxies,Decorative paper,1 sheet of light green and off-white Dutch gilt paper; 13.50 x 16.75 in.,false,fedoraAdmin,Berger-Cloonan #12277,12277,2020-11-09T20:45:45.144000+00:00,"No copyright - United States; For more information, see:  http://rightsstatements.org/vocab/NoC-US/1.0/",Paper,Openly accessible,Texas A & M University. Libraries,fedoraAdmin,StillImage,reformatted digital,https://api-pre.library.tamu.edu/fcrepo/rest/bb/97/f2/3e/bb97f23e-803a-4bd6-8406-06802623554c/berger_cloonan_first_58-2020-07-30_objects/37/pages/page_0/files/12277.jpg,"Munck, Johann Carl","Augsburg, Germany",,
2020-11-09T20:46:01.692000+00:00,https://api-pre.library.tamu.edu/fcrepo/rest/bb/97/f2/3e/bb97f23e-803a-4bd6-8406-06802623554c/berger_cloonan_first_58-2020-07-30_objects,Circa 1775 [?],art reproduction|Gold gilt papers|Laid lines,Distribution of fibers; Surface application; Laid; Printed; P4.D6.F1; Overall pattern with 4 rows of 8 saints each; gold over teal blue paste; 4 borders; laid paper; Contained in clear plastic sleeve; See Haemmerle #657a anonymous; Sidney E. Berger and Michele V. Cloonan purchased the sheet.; Section(s) from the Decorated and Decorative Paper Terms Thesaurus: II.E; VIII.H.1.d.1; Not signed. Not stamped.; Center fold line,https://api-pre.library.tamu.edu/fcrepo/rest/bb/97/f2/3e/bb97f23e-803a-4bd6-8406-06802623554c/berger_cloonan_first_58-2020-07-30_objects/55/orderProxies|https://api-pre.library.tamu.edu/fcrepo/rest/bb/97/f2/3e/bb97f23e-803a-4bd6-8406-06802623554c/berger_cloonan_first_58-2020-07-30_objects/55/pages,Decorative paper,"1 sheet of teal blue, gold and off-white Dutch gilt paper; 13.50 x 15.50 in.",false,fedoraAdmin,Berger-Cloonan #12298,12298,2020-11-09T20:46:01.692000+00:00,"No copyright - United States; For more information, see:  http://rightsstatements.org/vocab/NoC-US/1.0/",Paper,Openly accessible,Texas A & M University. Libraries,fedoraAdmin,StillImage,reformatted digital,https://api-pre.library.tamu.edu/fcrepo/rest/bb/97/f2/3e/bb97f23e-803a-4bd6-8406-06802623554c/berger_cloonan_first_58-2020-07-30_objects/55/pages/page_0/files/12298.jpg,,,,
2020-11-09T20:45:26.217000+00:00,https://api-pre.library.tamu.edu/fcrepo/rest/bb/97/f2/3e/bb97f23e-803a-4bd6-8406-06802623554c/berger_cloonan_first_58-2020-07-30_objects,18th century-19th century,Stormont marbled papers|art reproduction,"Surface application; Marbled; M4.D1.F6; Previously used as an endpaper in a bookbinding; Inscription original piece: ""Gloucester, probably late 18, early 19th c."", ""7."", ""542/ 4 rok""; Section(s) from the Decorated and Decorative Paper Terms Thesaurus: VIII.F.4.g; Not signed. Not stamped. Stickered. Not embossed.; Portion of identifying sticker missing",https://api-pre.library.tamu.edu/fcrepo/rest/bb/97/f2/3e/bb97f23e-803a-4bd6-8406-06802623554c/berger_cloonan_first_58-2020-07-30_objects/24/orderProxies|https://api-pre.library.tamu.edu/fcrepo/rest/bb/97/f2/3e/bb97f23e-803a-4bd6-8406-06802623554c/berger_cloonan_first_58-2020-07-30_objects/24/pages,Marbled papers,"1 sheet of blue, yellow, green, black, pink and white marbled paper; 9.00 x 15.00  in.",false,fedoraAdmin,Gloucester (Berger-Cloonan #1524),1524,2020-11-09T20:45:26.217000+00:00,"No copyright - United States; For more information, see:  http://rightsstatements.org/vocab/NoC-US/1.0/",Paper,Openly accessible,Texas A & M University. Libraries,fedoraAdmin,StillImage,reformatted digital,https://api-pre.library.tamu.edu/fcrepo/rest/bb/97/f2/3e/bb97f23e-803a-4bd6-8406-06802623554c/berger_cloonan_first_58-2020-07-30_objects/24/pages/page_0/files/01524.jpg,,,,
2020-11-09T20:45:25.679000+00:00,https://api-pre.library.tamu.edu/fcrepo/rest/bb/97/f2/3e/bb97f23e-803a-4bd6-8406-06802623554c/berger_cloonan_first_58-2020-07-30_objects,19th century,art reproduction|nonpareil marbled paper|Non pareil marbled papers,Surface application; Marbled; M4.D1.F6; Previously used as an endpaper in a bookbinding; heavy weight paper; Section(s) from the Decorated and Decorative Paper Terms Thesaurus: VIII.F.1.e; Not signed. Not stamped. Not stickered. Not embossed.; Slightly torn along edges,https://api-pre.library.tamu.edu/fcrepo/rest/bb/97/f2/3e/bb97f23e-803a-4bd6-8406-06802623554c/berger_cloonan_first_58-2020-07-30_objects/22/pages|https://api-pre.library.tamu.edu/fcrepo/rest/bb/97/f2/3e/bb97f23e-803a-4bd6-8406-06802623554c/berger_cloonan_first_58-2020-07-30_objects/22/orderProxies,Marbled papers,"1 sheet of red, blue, black, yellow and white marbled paper; 5.75 x 9.00 in.",false,fedoraAdmin,Berger-Cloonan #1522,1522,2020-11-09T20:45:25.679000+00:00,"No copyright - United States; For more information, see:  http://rightsstatements.org/vocab/NoC-US/1.0/",Paper,Openly accessible,Texas A & M University. Libraries,fedoraAdmin,StillImage,reformatted digital,https://api-pre.library.tamu.edu/fcrepo/rest/bb/97/f2/3e/bb97f23e-803a-4bd6-8406-06802623554c/berger_cloonan_first_58-2020-07-30_objects/22/pages/page_0/files/01522.jpg,,,,
2020-11-09T20:45:06.582000+00:00,https://api-pre.library.tamu.edu/fcrepo/rest/bb/97/f2/3e/bb97f23e-803a-4bd6-8406-06802623554c/berger_cloonan_first_58-2020-07-30_objects,19th century,Non pareil marbled papers|art reproduction|nonpareil marbled paper,Surface application; Marbled; M4.D1.F6; Previously used as an endpaper in a bookbinding; Section(s) from the Decorated and Decorative Paper Terms Thesaurus: VIII.F.1.e; Not signed. Not stamped. Not stickered. Not embossed.,https://api-pre.library.tamu.edu/fcrepo/rest/bb/97/f2/3e/bb97f23e-803a-4bd6-8406-06802623554c/berger_cloonan_first_58-2020-07-30_objects/8/pages|https://api-pre.library.tamu.edu/fcrepo/rest/bb/97/f2/3e/bb97f23e-803a-4bd6-8406-06802623554c/berger_cloonan_first_58-2020-07-30_objects/8/orderProxies,Marbled papers,"1 sheet of yellow, blue, maroon and white marbled paper; 5.25 x 8.50 in.",false,fedoraAdmin,Berger-Cloonan #1504,1504,2020-11-09T20:45:06.582000+00:00,"No copyright - United States; For more information, see:  http://rightsstatements.org/vocab/NoC-US/1.0/",Paper,Openly accessible,Texas A & M University. Libraries,fedoraAdmin,StillImage,reformatted digital,https://api-pre.library.tamu.edu/fcrepo/rest/bb/97/f2/3e/bb97f23e-803a-4bd6-8406-06802623554c/berger_cloonan_first_58-2020-07-30_objects/8/pages/page_0/files/01504.jpg,,,,
2020-11-09T20:44:26.203000+00:00,https://api-pre.library.tamu.edu/fcrepo/rest/bb/97/f2/3e/bb97f23e-803a-4bd6-8406-06802623554c/berger_cloonan_first_58-2020-07-30_objects,19th century,Non pareil marbled papers|art reproduction|nonpareil marbled paper,Surface application; Marbled; M4.D1.F6; Previously used as an endpaper in a bookbinding; heavy weight paper; Section(s) from the Decorated and Decorative Paper Terms Thesaurus: VIII.F.1.e; Not signed. Not stamped. Not stickered. Not embossed.; Small tear along edge,https://api-pre.library.tamu.edu/fcrepo/rest/bb/97/f2/3e/bb97f23e-803a-4bd6-8406-06802623554c/berger_cloonan_first_58-2020-07-30_objects/16/pages|https://api-pre.library.tamu.edu/fcrepo/rest/bb/97/f2/3e/bb97f23e-803a-4bd6-8406-06802623554c/berger_cloonan_first_58-2020-07-30_objects/16/orderProxies,Marbled papers,"1 sheet of maroon, blue, black, brown, yellow and white marbled paper; 5.50 x 8.25  in.",false,fedoraAdmin,Berger-Cloonan #1516,1516,2020-11-09T20:44:26.203000+00:00,"No copyright - United States; For more information, see:  http://rightsstatements.org/vocab/NoC-US/1.0/",Paper,Openly accessible,Texas A & M University. Libraries,fedoraAdmin,StillImage,reformatted digital,https://api-pre.library.tamu.edu/fcrepo/rest/bb/97/f2/3e/bb97f23e-803a-4bd6-8406-06802623554c/berger_cloonan_first_58-2020-07-30_objects/16/pages/page_0/files/01516.jpg,,,,
2020-11-09T20:44:47.546000+00:00,https://api-pre.library.tamu.edu/fcrepo/rest/bb/97/f2/3e/bb97f23e-803a-4bd6-8406-06802623554c/berger_cloonan_first_58-2020-07-30_objects,19th century,art reproduction|Oil on water marbled papers,Surface application; Marbled; M5.D3.F9; Glossy finish; striking colors; Frederik Muller donated the sheet to Sidney E. Berger and Michele V. Cloonan in 2008.  Sidney E. Berger met Frederik Muller at the Antiquarian Booksellers Association of America (ABAA) Book Fair in Boston that same year.; Section(s) from the Decorated and Decorative Paper Terms Thesaurus: VIII.F.1.f; Not signed. Not stamped.; Marbling color on  side edges on verso; creased; torn; wrinkled; black marks on verso,https://api-pre.library.tamu.edu/fcrepo/rest/bb/97/f2/3e/bb97f23e-803a-4bd6-8406-06802623554c/berger_cloonan_first_58-2020-07-30_objects/32/pages|https://api-pre.library.tamu.edu/fcrepo/rest/bb/97/f2/3e/bb97f23e-803a-4bd6-8406-06802623554c/berger_cloonan_first_58-2020-07-30_objects/32/orderProxies,Marbled papers,"1 sheet of blue, black and cream marbled paper; 20.00 x 29.50 in.",false,fedoraAdmin,Berger-Cloonan #11378,11378,2020-11-09T20:44:47.546000+00:00,"No copyright - United States; For more information, see:  http://rightsstatements.org/vocab/NoC-US/1.0/",Paper,Openly accessible,Texas A & M University. Libraries,fedoraAdmin,StillImage,reformatted digital,https://api-pre.library.tamu.edu/fcrepo/rest/bb/97/f2/3e/bb97f23e-803a-4bd6-8406-06802623554c/berger_cloonan_first_58-2020-07-30_objects/32/pages/page_0/files/11378.jpg,,,M5.D3.F9.A,
2020-11-09T20:44:46.981000+00:00,https://api-pre.library.tamu.edu/fcrepo/rest/bb/97/f2/3e/bb97f23e-803a-4bd6-8406-06802623554c/berger_cloonan_first_58-2020-07-30_objects,1785 [?],art reproduction|Gold gilt papers,"Surface application; Printed; P4.D6.F1; Overall pattern depicts 4 rows of 8 saint each; gold over deep purple paste background; Inscription original piece: ""PAUL REYMUND IN NURNBERG""; Contained in clear plastic sleeve along with another sheet of Dutch gilt; See Haemmerle #348; Sidney E. Berger and Michele V. Cloonan purchased the sheet from Carta Pura in Munich, Germany in 10/2011.; Section(s) from the Decorated and Decorative Paper Terms Thesaurus: VIII.H.1.d.1; Not signed. Stamped.; Paste on verso",https://api-pre.library.tamu.edu/fcrepo/rest/bb/97/f2/3e/bb97f23e-803a-4bd6-8406-06802623554c/berger_cloonan_first_58-2020-07-30_objects/42/orderProxies|https://api-pre.library.tamu.edu/fcrepo/rest/bb/97/f2/3e/bb97f23e-803a-4bd6-8406-06802623554c/berger_cloonan_first_58-2020-07-30_objects/42/pages,Decorative paper,"1 sheet of dark purple, gold and light gray Dutch gilt paper; 14.00 x 16.75 in.",false,fedoraAdmin,Berger-Cloonan #12282,12282,2020-11-09T20:44:46.981000+00:00,"No copyright - United States; For more information, see:  http://rightsstatements.org/vocab/NoC-US/1.0/",Paper,Openly accessible,Texas A & M University. Libraries,fedoraAdmin,StillImage,reformatted digital,https://api-pre.library.tamu.edu/fcrepo/rest/bb/97/f2/3e/bb97f23e-803a-4bd6-8406-06802623554c/berger_cloonan_first_58-2020-07-30_objects/42/pages/page_0/files/12282.jpg,"Reymund, Paul","Nuremberg, Germany",,
2020-11-09T20:45:25.376000+00:00,https://api-pre.library.tamu.edu/fcrepo/rest/bb/97/f2/3e/bb97f23e-803a-4bd6-8406-06802623554c/berger_cloonan_first_58-2020-07-30_objects,19th century,art reproduction|nonpareil marbled paper|Non pareil marbled papers,Surface application; Marbled; M4.D1.F6; Previously used as an endpaper in a bookbinding; full signature; heavy weight paper; Section(s) from the Decorated and Decorative Paper Terms Thesaurus: VIII.F.1.e; Not signed. Not stamped. Not stickered. Not embossed.; Several small tears,https://api-pre.library.tamu.edu/fcrepo/rest/bb/97/f2/3e/bb97f23e-803a-4bd6-8406-06802623554c/berger_cloonan_first_58-2020-07-30_objects/15/pages|https://api-pre.library.tamu.edu/fcrepo/rest/bb/97/f2/3e/bb97f23e-803a-4bd6-8406-06802623554c/berger_cloonan_first_58-2020-07-30_objects/15/orderProxies,Marbled papers,"1 sheet of maroon, purple, green, yellow and white marbled paper; 6.00 x 9.00 in. (closed); 9.00 x 12.00 (open) in.",false,fedoraAdmin,Berger-Cloonan #1515,1515,2020-11-09T20:45:25.376000+00:00,"No copyright - United States; For more information, see:  http://rightsstatements.org/vocab/NoC-US/1.0/",Paper,Openly accessible,Texas A & M University. Libraries,fedoraAdmin,StillImage,reformatted digital,https://api-pre.library.tamu.edu/fcrepo/rest/bb/97/f2/3e/bb97f23e-803a-4bd6-8406-06802623554c/berger_cloonan_first_58-2020-07-30_objects/15/pages/page_0/files/01515.jpg,,,,
2020-11-09T20:45:26.328000+00:00,https://api-pre.library.tamu.edu/fcrepo/rest/bb/97/f2/3e/bb97f23e-803a-4bd6-8406-06802623554c/berger_cloonan_first_58-2020-07-30_objects,19th century,art reproduction|nonpareil marbled paper|Non pareil marbled papers,Surface application; Marbled; M4.D1.F6; Previously used as an endpaper in a bookbinding; Section(s) from the Decorated and Decorative Paper Terms Thesaurus: VIII.F.1.e; Not signed. Not stamped. Not stickered. Not embossed.; Edges very torn; fragile,https://api-pre.library.tamu.edu/fcrepo/rest/bb/97/f2/3e/bb97f23e-803a-4bd6-8406-06802623554c/berger_cloonan_first_58-2020-07-30_objects/25/pages|https://api-pre.library.tamu.edu/fcrepo/rest/bb/97/f2/3e/bb97f23e-803a-4bd6-8406-06802623554c/berger_cloonan_first_58-2020-07-30_objects/25/orderProxies,Marbled papers,"1 sheet of blue, yellow, maroon and white marbled paper; 11.00 x 15.50  in.",false,fedoraAdmin,Berger-Cloonan #1525,1525,2020-11-09T20:45:26.328000+00:00,"No copyright - United States; For more information, see:  http://rightsstatements.org/vocab/NoC-US/1.0/",Paper,Openly accessible,Texas A & M University. Libraries,fedoraAdmin,StillImage,reformatted digital,https://api-pre.library.tamu.edu/fcrepo/rest/bb/97/f2/3e/bb97f23e-803a-4bd6-8406-06802623554c/berger_cloonan_first_58-2020-07-30_objects/25/pages/page_0/files/01525.jpg,,,,
2020-11-09T20:44:26.348000+00:00,https://api-pre.library.tamu.edu/fcrepo/rest/bb/97/f2/3e/bb97f23e-803a-4bd6-8406-06802623554c/berger_cloonan_first_58-2020-07-30_objects,19th century,nonpareil marbled paper|Non pareil marbled papers|art reproduction,Surface application; Marbled; M4.D1.F6; Previously used as an endpaper in a bookbinding; heavy weight paper; Section(s) from the Decorated and Decorative Paper Terms Thesaurus: VIII.F.1.e; Not signed. Not stamped. Not stickered. Not embossed.; Edges torn; small portion of pattern torn off,https://api-pre.library.tamu.edu/fcrepo/rest/bb/97/f2/3e/bb97f23e-803a-4bd6-8406-06802623554c/berger_cloonan_first_58-2020-07-30_objects/19/orderProxies|https://api-pre.library.tamu.edu/fcrepo/rest/bb/97/f2/3e/bb97f23e-803a-4bd6-8406-06802623554c/berger_cloonan_first_58-2020-07-30_objects/19/pages,Marbled papers,"1 sheet of black, blue, red, yellow and white marbled paper; 10.25 x 15.00 in.",false,fedoraAdmin,Berger-Cloonan #1519,1519,2020-11-09T20:44:26.348000+00:00,"No copyright - United States; For more information, see:  http://rightsstatements.org/vocab/NoC-US/1.0/",Paper,Openly accessible,Texas A & M University. Libraries,fedoraAdmin,StillImage,reformatted digital,https://api-pre.library.tamu.edu/fcrepo/rest/bb/97/f2/3e/bb97f23e-803a-4bd6-8406-06802623554c/berger_cloonan_first_58-2020-07-30_objects/19/pages/page_0/files/01519.jpg,,,,
2020-11-09T20:44:36.039000+00:00,https://api-pre.library.tamu.edu/fcrepo/rest/bb/97/f2/3e/bb97f23e-803a-4bd6-8406-06802623554c/berger_cloonan_first_58-2020-07-30_objects,19th century,art reproduction|Oil on water marbled papers,Surface application; Marbled; M5.D3.F9; Glossy finish; Frederik Muller donated the sheet to Sidney E. Berger and Michele V. Cloonan in 2008.  Sidney E. Berger met Frederik Muller at the Antiquarian Booksellers Association of America (ABAA) Book Fair in Boston that same year.; Section(s) from the Decorated and Decorative Paper Terms Thesaurus: VIII.F.1.f; Not signed. Not stamped.; Marbling color on top and bottom  edges on verso; creased; wrinkled; black marks on verso,https://api-pre.library.tamu.edu/fcrepo/rest/bb/97/f2/3e/bb97f23e-803a-4bd6-8406-06802623554c/berger_cloonan_first_58-2020-07-30_objects/29/orderProxies|https://api-pre.library.tamu.edu/fcrepo/rest/bb/97/f2/3e/bb97f23e-803a-4bd6-8406-06802623554c/berger_cloonan_first_58-2020-07-30_objects/29/pages,Marbled papers,"1 sheet of brown, red, black and cream marbled paper; 19.75 x 28.50 in.",false,fedoraAdmin,Berger-Cloonan #11375,11375,2020-11-09T20:44:36.039000+00:00,"No copyright - United States; For more information, see:  http://rightsstatements.org/vocab/NoC-US/1.0/",Paper,Openly accessible,Texas A & M University. Libraries,fedoraAdmin,StillImage,reformatted digital,https://api-pre.library.tamu.edu/fcrepo/rest/bb/97/f2/3e/bb97f23e-803a-4bd6-8406-06802623554c/berger_cloonan_first_58-2020-07-30_objects/29/pages/page_0/files/11375.jpg,,,M5.D3.F9.A,
2020-11-09T20:45:47.121000+00:00,https://api-pre.library.tamu.edu/fcrepo/rest/bb/97/f2/3e/bb97f23e-803a-4bd6-8406-06802623554c/berger_cloonan_first_58-2020-07-30_objects,Late 18th century,Laid lines|Gold gilt papers|art reproduction,Distribution of fibers; Surface application; Laid; Printed; P4.D6.F1; Overall pattern of scenes from a chivalric romance; gold against teal blue paste; 4 borders; laid paper; Section(s) from the Decorated and Decorative Paper Terms Thesaurus: II.E; VIII.H.1.d.1; Not signed. Not stamped.,https://api-pre.library.tamu.edu/fcrepo/rest/bb/97/f2/3e/bb97f23e-803a-4bd6-8406-06802623554c/berger_cloonan_first_58-2020-07-30_objects/47/pages|https://api-pre.library.tamu.edu/fcrepo/rest/bb/97/f2/3e/bb97f23e-803a-4bd6-8406-06802623554c/berger_cloonan_first_58-2020-07-30_objects/47/orderProxies,Decorative paper,"1 sheet of teal blue, gold and off-white Dutch gilt paper; 13.50 x 15.50 in.",false,fedoraAdmin,Berger-Cloonan #12287,12287,2020-11-09T20:45:47.121000+00:00,"No copyright - United States; For more information, see:  http://rightsstatements.org/vocab/NoC-US/1.0/",Paper,Openly accessible,Texas A & M University. Libraries,fedoraAdmin,StillImage,reformatted digital,https://api-pre.library.tamu.edu/fcrepo/rest/bb/97/f2/3e/bb97f23e-803a-4bd6-8406-06802623554c/berger_cloonan_first_58-2020-07-30_objects/47/pages/page_0/files/12287.jpg,"Reymund, Paul",,P4.D6.F1.A,
2020-11-09T20:45:06.013000+00:00,https://api-pre.library.tamu.edu/fcrepo/rest/bb/97/f2/3e/bb97f23e-803a-4bd6-8406-06802623554c/berger_cloonan_first_58-2020-07-30_objects,Circa 1720s,art reproduction|Gold gilt papers|Laid lines,"Distribution of fibers; Surface application; Laid; Printed; P4.D6.F1; Overall pattern floral design; gold over carmine paste; 4 borders; laid paper; Contained in clear plastic sleeve; Sidney E. Berger and Michele V. Cloonan purchased the sheet from Carta Pura in Munich, Germany in 10/2011.; Section(s) from the Decorated and Decorative Paper Terms Thesaurus: II.E; VIII.H.1.d.1; Not signed. Not stamped.; Center fold line",https://api-pre.library.tamu.edu/fcrepo/rest/bb/97/f2/3e/bb97f23e-803a-4bd6-8406-06802623554c/berger_cloonan_first_58-2020-07-30_objects/57/pages|https://api-pre.library.tamu.edu/fcrepo/rest/bb/97/f2/3e/bb97f23e-803a-4bd6-8406-06802623554c/berger_cloonan_first_58-2020-07-30_objects/57/orderProxies,Decorative paper,"1 sheet of red, gold and off-white Dutch gilt paper; 13.50 x 16.50 in.",false,fedoraAdmin,Berger-Cloonan #12300,12300,2020-11-09T20:45:06.013000+00:00,"No copyright - United States; For more information, see:  http://rightsstatements.org/vocab/NoC-US/1.0/",Paper,Openly accessible,Texas A & M University. Libraries,fedoraAdmin,StillImage,reformatted digital,https://api-pre.library.tamu.edu/fcrepo/rest/bb/97/f2/3e/bb97f23e-803a-4bd6-8406-06802623554c/berger_cloonan_first_58-2020-07-30_objects/57/pages/page_0/files/12300.jpg,,,,
2020-11-09T20:45:45.605000+00:00,https://api-pre.library.tamu.edu/fcrepo/rest/bb/97/f2/3e/bb97f23e-803a-4bd6-8406-06802623554c/berger_cloonan_first_58-2020-07-30_objects,Circa 1750,art reproduction|Gold gilt papers,Surface application; Printed; P4.D6.F1; Colorful floral pattern; pieced together and pasted onto backing; The sheet is from the Bernard Middleton Collection. Bernard Middleton donated these sheets to Sidney E. Berger and Michele V. Cloonan circa 1990.; Section(s) from the Decorated and Decorative Paper Terms Thesaurus: VIII.H.1.d.1; Not signed. Not stamped. Not stickered. Not embossed.; Section measuring 3.00 to 4.00 inches cut out of 1 corner; torn; curled edge; slightly faded; stored in clear plastic; musty odor,https://api-pre.library.tamu.edu/fcrepo/rest/bb/97/f2/3e/bb97f23e-803a-4bd6-8406-06802623554c/berger_cloonan_first_58-2020-07-30_objects/39/pages|https://api-pre.library.tamu.edu/fcrepo/rest/bb/97/f2/3e/bb97f23e-803a-4bd6-8406-06802623554c/berger_cloonan_first_58-2020-07-30_objects/39/orderProxies,Decorative paper,"1 sheet of orange, purple, green, yellow, gold and cream Dutch gilt paper; 11.00 x 17.25 in.",false,fedoraAdmin,Berger-Cloonan #12279,12279,2020-11-09T20:45:45.605000+00:00,"No copyright - United States; For more information, see:  http://rightsstatements.org/vocab/NoC-US/1.0/",Paper,Openly accessible,Texas A & M University. Libraries,fedoraAdmin,StillImage,reformatted digital,https://api-pre.library.tamu.edu/fcrepo/rest/bb/97/f2/3e/bb97f23e-803a-4bd6-8406-06802623554c/berger_cloonan_first_58-2020-07-30_objects/39/pages/page_0/files/12279.jpg,,,,
2020-11-09T20:46:00.993000+00:00,https://api-pre.library.tamu.edu/fcrepo/rest/bb/97/f2/3e/bb97f23e-803a-4bd6-8406-06802623554c/berger_cloonan_first_58-2020-07-30_objects,Circa 1790,Laid lines|Gold gilt papers|art reproduction,"Distribution of fibers; Surface application; Laid; Printed; P4.D6.F1; Overall pattern of floral and fruit design; gold stamped over orange and blue diamond; 4 borders; laid paper; Inscription original piece: ""Paul Reymund No 11""; Section(s) from the Decorated and Decorative Paper Terms Thesaurus: II.E; VIII.H.1.d.1; Not signed. Stamped.",https://api-pre.library.tamu.edu/fcrepo/rest/bb/97/f2/3e/bb97f23e-803a-4bd6-8406-06802623554c/berger_cloonan_first_58-2020-07-30_objects/49/orderProxies|https://api-pre.library.tamu.edu/fcrepo/rest/bb/97/f2/3e/bb97f23e-803a-4bd6-8406-06802623554c/berger_cloonan_first_58-2020-07-30_objects/49/pages,Decorative paper,"1 sheet of orange, blue, yellow, gold and off-white Dutch gilt paper; 14.00 x 16.50 in.",false,fedoraAdmin,Berger-Cloonan #12289,12289,2020-11-09T20:46:00.993000+00:00,"No copyright - United States; For more information, see:  http://rightsstatements.org/vocab/NoC-US/1.0/",Paper,Openly accessible,Texas A & M University. Libraries,fedoraAdmin,StillImage,reformatted digital,https://api-pre.library.tamu.edu/fcrepo/rest/bb/97/f2/3e/bb97f23e-803a-4bd6-8406-06802623554c/berger_cloonan_first_58-2020-07-30_objects/49/pages/page_0/files/12289.jpg,"Reymund, Paul",,,
2020-11-09T20:44:26.382000+00:00,https://api-pre.library.tamu.edu/fcrepo/rest/bb/97/f2/3e/bb97f23e-803a-4bd6-8406-06802623554c/berger_cloonan_first_58-2020-07-30_objects,19th century,Non pareil marbled papers|art reproduction|nonpareil marbled paper,Surface application; Marbled; M4.D1.F6; Previously used as an endpaper in a bookbinding; heavy weight paper; Section(s) from the Decorated and Decorative Paper Terms Thesaurus: VIII.F.1.e; Not signed. Not stamped. Not stickered. Not embossed.; Small tear along edge,https://api-pre.library.tamu.edu/fcrepo/rest/bb/97/f2/3e/bb97f23e-803a-4bd6-8406-06802623554c/berger_cloonan_first_58-2020-07-30_objects/20/pages|https://api-pre.library.tamu.edu/fcrepo/rest/bb/97/f2/3e/bb97f23e-803a-4bd6-8406-06802623554c/berger_cloonan_first_58-2020-07-30_objects/20/orderProxies,Marbled papers,"1 sheet of maroon, blue, green, yellow and white marbled paper; 8.75 x 12.00 in.",false,fedoraAdmin,Berger-Cloonan #1520,1520,2020-11-09T20:44:26.382000+00:00,"No copyright - United States; For more information, see:  http://rightsstatements.org/vocab/NoC-US/1.0/",Paper,Openly accessible,Texas A & M University. Libraries,fedoraAdmin,StillImage,reformatted digital,https://api-pre.library.tamu.edu/fcrepo/rest/bb/97/f2/3e/bb97f23e-803a-4bd6-8406-06802623554c/berger_cloonan_first_58-2020-07-30_objects/20/pages/page_0/files/01520.jpg,,,,
2020-11-09T20:44:46.246000+00:00,https://api-pre.library.tamu.edu/fcrepo/rest/bb/97/f2/3e/bb97f23e-803a-4bd6-8406-06802623554c/berger_cloonan_first_58-2020-07-30_objects,Circa 1780,Gold gilt papers|art reproduction|Laid lines,"Distribution of fibers; Surface application; Laid; Printed; P4.D6.F1; Overall densely gilt floral pattern; 4 light gray borders; laid paper; Inscription original piece: ""I. MAISCH [George M NURNBERG]""; Affixed to backing of an off-white matte frame, which is torn, along with another sheet of Dutch gilt paper, which is  not affixed to backing. See Haemmerle #143 (p. 209); Sidney E. Berger and Michele V. Cloonan purchased the sheet.; Section(s) from the Decorated and Decorative Paper Terms Thesaurus: II.E; VIII.H.1.d.1; Signed. Stamped.; Center fold line; gilt extends beyond registration",https://api-pre.library.tamu.edu/fcrepo/rest/bb/97/f2/3e/bb97f23e-803a-4bd6-8406-06802623554c/berger_cloonan_first_58-2020-07-30_objects/34/orderProxies|https://api-pre.library.tamu.edu/fcrepo/rest/bb/97/f2/3e/bb97f23e-803a-4bd6-8406-06802623554c/berger_cloonan_first_58-2020-07-30_objects/34/pages,Decorative paper,1 sheet of gold and light gray Dutch gilt paper; 13.50 x 15.00 in.,false,fedoraAdmin,Berger-Cloonan #12274,12274,2020-11-09T20:44:46.246000+00:00,"No copyright - United States; For more information, see:  http://rightsstatements.org/vocab/NoC-US/1.0/",Paper,Openly accessible,Texas A & M University. Libraries,fedoraAdmin,StillImage,reformatted digital,https://api-pre.library.tamu.edu/fcrepo/rest/bb/97/f2/3e/bb97f23e-803a-4bd6-8406-06802623554c/berger_cloonan_first_58-2020-07-30_objects/34/pages/page_0/files/12274.jpg,"Maisch, George M.","Nuremberg, Germany",,
2020-11-09T20:45:26.574000+00:00,https://api-pre.library.tamu.edu/fcrepo/rest/bb/97/f2/3e/bb97f23e-803a-4bd6-8406-06802623554c/berger_cloonan_first_58-2020-07-30_objects,Late 19th century,art reproduction|marbled paper|Random marbled papers,Surface application; Marbled; M5.D1.F14; Section(s) from the Decorated and Decorative Paper Terms Thesaurus: VIII.F.4; Not signed. Not stamped. Not stickered. Not embossed.,https://api-pre.library.tamu.edu/fcrepo/rest/bb/97/f2/3e/bb97f23e-803a-4bd6-8406-06802623554c/berger_cloonan_first_58-2020-07-30_objects/2/orderProxies|https://api-pre.library.tamu.edu/fcrepo/rest/bb/97/f2/3e/bb97f23e-803a-4bd6-8406-06802623554c/berger_cloonan_first_58-2020-07-30_objects/2/pages,Marbled papers,"1 sheet of blue, pink, white and light brown marbled paper; 18.00 x 23.00 in.",false,fedoraAdmin,Berger-Cloonan #949,949,2020-11-09T20:45:26.574000+00:00,"No copyright - United States; For more information, see:  http://rightsstatements.org/vocab/NoC-US/1.0/",Paper,Openly accessible,Texas A & M University. Libraries,fedoraAdmin,StillImage,reformatted digital,https://api-pre.library.tamu.edu/fcrepo/rest/bb/97/f2/3e/bb97f23e-803a-4bd6-8406-06802623554c/berger_cloonan_first_58-2020-07-30_objects/2/pages/page_0/files/00949.jpg,,France,M5.D1.F14.A,
2020-11-09T20:44:47.644000+00:00,https://api-pre.library.tamu.edu/fcrepo/rest/bb/97/f2/3e/bb97f23e-803a-4bd6-8406-06802623554c/berger_cloonan_first_58-2020-07-30_objects,Circa 1820,Gold gilt papers|art reproduction|Laid lines,"Distribution of fibers; Surface application; Laid; Printed; P4.D6.F1; Overall decorative striped pattern; gold foil over tan paste; 4 borders; laid paper; Inscription original piece: ""J G ECKARTZ Fabrik bunter Papiere in Nuernberg""; Contained in tissue paper; See Haemmerle #5; Sidney E. Berger and Michele V. Cloonan purchased the sheet from Andreas Mueller in Potsdam, Germany in 03/2012.; Section(s) from the Decorated and Decorative Paper Terms Thesaurus: II.E; VIII.H.1.d.1; Not signed. Stamped.; Center fold line; small edge tears",https://api-pre.library.tamu.edu/fcrepo/rest/bb/97/f2/3e/bb97f23e-803a-4bd6-8406-06802623554c/berger_cloonan_first_58-2020-07-30_objects/51/orderProxies|https://api-pre.library.tamu.edu/fcrepo/rest/bb/97/f2/3e/bb97f23e-803a-4bd6-8406-06802623554c/berger_cloonan_first_58-2020-07-30_objects/51/pages,Decorative paper,"1 sheet of tan, gold and off-white Dutch gilt paper; 14.25 x 17.25 in.",false,fedoraAdmin,Berger-Cloonan #12292,12292,2020-11-09T20:44:47.644000+00:00,"No copyright - United States; For more information, see:  http://rightsstatements.org/vocab/NoC-US/1.0/",Paper,Openly accessible,Texas A & M University. Libraries,fedoraAdmin,StillImage,reformatted digital,https://api-pre.library.tamu.edu/fcrepo/rest/bb/97/f2/3e/bb97f23e-803a-4bd6-8406-06802623554c/berger_cloonan_first_58-2020-07-30_objects/51/pages/page_0/files/12292.jpg,"Eckartz, J. G.","Nuremberg, Germany",,
2020-11-09T20:46:00.869000+00:00,https://api-pre.library.tamu.edu/fcrepo/rest/bb/97/f2/3e/bb97f23e-803a-4bd6-8406-06802623554c/berger_cloonan_first_58-2020-07-30_objects,19th century,art reproduction|nonpareil marbled paper|Non pareil marbled papers,Surface application; Marbled; M4.D1.F6; Previously used as an endpaper in a bookbinding; Section(s) from the Decorated and Decorative Paper Terms Thesaurus: VIII.F.1.e; Not signed. Not stamped. Not stickered. Not embossed.,https://api-pre.library.tamu.edu/fcrepo/rest/bb/97/f2/3e/bb97f23e-803a-4bd6-8406-06802623554c/berger_cloonan_first_58-2020-07-30_objects/5/orderProxies|https://api-pre.library.tamu.edu/fcrepo/rest/bb/97/f2/3e/bb97f23e-803a-4bd6-8406-06802623554c/berger_cloonan_first_58-2020-07-30_objects/5/pages,Marbled papers,"1 sheet of yellow, green, purple, maroon and white marbled paper; 5.50 x 8.50 in.",false,fedoraAdmin,Berger-Cloonan #1501,1501,2020-11-09T20:46:00.869000+00:00,"No copyright - United States; For more information, see:  http://rightsstatements.org/vocab/NoC-US/1.0/",Paper,Openly accessible,Texas A & M University. Libraries,fedoraAdmin,StillImage,reformatted digital,https://api-pre.library.tamu.edu/fcrepo/rest/bb/97/f2/3e/bb97f23e-803a-4bd6-8406-06802623554c/berger_cloonan_first_58-2020-07-30_objects/5/pages/page_0/files/01501.jpg,,,,
2020-11-09T20:44:27.423000+00:00,https://api-pre.library.tamu.edu/fcrepo/rest/bb/97/f2/3e/bb97f23e-803a-4bd6-8406-06802623554c/berger_cloonan_first_58-2020-07-30_objects,19th century,Oil on water marbled papers|art reproduction,Surface application; Marbled; M5.D3.F9; Glossy finish; Frederik Muller donated the sheet to Sidney E. Berger and Michele V. Cloonan in 2008.  Sidney E. Berger met Frederik Muller at the Antiquarian Booksellers Association of America (ABAA) Book Fair in Boston that same year.; Section(s) from the Decorated and Decorative Paper Terms Thesaurus: VIII.F.1.f; Not signed. Not stamped.; Marbling color on top and bottom edges on verso; slightly wrinkled,https://api-pre.library.tamu.edu/fcrepo/rest/bb/97/f2/3e/bb97f23e-803a-4bd6-8406-06802623554c/berger_cloonan_first_58-2020-07-30_objects/27/orderProxies|https://api-pre.library.tamu.edu/fcrepo/rest/bb/97/f2/3e/bb97f23e-803a-4bd6-8406-06802623554c/berger_cloonan_first_58-2020-07-30_objects/27/pages,Marbled papers,"1 sheet of green, brown, black and white marbled paper; 19.75 x 27.50 in.",false,fedoraAdmin,Berger-Cloonan #11373,11373,2020-11-09T20:44:27.423000+00:00,"No copyright - United States; For more information, see:  http://rightsstatements.org/vocab/NoC-US/1.0/",Paper,Openly accessible,Texas A & M University. Libraries,fedoraAdmin,StillImage,reformatted digital,https://api-pre.library.tamu.edu/fcrepo/rest/bb/97/f2/3e/bb97f23e-803a-4bd6-8406-06802623554c/berger_cloonan_first_58-2020-07-30_objects/27/pages/page_0/files/11373.jpg,,,M5.D3.F9.A,
2020-11-09T20:45:46.228000+00:00,https://api-pre.library.tamu.edu/fcrepo/rest/bb/97/f2/3e/bb97f23e-803a-4bd6-8406-06802623554c/berger_cloonan_first_58-2020-07-30_objects,1770 [?],art reproduction|Gold gilt papers,"Surface application; Printed; P4.D6.F1; Overall colorful floral pattern; 4 off white borders; Inscription on original piece: ""Brokatpapier um 1700"" [written in pencil on recto]: 'Munck""; Contained in clear plastic sleeve See Haemmerle #?9?; Sidney E. Berger and Michele V. Cloonan purchased the sheet from Carta Pura in Munich, Germany in 10/2011.; Section(s) from the Decorated and Decorative Paper Terms Thesaurus: VIII.H.1.d.1; Not signed. Not stamped.; Large portion of 1 corner cut away; center fold line; center line and borders discolored on recto",https://api-pre.library.tamu.edu/fcrepo/rest/bb/97/f2/3e/bb97f23e-803a-4bd6-8406-06802623554c/berger_cloonan_first_58-2020-07-30_objects/43/orderProxies|https://api-pre.library.tamu.edu/fcrepo/rest/bb/97/f2/3e/bb97f23e-803a-4bd6-8406-06802623554c/berger_cloonan_first_58-2020-07-30_objects/43/pages,Decorative paper,1 sheet of Dutch gilt paper; 14.25 x 17.25 in.,false,fedoraAdmin,Berger-Cloonan #12283,12283,2020-11-09T20:45:46.228000+00:00,"No copyright - United States; For more information, see:  http://rightsstatements.org/vocab/NoC-US/1.0/",Paper,Openly accessible,Texas A & M University. Libraries,fedoraAdmin,StillImage,reformatted digital,https://api-pre.library.tamu.edu/fcrepo/rest/bb/97/f2/3e/bb97f23e-803a-4bd6-8406-06802623554c/berger_cloonan_first_58-2020-07-30_objects/43/pages/page_0/files/12283.jpg,,,,
2020-11-09T20:46:01.298000+00:00,https://api-pre.library.tamu.edu/fcrepo/rest/bb/97/f2/3e/bb97f23e-803a-4bd6-8406-06802623554c/berger_cloonan_first_58-2020-07-30_objects,Circa 1783,Laid lines|Silver gilt papers|art reproduction,"Distribution of fibers; Surface application; Laid; Printed; P4.D6.F1; Overall pattern with star or asterisk and dot design; tarnished silver over green paste; 4 borders; laid paper; Inscription original piece: ""PAUL REYMUND in NURNBERG No 16, [above that, signed in larger letters]: ""BEY GEORG REYMUND IN AUGSPURG""; Contained in clear plastic sleeve; Not in Haemmerle; 2 signatures exceptionally uncommon; Sidney E. Berger and Michele V. Cloonan purchased the sheet from Bassenge Kunst und Buchauktion in 2011.; Section(s) from the Decorated and Decorative Paper Terms Thesaurus: II.E; VIII.H.1.d.2; Not signed. Stamped.; Center fold line",https://api-pre.library.tamu.edu/fcrepo/rest/bb/97/f2/3e/bb97f23e-803a-4bd6-8406-06802623554c/berger_cloonan_first_58-2020-07-30_objects/53/pages|https://api-pre.library.tamu.edu/fcrepo/rest/bb/97/f2/3e/bb97f23e-803a-4bd6-8406-06802623554c/berger_cloonan_first_58-2020-07-30_objects/53/orderProxies,Decorative paper,"1 sheet of green, silver and off-white silver gilt paper; 13.75 x 16.25 in.",false,fedoraAdmin,Berger-Cloonan #12296,12296,2020-11-09T20:46:01.298000+00:00,"No copyright - United States; For more information, see:  http://rightsstatements.org/vocab/NoC-US/1.0/",Paper,Openly accessible,Texas A & M University. Libraries,fedoraAdmin,StillImage,reformatted digital,https://api-pre.library.tamu.edu/fcrepo/rest/bb/97/f2/3e/bb97f23e-803a-4bd6-8406-06802623554c/berger_cloonan_first_58-2020-07-30_objects/53/pages/page_0/files/12296.jpg,"Reymund, Paul|Reymund, Georg","Augsburg, Germany",,
2020-11-09T20:45:06.689000+00:00,https://api-pre.library.tamu.edu/fcrepo/rest/bb/97/f2/3e/bb97f23e-803a-4bd6-8406-06802623554c/berger_cloonan_first_58-2020-07-30_objects,19th century,art reproduction|nonpareil marbled paper|Non pareil marbled papers,Surface application; Marbled; M4.D1.F6; Previously used as an endpaper in a bookbinding; heavy weight paper; Section(s) from the Decorated and Decorative Paper Terms Thesaurus: VIII.F.1.e; Not signed. Not stamped. Not stickered. Not embossed.,https://api-pre.library.tamu.edu/fcrepo/rest/bb/97/f2/3e/bb97f23e-803a-4bd6-8406-06802623554c/berger_cloonan_first_58-2020-07-30_objects/12/pages|https://api-pre.library.tamu.edu/fcrepo/rest/bb/97/f2/3e/bb97f23e-803a-4bd6-8406-06802623554c/berger_cloonan_first_58-2020-07-30_objects/12/orderProxies,Marbled papers,"1 sheet of maroon, blue, black, brown, yellow and white marbled paper; 6.00 x 9.00 in.",false,fedoraAdmin,Berger-Cloonan #1512,1512,2020-11-09T20:45:06.689000+00:00,"No copyright - United States; For more information, see:  http://rightsstatements.org/vocab/NoC-US/1.0/",Paper,Openly accessible,Texas A & M University. Libraries,fedoraAdmin,StillImage,reformatted digital,https://api-pre.library.tamu.edu/fcrepo/rest/bb/97/f2/3e/bb97f23e-803a-4bd6-8406-06802623554c/berger_cloonan_first_58-2020-07-30_objects/12/pages/page_0/files/01512.jpg,,,,
2020-11-09T20:44:04.924000+00:00,https://api-pre.library.tamu.edu/fcrepo/rest/bb/97/f2/3e/bb97f23e-803a-4bd6-8406-06802623554c/berger_cloonan_first_58-2020-07-30_objects,19th century,Non pareil marbled papers|art reproduction|nonpareil marbled paper,Surface application; Marbled; M4.D1.F6; Previously used as an endpaper in a bookbinding; heavy weight paper; Section(s) from the Decorated and Decorative Paper Terms Thesaurus: VIII.F.1.e; Not signed. Not stamped. Not stickered. Not embossed.,https://api-pre.library.tamu.edu/fcrepo/rest/bb/97/f2/3e/bb97f23e-803a-4bd6-8406-06802623554c/berger_cloonan_first_58-2020-07-30_objects/10/pages|https://api-pre.library.tamu.edu/fcrepo/rest/bb/97/f2/3e/bb97f23e-803a-4bd6-8406-06802623554c/berger_cloonan_first_58-2020-07-30_objects/10/orderProxies,Marbled papers,"1 sheet of maroon, blue, green, yellow and white marbled paper; 5.25 x 8.00 in.",false,fedoraAdmin,Berger-Cloonan #1510,1510,2020-11-09T20:44:04.924000+00:00,"No copyright - United States; For more information, see:  http://rightsstatements.org/vocab/NoC-US/1.0/",Paper,Openly accessible,Texas A & M University. Libraries,fedoraAdmin,StillImage,reformatted digital,https://api-pre.library.tamu.edu/fcrepo/rest/bb/97/f2/3e/bb97f23e-803a-4bd6-8406-06802623554c/berger_cloonan_first_58-2020-07-30_objects/10/pages/page_0/files/01510.jpg,,,,
2020-11-09T20:44:26.411000+00:00,https://api-pre.library.tamu.edu/fcrepo/rest/bb/97/f2/3e/bb97f23e-803a-4bd6-8406-06802623554c/berger_cloonan_first_58-2020-07-30_objects,Late 19th century,art reproduction|Embossed papers,Surface treated; Embossed; M2.D4.F7; Diamond pattern; Section(s) from the Decorated and Decorative Paper Terms Thesaurus: IX.D; Not signed. Not stamped.; Corner missing,https://api-pre.library.tamu.edu/fcrepo/rest/bb/97/f2/3e/bb97f23e-803a-4bd6-8406-06802623554c/berger_cloonan_first_58-2020-07-30_objects/26/pages|https://api-pre.library.tamu.edu/fcrepo/rest/bb/97/f2/3e/bb97f23e-803a-4bd6-8406-06802623554c/berger_cloonan_first_58-2020-07-30_objects/26/orderProxies,Decorative paper,1 sheet of black and white embossed paper; 5.75 x 19.50 in.,false,fedoraAdmin,Berger-Cloonan #9227,9227,2020-11-09T20:44:26.411000+00:00,"No copyright - United States; For more information, see:  http://rightsstatements.org/vocab/NoC-US/1.0/",Paper,Openly accessible,Texas A & M University. Libraries,fedoraAdmin,StillImage,reformatted digital,https://api-pre.library.tamu.edu/fcrepo/rest/bb/97/f2/3e/bb97f23e-803a-4bd6-8406-06802623554c/berger_cloonan_first_58-2020-07-30_objects/26/pages/page_0/files/09227.jpg,,,,Aschoffenberg [?]
2020-11-09T20:45:06.316000+00:00,https://api-pre.library.tamu.edu/fcrepo/rest/bb/97/f2/3e/bb97f23e-803a-4bd6-8406-06802623554c/berger_cloonan_first_58-2020-07-30_objects,19th century,art reproduction|nonpareil marbled paper|Non pareil marbled papers,Surface application; Marbled; M4.D1.F6; Previously used as an endpaper in a bookbinding; Section(s) from the Decorated and Decorative Paper Terms Thesaurus: VIII.F.1.e; Not signed. Not stamped. Not stickered. Not embossed.,https://api-pre.library.tamu.edu/fcrepo/rest/bb/97/f2/3e/bb97f23e-803a-4bd6-8406-06802623554c/berger_cloonan_first_58-2020-07-30_objects/6/orderProxies|https://api-pre.library.tamu.edu/fcrepo/rest/bb/97/f2/3e/bb97f23e-803a-4bd6-8406-06802623554c/berger_cloonan_first_58-2020-07-30_objects/6/pages,Marbled papers,"1 sheet of yellow, green, blue, purple, red and white marbled paper; 4.25 x 7.00 in.",false,fedoraAdmin,Berger-Cloonan #1502,1502,2020-11-09T20:45:06.316000+00:00,"No copyright - United States; For more information, see:  http://rightsstatements.org/vocab/NoC-US/1.0/",Paper,Openly accessible,Texas A & M University. Libraries,fedoraAdmin,StillImage,reformatted digital,https://api-pre.library.tamu.edu/fcrepo/rest/bb/97/f2/3e/bb97f23e-803a-4bd6-8406-06802623554c/berger_cloonan_first_58-2020-07-30_objects/6/pages/page_0/files/01502.jpg,,,,
2020-11-09T20:45:27.475000+00:00,https://api-pre.library.tamu.edu/fcrepo/rest/bb/97/f2/3e/bb97f23e-803a-4bd6-8406-06802623554c/berger_cloonan_first_58-2020-07-30_objects,19th century,Oil on water marbled papers|art reproduction,Surface application; Marbled; M5.D3.F9; Glossy finish; Frederik Muller donated the sheet to Sidney E. Berger and Michele V. Cloonan in 2008.  Sidney E. Berger met Frederik Muller at the Antiquarian Booksellers Association of America (ABAA) Book Fair in Boston that same year.; Section(s) from the Decorated and Decorative Paper Terms Thesaurus: VIII.F.1.f; Not signed. Not stamped.; Marbling color on side edges on verso; creased; wrinkled; black marks on verso,https://api-pre.library.tamu.edu/fcrepo/rest/bb/97/f2/3e/bb97f23e-803a-4bd6-8406-06802623554c/berger_cloonan_first_58-2020-07-30_objects/30/orderProxies|https://api-pre.library.tamu.edu/fcrepo/rest/bb/97/f2/3e/bb97f23e-803a-4bd6-8406-06802623554c/berger_cloonan_first_58-2020-07-30_objects/30/pages,Marbled papers,"1 sheet of purple, brown, black and cream marbled paper; 20.00 x 25.75 in.",false,fedoraAdmin,Berger-Cloonan #11376,11376,2020-11-09T20:45:27.475000+00:00,"No copyright - United States; For more information, see:  http://rightsstatements.org/vocab/NoC-US/1.0/",Paper,Openly accessible,Texas A & M University. Libraries,fedoraAdmin,StillImage,reformatted digital,https://api-pre.library.tamu.edu/fcrepo/rest/bb/97/f2/3e/bb97f23e-803a-4bd6-8406-06802623554c/berger_cloonan_first_58-2020-07-30_objects/30/pages/page_0/files/11376.jpg,,,M5.D3.F9.A,
2020-11-09T20:45:49.709000+00:00,https://api-pre.library.tamu.edu/fcrepo/rest/bb/97/f2/3e/bb97f23e-803a-4bd6-8406-06802623554c/berger_cloonan_first_58-2020-07-30_objects,Late 18th century,art reproduction|Laid lines|Gold gilt papers,"Distribution of fibers; Surface application; Laid; Printed; P4.D6.F1; Overall pattern of 4 rows of 7 saints each; gold against carmine paste; 4 borders; laid paper; Inscription original piece: ""Renner & Abel Nuernberg""; Contained in clear plastic sleeve with #12287See Haemmerle #387; Sidney E. Berger and Michele V. Cloonan purchased the sheet from Graham Day in 01/2005.  Graham Day originally purchased the sheet at a Sotheby's sale in London, England on 11/30/2004.; Section(s) from the Decorated and Decorative Paper Terms Thesaurus: II.E; VIII.H.1.d.1; Not signed. Stamped.; Torn at center top; center fold line",https://api-pre.library.tamu.edu/fcrepo/rest/bb/97/f2/3e/bb97f23e-803a-4bd6-8406-06802623554c/berger_cloonan_first_58-2020-07-30_objects/48/pages|https://api-pre.library.tamu.edu/fcrepo/rest/bb/97/f2/3e/bb97f23e-803a-4bd6-8406-06802623554c/berger_cloonan_first_58-2020-07-30_objects/48/orderProxies,Decorative paper,"1 sheet of red, gold and off-white Dutch gilt paper; 13.50 x 15.50 in.",false,fedoraAdmin,Berger-Cloonan #12288,12288,2020-11-09T20:45:49.709000+00:00,"No copyright - United States; For more information, see:  http://rightsstatements.org/vocab/NoC-US/1.0/",Paper,Openly accessible,Texas A & M University. Libraries,fedoraAdmin,StillImage,reformatted digital,https://api-pre.library.tamu.edu/fcrepo/rest/bb/97/f2/3e/bb97f23e-803a-4bd6-8406-06802623554c/berger_cloonan_first_58-2020-07-30_objects/48/pages/page_0/files/12288.jpg,G.N. Renner and Abel,"Nuremberg, Germany",P4.D6.F1.A,
2020-11-09T20:45:06.353000+00:00,https://api-pre.library.tamu.edu/fcrepo/rest/bb/97/f2/3e/bb97f23e-803a-4bd6-8406-06802623554c/berger_cloonan_first_58-2020-07-30_objects,Circa 1750,Gold gilt papers|Laid lines|art reproduction,Distribution of fibers; Surface application; Laid; Printed; P4.D6.F1; Overall pattern floral design; gold over carmine paste; 4 borders; laid paper; Contained in clear plastic sleeve; Sidney E. Berger and Michele V. Cloonan purchased the sheet from the anitquarian Sabine Keune in 02/2001.; Section(s) from the Decorated and Decorative Paper Terms Thesaurus: II.E; VIII.H.1.d.1; Not signed. Not stamped.; Center fold line,https://api-pre.library.tamu.edu/fcrepo/rest/bb/97/f2/3e/bb97f23e-803a-4bd6-8406-06802623554c/berger_cloonan_first_58-2020-07-30_objects/58/pages|https://api-pre.library.tamu.edu/fcrepo/rest/bb/97/f2/3e/bb97f23e-803a-4bd6-8406-06802623554c/berger_cloonan_first_58-2020-07-30_objects/58/orderProxies,Decorative paper,"1 sheet of red, gold and off-white Dutch gilt paper; 13.50 x 16.50 in.",false,fedoraAdmin,Berger-Cloonan #12301,12301,2020-11-09T20:45:06.353000+00:00,"No copyright - United States; For more information, see:  http://rightsstatements.org/vocab/NoC-US/1.0/",Paper,Openly accessible,Texas A & M University. Libraries,fedoraAdmin,StillImage,reformatted digital,https://api-pre.library.tamu.edu/fcrepo/rest/bb/97/f2/3e/bb97f23e-803a-4bd6-8406-06802623554c/berger_cloonan_first_58-2020-07-30_objects/58/pages/page_0/files/12301.jpg,,,,
2020-11-09T20:45:06.794000+00:00,https://api-pre.library.tamu.edu/fcrepo/rest/bb/97/f2/3e/bb97f23e-803a-4bd6-8406-06802623554c/berger_cloonan_first_58-2020-07-30_objects,19th century,art reproduction|nonpareil marbled paper|Non pareil marbled papers,Surface application; Marbled; M4.D1.F6; Previously used as an endpaper in a bookbinding; heavy weight paper; Section(s) from the Decorated and Decorative Paper Terms Thesaurus: VIII.F.1.e; Not signed. Not stamped. Not stickered. Not embossed.; 1 large tear; edges worn and uneven,https://api-pre.library.tamu.edu/fcrepo/rest/bb/97/f2/3e/bb97f23e-803a-4bd6-8406-06802623554c/berger_cloonan_first_58-2020-07-30_objects/13/orderProxies|https://api-pre.library.tamu.edu/fcrepo/rest/bb/97/f2/3e/bb97f23e-803a-4bd6-8406-06802623554c/berger_cloonan_first_58-2020-07-30_objects/13/pages,Marbled papers,"1 sheet of maroon, blue, green, yellow and white marbled paper; 5.75 x 8.50 in.",false,fedoraAdmin,Berger-Cloonan #1513,1513,2020-11-09T20:45:06.794000+00:00,"No copyright - United States; For more information, see:  http://rightsstatements.org/vocab/NoC-US/1.0/",Paper,Openly accessible,Texas A & M University. Libraries,fedoraAdmin,StillImage,reformatted digital,https://api-pre.library.tamu.edu/fcrepo/rest/bb/97/f2/3e/bb97f23e-803a-4bd6-8406-06802623554c/berger_cloonan_first_58-2020-07-30_objects/13/pages/page_0/files/01513.jpg,,,,
2020-11-09T20:44:25.840000+00:00,https://api-pre.library.tamu.edu/fcrepo/rest/bb/97/f2/3e/bb97f23e-803a-4bd6-8406-06802623554c/berger_cloonan_first_58-2020-07-30_objects,19th century,French snail marbled papers|curl marbled paper|dutch marbled paper|art reproduction,"Surface application; Marbled; M4.D1.F6; Previously used as an endpaper in a bookbinding; heavy weight paper; Inscription original piece: ""French curl""; Section(s) from the Decorated and Decorative Paper Terms Thesaurus: VIII.F.1.c; Not signed. Not stamped. Not stickered. Not embossed.",https://api-pre.library.tamu.edu/fcrepo/rest/bb/97/f2/3e/bb97f23e-803a-4bd6-8406-06802623554c/berger_cloonan_first_58-2020-07-30_objects/17/orderProxies|https://api-pre.library.tamu.edu/fcrepo/rest/bb/97/f2/3e/bb97f23e-803a-4bd6-8406-06802623554c/berger_cloonan_first_58-2020-07-30_objects/17/pages,Marbled papers,"1 sheet of green, blue, red, yellow and white marbled paper; 7.00 x 10.00  in.",false,fedoraAdmin,French Curl (Berger-Cloonan #1517),1517,2020-11-09T20:44:25.840000+00:00,"No copyright - United States; For more information, see:  http://rightsstatements.org/vocab/NoC-US/1.0/",Paper,Openly accessible,Texas A & M University. Libraries,fedoraAdmin,StillImage,reformatted digital,https://api-pre.library.tamu.edu/fcrepo/rest/bb/97/f2/3e/bb97f23e-803a-4bd6-8406-06802623554c/berger_cloonan_first_58-2020-07-30_objects/17/pages/page_0/files/01517.jpg,,,,
2020-11-09T20:45:26.040000+00:00,https://api-pre.library.tamu.edu/fcrepo/rest/bb/97/f2/3e/bb97f23e-803a-4bd6-8406-06802623554c/berger_cloonan_first_58-2020-07-30_objects,19th century,art reproduction|French snail marbled papers|curl marbled paper|dutch marbled paper,"Surface application; Marbled; M4.D1.F6; Previously used as an endpaper in a bookbinding; Inscription original piece: ""similar to W. H. Wolnough mid-late 19th C?""; Section(s) from the Decorated and Decorative Paper Terms Thesaurus: VIII.F.1.c; Not signed. Not stamped. Not stickered. Not embossed.",https://api-pre.library.tamu.edu/fcrepo/rest/bb/97/f2/3e/bb97f23e-803a-4bd6-8406-06802623554c/berger_cloonan_first_58-2020-07-30_objects/3/orderProxies|https://api-pre.library.tamu.edu/fcrepo/rest/bb/97/f2/3e/bb97f23e-803a-4bd6-8406-06802623554c/berger_cloonan_first_58-2020-07-30_objects/3/pages,Marbled papers,"1 sheet of brown, blue, maroon and white marbled paper; 5.25 x 8.50 in.",false,fedoraAdmin,Berger-Cloonan #1499,1499,2020-11-09T20:45:26.040000+00:00,"No copyright - United States; For more information, see:  http://rightsstatements.org/vocab/NoC-US/1.0/",Paper,Openly accessible,Texas A & M University. Libraries,fedoraAdmin,StillImage,reformatted digital,https://api-pre.library.tamu.edu/fcrepo/rest/bb/97/f2/3e/bb97f23e-803a-4bd6-8406-06802623554c/berger_cloonan_first_58-2020-07-30_objects/3/pages/page_0/files/01499.jpg,,,,
2020-11-09T20:44:46.568000+00:00,https://api-pre.library.tamu.edu/fcrepo/rest/bb/97/f2/3e/bb97f23e-803a-4bd6-8406-06802623554c/berger_cloonan_first_58-2020-07-30_objects,1750 [?],art reproduction|Laid lines|Gold gilt papers,"Distribution of fibers; Surface application; Laid; Printed; P4.D6.F1; Overall floral pattern; rose paste background; 4 light gray borders; laid paper; Inscription original piece: ""(Nuremberg ca. 1750)  see #8828""; Contained in clear plastic sleeve along with another sheet of Dutch gilt; Sidney E. Berger and Michele V. Cloonan purchased the sheet.; Section(s) from the Decorated and Decorative Paper Terms Thesaurus: II.E; VIII.H.1.d.1; Not signed. Not stamped.; Center fold line",https://api-pre.library.tamu.edu/fcrepo/rest/bb/97/f2/3e/bb97f23e-803a-4bd6-8406-06802623554c/berger_cloonan_first_58-2020-07-30_objects/35/pages|https://api-pre.library.tamu.edu/fcrepo/rest/bb/97/f2/3e/bb97f23e-803a-4bd6-8406-06802623554c/berger_cloonan_first_58-2020-07-30_objects/35/orderProxies,Decorative paper,"1 sheet of pink, gold and light gray Dutch gilt paper; 13.50 x 16.25 in.",false,fedoraAdmin,Berger-Cloonan #12275,12275,2020-11-09T20:44:46.568000+00:00,"No copyright - United States; For more information, see:  http://rightsstatements.org/vocab/NoC-US/1.0/",Paper,Openly accessible,Texas A & M University. Libraries,fedoraAdmin,StillImage,reformatted digital,https://api-pre.library.tamu.edu/fcrepo/rest/bb/97/f2/3e/bb97f23e-803a-4bd6-8406-06802623554c/berger_cloonan_first_58-2020-07-30_objects/35/pages/page_0/files/12275.jpg,,"Nuremberg, Germany",,
2020-11-09T20:44:47.115000+00:00,https://api-pre.library.tamu.edu/fcrepo/rest/bb/97/f2/3e/bb97f23e-803a-4bd6-8406-06802623554c/berger_cloonan_first_58-2020-07-30_objects,Circa 1745,Laid lines|Gold gilt papers|art reproduction,"Distribution of fibers; Surface application; Laid; Printed; P4.D6.F1; Overall checkerboard pattern; gold against orange paste; 4 borders; laid paper; Inscription original piece: ""In Augspurg bei Johann Wilhelm Mayer No 9""; Section(s) from the Decorated and Decorative Paper Terms Thesaurus: II.E; VIII.H.1.d.1; Not signed. Stamped.",https://api-pre.library.tamu.edu/fcrepo/rest/bb/97/f2/3e/bb97f23e-803a-4bd6-8406-06802623554c/berger_cloonan_first_58-2020-07-30_objects/45/pages|https://api-pre.library.tamu.edu/fcrepo/rest/bb/97/f2/3e/bb97f23e-803a-4bd6-8406-06802623554c/berger_cloonan_first_58-2020-07-30_objects/45/orderProxies,Decorative paper,"1 sheet of orange, gold and off-white Dutch gilt paper; 14.25 x 17.75 in.",false,fedoraAdmin,Berger-Cloonan #12285,12285,2020-11-09T20:44:47.115000+00:00,"No copyright - United States; For more information, see:  http://rightsstatements.org/vocab/NoC-US/1.0/",Paper,Openly accessible,Texas A & M University. Libraries,fedoraAdmin,StillImage,reformatted digital,https://api-pre.library.tamu.edu/fcrepo/rest/bb/97/f2/3e/bb97f23e-803a-4bd6-8406-06802623554c/berger_cloonan_first_58-2020-07-30_objects/45/pages/page_0/files/12285.jpg,"Meyer, Johann Wilhem","Augsburg, Germany",,
2020-11-09T20:44:47.698000+00:00,https://api-pre.library.tamu.edu/fcrepo/rest/bb/97/f2/3e/bb97f23e-803a-4bd6-8406-06802623554c/berger_cloonan_first_58-2020-07-30_objects,19th century,Oil on water marbled papers|art reproduction,Surface application; Marbled; M5.D3.F9; Glossy finish; light weight paper; Frederik Muller donated the sheet to Sidney E. Berger and Michele V. Cloonan in 2008.  Sidney E. Berger met Frederik Muller at the Antiquarian Booksellers Association of America (ABAA) Book Fair in Boston that same year.; Section(s) from the Decorated and Decorative Paper Terms Thesaurus: VIII.F.1.f; Not signed. Not stamped.; Marbling color on side edges on verso; creased; torn; wrinkled,https://api-pre.library.tamu.edu/fcrepo/rest/bb/97/f2/3e/bb97f23e-803a-4bd6-8406-06802623554c/berger_cloonan_first_58-2020-07-30_objects/33/pages|https://api-pre.library.tamu.edu/fcrepo/rest/bb/97/f2/3e/bb97f23e-803a-4bd6-8406-06802623554c/berger_cloonan_first_58-2020-07-30_objects/33/orderProxies,Marbled papers,1 sheet of brown and cream marbled paper; 20.00 x 30.00 in.,false,fedoraAdmin,Berger-Cloonan #11379,11379,2020-11-09T20:44:47.698000+00:00,"No copyright - United States; For more information, see:  http://rightsstatements.org/vocab/NoC-US/1.0/",Paper,Openly accessible,Texas A & M University. Libraries,fedoraAdmin,StillImage,reformatted digital,https://api-pre.library.tamu.edu/fcrepo/rest/bb/97/f2/3e/bb97f23e-803a-4bd6-8406-06802623554c/berger_cloonan_first_58-2020-07-30_objects/33/pages/page_0/files/11379.jpg,,,M5.D3.F9.A,
2020-11-09T20:44:54.727000+00:00,https://api-pre.library.tamu.edu/fcrepo/rest/bb/97/f2/3e/bb97f23e-803a-4bd6-8406-06802623554c/berger_cloonan_first_58-2020-07-30_objects,Circa 1720s,Laid lines|art reproduction|Gold gilt papers,Distribution of fibers; Surface application; Laid; Printed; P4.D6.F1; Overall pattern floral design; gold over carmine paste; 4 borders; laid paper; Contained in clear plastic sleeve; Sidney E. Berger and Michele V. Cloonan purchased the sheet circa 2002.; Section(s) from the Decorated and Decorative Paper Terms Thesaurus: II.E; VIII.H.1.d.1; Not signed. Not stamped.; Center fold line,https://api-pre.library.tamu.edu/fcrepo/rest/bb/97/f2/3e/bb97f23e-803a-4bd6-8406-06802623554c/berger_cloonan_first_58-2020-07-30_objects/56/orderProxies|https://api-pre.library.tamu.edu/fcrepo/rest/bb/97/f2/3e/bb97f23e-803a-4bd6-8406-06802623554c/berger_cloonan_first_58-2020-07-30_objects/56/pages,Decorative paper,"1 sheet of red, gold and off-white Dutch gilt paper; 13.50 x 16.50 in.",false,fedoraAdmin,Berger-Cloonan #12299,12299,2020-11-09T20:44:54.727000+00:00,"No copyright - United States; For more information, see:  http://rightsstatements.org/vocab/NoC-US/1.0/",Paper,Openly accessible,Texas A & M University. Libraries,fedoraAdmin,StillImage,reformatted digital,https://api-pre.library.tamu.edu/fcrepo/rest/bb/97/f2/3e/bb97f23e-803a-4bd6-8406-06802623554c/berger_cloonan_first_58-2020-07-30_objects/56/pages/page_0/files/12299.jpg,,,,
2020-11-09T20:44:47.336000+00:00,https://api-pre.library.tamu.edu/fcrepo/rest/bb/97/f2/3e/bb97f23e-803a-4bd6-8406-06802623554c/berger_cloonan_first_58-2020-07-30_objects,1740,Laid lines|Gold gilt papers|art reproduction,"Distribution of fibers; Surface application; Laid; Printed; P4.D6.F1; Overall floral pattern against unpasted sheet; 4 borders; laid paper; Inscription original piece: ""In Augspurg bei Johan Wilhel[m] Meyer No 1""; Section(s) from the Decorated and Decorative Paper Terms Thesaurus: II.E; VIII.H.1.d.1; Not signed. Stamped.",https://api-pre.library.tamu.edu/fcrepo/rest/bb/97/f2/3e/bb97f23e-803a-4bd6-8406-06802623554c/berger_cloonan_first_58-2020-07-30_objects/44/orderProxies|https://api-pre.library.tamu.edu/fcrepo/rest/bb/97/f2/3e/bb97f23e-803a-4bd6-8406-06802623554c/berger_cloonan_first_58-2020-07-30_objects/44/pages,Decorative paper,1 sheet of gold and off-white Dutch gilt paper; 14.25 x 17.75 in.,false,fedoraAdmin,Berger-Cloonan #12284,12284,2020-11-09T20:44:47.336000+00:00,"No copyright - United States; For more information, see:  http://rightsstatements.org/vocab/NoC-US/1.0/",Paper,Openly accessible,Texas A & M University. Libraries,fedoraAdmin,StillImage,reformatted digital,https://api-pre.library.tamu.edu/fcrepo/rest/bb/97/f2/3e/bb97f23e-803a-4bd6-8406-06802623554c/berger_cloonan_first_58-2020-07-30_objects/44/pages/page_0/files/12284.jpg,"Meyer, Johann Wilhem","Augsburg, Germany",,
2020-11-09T20:46:01.553000+00:00,https://api-pre.library.tamu.edu/fcrepo/rest/bb/97/f2/3e/bb97f23e-803a-4bd6-8406-06802623554c/berger_cloonan_first_58-2020-07-30_objects,Circa 1783,Laid lines|Silver gilt papers|art reproduction,"Distribution of fibers; Surface application; Laid; Printed; P4.D6.F1; Overall pattern with floral design; tarnished silver over green paste; 4 borders; laid paper; Inscription original piece: ""PAUL REYMUND in NURNBERG No 12""; Contained in clear plastic sleeve; Not in Haemmerle; Sidney E. Berger and Michele V. Cloonan purchased the sheet.; Section(s) from the Decorated and Decorative Paper Terms Thesaurus: II.E; VIII.H.1.d.2; Not signed. Stamped.; Center fold line",https://api-pre.library.tamu.edu/fcrepo/rest/bb/97/f2/3e/bb97f23e-803a-4bd6-8406-06802623554c/berger_cloonan_first_58-2020-07-30_objects/54/orderProxies|https://api-pre.library.tamu.edu/fcrepo/rest/bb/97/f2/3e/bb97f23e-803a-4bd6-8406-06802623554c/berger_cloonan_first_58-2020-07-30_objects/54/pages,Decorative paper,"1 sheet of green, silver and off-white silver gilt paper; 13.75 x 16.50 in.",false,fedoraAdmin,Berger-Cloonan #12297,12297,2020-11-09T20:46:01.553000+00:00,"No copyright - United States; For more information, see:  http://rightsstatements.org/vocab/NoC-US/1.0/",Paper,Openly accessible,Texas A & M University. Libraries,fedoraAdmin,StillImage,reformatted digital,https://api-pre.library.tamu.edu/fcrepo/rest/bb/97/f2/3e/bb97f23e-803a-4bd6-8406-06802623554c/berger_cloonan_first_58-2020-07-30_objects/54/pages/page_0/files/12297.jpg,"Reymund, Paul","Nuremberg, Germany",,
2020-11-09T20:45:26.410000+00:00,https://api-pre.library.tamu.edu/fcrepo/rest/bb/97/f2/3e/bb97f23e-803a-4bd6-8406-06802623554c/berger_cloonan_first_58-2020-07-30_objects,19th century,Folded and dyed papers|art reproduction,Impregnated; Dyed; M4.D1.F6; Light weight paper; visible fibers; folded; Section(s) from the Decorated and Decorative Paper Terms Thesaurus: IV.A.2; Not signed. Not stamped. Not stickered. Not embossed.; Creased along folds; 1 large tear,https://api-pre.library.tamu.edu/fcrepo/rest/bb/97/f2/3e/bb97f23e-803a-4bd6-8406-06802623554c/berger_cloonan_first_58-2020-07-30_objects/23/pages|https://api-pre.library.tamu.edu/fcrepo/rest/bb/97/f2/3e/bb97f23e-803a-4bd6-8406-06802623554c/berger_cloonan_first_58-2020-07-30_objects/23/orderProxies,Decorative paper,"1 sheet of blue, yellow, green and white dyed paper; 19.00 x 24.00 (unfolded) in.",false,fedoraAdmin,Berger-Cloonan #1523,1523,2020-11-09T20:45:26.410000+00:00,"No copyright - United States; For more information, see:  http://rightsstatements.org/vocab/NoC-US/1.0/",Paper,Openly accessible,Texas A & M University. Libraries,fedoraAdmin,StillImage,reformatted digital,https://api-pre.library.tamu.edu/fcrepo/rest/bb/97/f2/3e/bb97f23e-803a-4bd6-8406-06802623554c/berger_cloonan_first_58-2020-07-30_objects/23/pages/page_0/files/01523.jpg,,,,
2020-11-09T20:45:06.616000+00:00,https://api-pre.library.tamu.edu/fcrepo/rest/bb/97/f2/3e/bb97f23e-803a-4bd6-8406-06802623554c/berger_cloonan_first_58-2020-07-30_objects,19th century,art reproduction|nonpareil marbled paper|Non pareil marbled papers,Surface application; Marbled; M4.D1.F6; Previously used as an endpaper in a bookbinding; heavy weight paper; Section(s) from the Decorated and Decorative Paper Terms Thesaurus: VIII.F.1.e; Not signed. Not stamped. Not stickered. Not embossed.,https://api-pre.library.tamu.edu/fcrepo/rest/bb/97/f2/3e/bb97f23e-803a-4bd6-8406-06802623554c/berger_cloonan_first_58-2020-07-30_objects/9/pages|https://api-pre.library.tamu.edu/fcrepo/rest/bb/97/f2/3e/bb97f23e-803a-4bd6-8406-06802623554c/berger_cloonan_first_58-2020-07-30_objects/9/orderProxies,Marbled papers,"1 sheet of maroon, blue, brown, black, yellow and white marbled paper; 5.75 x 9.00 in.",false,fedoraAdmin,Berger-Cloonan #1509,1509,2020-11-09T20:45:06.616000+00:00,"No copyright - United States; For more information, see:  http://rightsstatements.org/vocab/NoC-US/1.0/",Paper,Openly accessible,Texas A & M University. Libraries,fedoraAdmin,StillImage,reformatted digital,https://api-pre.library.tamu.edu/fcrepo/rest/bb/97/f2/3e/bb97f23e-803a-4bd6-8406-06802623554c/berger_cloonan_first_58-2020-07-30_objects/9/pages/page_0/files/01509.jpg,,,,
2020-11-09T20:44:25.657000+00:00,https://api-pre.library.tamu.edu/fcrepo/rest/bb/97/f2/3e/bb97f23e-803a-4bd6-8406-06802623554c/berger_cloonan_first_58-2020-07-30_objects,19th century,art reproduction|nonpareil marbled paper|Non pareil marbled papers,Surface application; Marbled; M4.D1.F6; Previously used as an endpaper in a bookbinding; heavy weight paper; Section(s) from the Decorated and Decorative Paper Terms Thesaurus: VIII.F.1.e; Not signed. Not stamped. Not stickered. Not embossed.; Slightly torn along edges,https://api-pre.library.tamu.edu/fcrepo/rest/bb/97/f2/3e/bb97f23e-803a-4bd6-8406-06802623554c/berger_cloonan_first_58-2020-07-30_objects/11/pages|https://api-pre.library.tamu.edu/fcrepo/rest/bb/97/f2/3e/bb97f23e-803a-4bd6-8406-06802623554c/berger_cloonan_first_58-2020-07-30_objects/11/orderProxies,Marbled papers,"1 sheet of maroon, blue, green, yellow and white marbled paper; 5.75 x 9.00 in.",false,fedoraAdmin,Berger-Cloonan #1511,1511,2020-11-09T20:44:25.657000+00:00,"No copyright - United States; For more information, see:  http://rightsstatements.org/vocab/NoC-US/1.0/",Paper,Openly accessible,Texas A & M University. Libraries,fedoraAdmin,StillImage,reformatted digital,https://api-pre.library.tamu.edu/fcrepo/rest/bb/97/f2/3e/bb97f23e-803a-4bd6-8406-06802623554c/berger_cloonan_first_58-2020-07-30_objects/11/pages/page_0/files/01511.jpg,,,,
2020-11-09T20:44:26.369000+00:00,https://api-pre.library.tamu.edu/fcrepo/rest/bb/97/f2/3e/bb97f23e-803a-4bd6-8406-06802623554c/berger_cloonan_first_58-2020-07-30_objects,19th century,Lithographed papers|art reproduction,"Surface application; Printed; M4.D1.F6; Previously used as an endpaper in a bookbinding; pattern resembles non pareil marbling; heavy weight paper; Inscription original piece: ""printed""; Section(s) from the Decorated and Decorative Paper Terms Thesaurus: VIII.H.4; Not signed. Not stamped. Not stickered. Not embossed.; Creased along edge",https://api-pre.library.tamu.edu/fcrepo/rest/bb/97/f2/3e/bb97f23e-803a-4bd6-8406-06802623554c/berger_cloonan_first_58-2020-07-30_objects/21/pages|https://api-pre.library.tamu.edu/fcrepo/rest/bb/97/f2/3e/bb97f23e-803a-4bd6-8406-06802623554c/berger_cloonan_first_58-2020-07-30_objects/21/orderProxies,Decorative paper,"1 sheet of red, blue, black, yellow and white printed paper; 9.25 x 11.75 in.",false,fedoraAdmin,Berger-Cloonan #1521,1521,2020-11-09T20:44:26.369000+00:00,"No copyright - United States; For more information, see:  http://rightsstatements.org/vocab/NoC-US/1.0/",Paper,Openly accessible,Texas A & M University. Libraries,fedoraAdmin,StillImage,reformatted digital,https://api-pre.library.tamu.edu/fcrepo/rest/bb/97/f2/3e/bb97f23e-803a-4bd6-8406-06802623554c/berger_cloonan_first_58-2020-07-30_objects/21/pages/page_0/files/01521.jpg,,,,
2020-11-09T20:46:01.256000+00:00,https://api-pre.library.tamu.edu/fcrepo/rest/bb/97/f2/3e/bb97f23e-803a-4bd6-8406-06802623554c/berger_cloonan_first_58-2020-07-30_objects,Circa 1826,art reproduction|Laid lines|Gold gilt papers,"Distribution of fibers; Surface application; Laid; Printed; P4.D6.F1; Overall pattern with 30 wild and tamed animals; gold over teal blue paste; 4 borders; laid paper; Inscription original piece: ""G. N. RENNER & ABEL""; Contained in clear plastic sleeve; See Haemmerle #385 notes on white paper; Sidney E. Berger and Michele V. Cloonan purchased the sheet from Andreas Mueller in Potsdam, Germany in 2012.; Section(s) from the Decorated and Decorative Paper Terms Thesaurus: II.E; VIII.H.1.d.1; Not signed.   Stamped.; Center fold line",https://api-pre.library.tamu.edu/fcrepo/rest/bb/97/f2/3e/bb97f23e-803a-4bd6-8406-06802623554c/berger_cloonan_first_58-2020-07-30_objects/52/orderProxies|https://api-pre.library.tamu.edu/fcrepo/rest/bb/97/f2/3e/bb97f23e-803a-4bd6-8406-06802623554c/berger_cloonan_first_58-2020-07-30_objects/52/pages,Decorative paper,"1 sheet of teal blue, gold and off-white Dutch gilt paper; 13.25 x 15.50 in.",false,fedoraAdmin,Berger-Cloonan #12294,12294,2020-11-09T20:46:01.256000+00:00,"No copyright - United States; For more information, see:  http://rightsstatements.org/vocab/NoC-US/1.0/",Paper,Openly accessible,Texas A & M University. Libraries,fedoraAdmin,StillImage,reformatted digital,https://api-pre.library.tamu.edu/fcrepo/rest/bb/97/f2/3e/bb97f23e-803a-4bd6-8406-06802623554c/berger_cloonan_first_58-2020-07-30_objects/52/pages/page_0/files/12294.jpg,G.N. Renner and Abel,,,
2020-11-09T20:45:06.563000+00:00,https://api-pre.library.tamu.edu/fcrepo/rest/bb/97/f2/3e/bb97f23e-803a-4bd6-8406-06802623554c/berger_cloonan_first_58-2020-07-30_objects,19th century,art reproduction|nonpareil marbled paper|Non pareil marbled papers,Surface application; Marbled; M4.D1.F6; Previously used as an endpaper in a bookbinding; Section(s) from the Decorated and Decorative Paper Terms Thesaurus: VIII.F.1.e; Not signed. Not stamped. Not stickered. Not embossed.,https://api-pre.library.tamu.edu/fcrepo/rest/bb/97/f2/3e/bb97f23e-803a-4bd6-8406-06802623554c/berger_cloonan_first_58-2020-07-30_objects/7/pages|https://api-pre.library.tamu.edu/fcrepo/rest/bb/97/f2/3e/bb97f23e-803a-4bd6-8406-06802623554c/berger_cloonan_first_58-2020-07-30_objects/7/orderProxies,Marbled papers,"1 sheet of yellow, green, purple, maroon and white marbled paper; 5.25 x 8.50 in.",false,fedoraAdmin,Berger-Cloonan #1503,1503,2020-11-09T20:45:06.563000+00:00,"No copyright - United States; For more information, see:  http://rightsstatements.org/vocab/NoC-US/1.0/",Paper,Openly accessible,Texas A & M University. Libraries,fedoraAdmin,StillImage,reformatted digital,https://api-pre.library.tamu.edu/fcrepo/rest/bb/97/f2/3e/bb97f23e-803a-4bd6-8406-06802623554c/berger_cloonan_first_58-2020-07-30_objects/7/pages/page_0/files/01503.jpg,,,,
2020-11-09T20:45:27.490000+00:00,https://api-pre.library.tamu.edu/fcrepo/rest/bb/97/f2/3e/bb97f23e-803a-4bd6-8406-06802623554c/berger_cloonan_first_58-2020-07-30_objects,19th century,Oil on water marbled papers|art reproduction,Surface application; Marbled; M5.D3.F9; Glossy finish; Frederik Muller donated the sheet to Sidney E. Berger and Michele V. Cloonan in 2008.  Sidney E. Berger met Frederik Muller at the Antiquarian Booksellers Association of America (ABAA) Book Fair in Boston that same year.; Section(s) from the Decorated and Decorative Paper Terms Thesaurus: VIII.F.1.f; Not signed. Not stamped.; Marbling color on  top and bottom edges on verso; wrinkled; black marks on verso,https://api-pre.library.tamu.edu/fcrepo/rest/bb/97/f2/3e/bb97f23e-803a-4bd6-8406-06802623554c/berger_cloonan_first_58-2020-07-30_objects/31/pages|https://api-pre.library.tamu.edu/fcrepo/rest/bb/97/f2/3e/bb97f23e-803a-4bd6-8406-06802623554c/berger_cloonan_first_58-2020-07-30_objects/31/orderProxies,Marbled papers,"1 sheet of yellow, brown, black and white marbled paper; 19.50 x 28.50 in.",false,fedoraAdmin,Berger-Cloonan #11377,11377,2020-11-09T20:45:27.490000+00:00,"No copyright - United States; For more information, see:  http://rightsstatements.org/vocab/NoC-US/1.0/",Paper,Openly accessible,Texas A & M University. Libraries,fedoraAdmin,StillImage,reformatted digital,https://api-pre.library.tamu.edu/fcrepo/rest/bb/97/f2/3e/bb97f23e-803a-4bd6-8406-06802623554c/berger_cloonan_first_58-2020-07-30_objects/31/pages/page_0/files/11377.jpg,,,M5.D3.F9.A,
2020-11-09T20:45:46.155000+00:00,https://api-pre.library.tamu.edu/fcrepo/rest/bb/97/f2/3e/bb97f23e-803a-4bd6-8406-06802623554c/berger_cloonan_first_58-2020-07-30_objects,1790 [?],art reproduction|Gold gilt papers,"Surface application; Printed; P4.D6.F1; Overall pattern depicts 2 rows of 4 alphabetical panels each; gold over red paste background; Inscription original piece: ""Johann Lechner in Fuerth No 26""; Section(s) from the Decorated and Decorative Paper Terms Thesaurus: VIII.H.1.d.1; Not signed. Stamped.",https://api-pre.library.tamu.edu/fcrepo/rest/bb/97/f2/3e/bb97f23e-803a-4bd6-8406-06802623554c/berger_cloonan_first_58-2020-07-30_objects/41/pages|https://api-pre.library.tamu.edu/fcrepo/rest/bb/97/f2/3e/bb97f23e-803a-4bd6-8406-06802623554c/berger_cloonan_first_58-2020-07-30_objects/41/orderProxies,Decorative paper,"1 sheet of red, gold and off-white Dutch gilt paper; 13.50 x 16.50 in.",false,fedoraAdmin,Berger-Cloonan #12281,12281,2020-11-09T20:45:46.155000+00:00,"No copyright - United States; For more information, see:  http://rightsstatements.org/vocab/NoC-US/1.0/",Paper,Openly accessible,Texas A & M University. Libraries,fedoraAdmin,StillImage,reformatted digital,https://api-pre.library.tamu.edu/fcrepo/rest/bb/97/f2/3e/bb97f23e-803a-4bd6-8406-06802623554c/berger_cloonan_first_58-2020-07-30_objects/41/pages/page_0/files/12281.jpg,"Lechner, Johann",,,
2020-11-09T20:45:06.447000+00:00,https://api-pre.library.tamu.edu/fcrepo/rest/bb/97/f2/3e/bb97f23e-803a-4bd6-8406-06802623554c/berger_cloonan_first_58-2020-07-30_objects,Circa 1720,art reproduction|Gold gilt papers|Laid lines,"Distribution of fibers; Surface application; Laid; Printed; P4.D6.F1; Overall pattern of floral vignette design with birds, cupids, cornucopiae, grotesques, etc.; gold over carmine paste; laid paper; heavy weight paper due to varnishing; Contained in clear plastic sleeve; Note: numbered 12302A and 12302B; Sidney E. Berger and Michele V. Cloonan purchased the sheet.; Section(s) from the Decorated and Decorative Paper Terms Thesaurus: II.E; VIII.H.1.d.1; Not signed. Not stamped.; Center fold line; torn down the middle; small holes; tears; stained on recto",https://api-pre.library.tamu.edu/fcrepo/rest/bb/97/f2/3e/bb97f23e-803a-4bd6-8406-06802623554c/berger_cloonan_first_58-2020-07-30_objects/59/orderProxies|https://api-pre.library.tamu.edu/fcrepo/rest/bb/97/f2/3e/bb97f23e-803a-4bd6-8406-06802623554c/berger_cloonan_first_58-2020-07-30_objects/59/pages,Decorative paper,"1 full sheet in 2 parts of red, gold and off-white Dutch gilt paper; 13.75 x 15.50 in.",false,fedoraAdmin,Berger-Cloonan #12302,12302,2020-11-09T20:45:06.447000+00:00,"No copyright - United States; For more information, see:  http://rightsstatements.org/vocab/NoC-US/1.0/",Paper,Openly accessible,Texas A & M University. Libraries,fedoraAdmin,StillImage,reformatted digital,https://api-pre.library.tamu.edu/fcrepo/rest/bb/97/f2/3e/bb97f23e-803a-4bd6-8406-06802623554c/berger_cloonan_first_58-2020-07-30_objects/59/pages/page_0/files/12302.jpg,,,,
2020-11-09T20:45:12.915000+00:00,https://api-pre.library.tamu.edu/fcrepo/rest/bb/97/f2/3e/bb97f23e-803a-4bd6-8406-06802623554c/berger_cloonan_first_58-2020-07-30_objects,19th century,art reproduction|nonpareil marbled paper|Non pareil marbled papers,Surface application; Marbled; M4.D1.F6; Previously used as an endpaper in a bookbinding; heavy weight paper; Section(s) from the Decorated and Decorative Paper Terms Thesaurus: VIII.F.1.e; Not signed. Not stamped. Not stickered. Not embossed.; Slightly torn along edges,https://api-pre.library.tamu.edu/fcrepo/rest/bb/97/f2/3e/bb97f23e-803a-4bd6-8406-06802623554c/berger_cloonan_first_58-2020-07-30_objects/14/orderProxies|https://api-pre.library.tamu.edu/fcrepo/rest/bb/97/f2/3e/bb97f23e-803a-4bd6-8406-06802623554c/berger_cloonan_first_58-2020-07-30_objects/14/pages,Marbled papers,"1 sheet of maroon, blue, green, yellow and white marbled paper; 5.75 x 9.00 in.",false,fedoraAdmin,Berger-Cloonan #1514,1514,2020-11-09T20:45:12.915000+00:00,"No copyright - United States; For more information, see:  http://rightsstatements.org/vocab/NoC-US/1.0/",Paper,Openly accessible,Texas A & M University. Libraries,fedoraAdmin,StillImage,reformatted digital,https://api-pre.library.tamu.edu/fcrepo/rest/bb/97/f2/3e/bb97f23e-803a-4bd6-8406-06802623554c/berger_cloonan_first_58-2020-07-30_objects/14/pages/page_0/files/01514.jpg,,,,
2020-11-09T20:44:25.916000+00:00,https://api-pre.library.tamu.edu/fcrepo/rest/bb/97/f2/3e/bb97f23e-803a-4bd6-8406-06802623554c/berger_cloonan_first_58-2020-07-30_objects,Early 18th century [?],Non pareil marbled papers|art reproduction|nonpareil marbled paper,"Surface application; Marbled; M4.D1.F6; Previously used as an endpaper in a bookbinding; heavy weight paper; Inscription original piece: ""possibly early 18th c.""; Section(s) from the Decorated and Decorative Paper Terms Thesaurus: VIII.F.1.e; Not signed. Not stamped. Not stickered. Not embossed.; Faded; worn",https://api-pre.library.tamu.edu/fcrepo/rest/bb/97/f2/3e/bb97f23e-803a-4bd6-8406-06802623554c/berger_cloonan_first_58-2020-07-30_objects/18/orderProxies|https://api-pre.library.tamu.edu/fcrepo/rest/bb/97/f2/3e/bb97f23e-803a-4bd6-8406-06802623554c/berger_cloonan_first_58-2020-07-30_objects/18/pages,Marbled papers,"1 sheet of blue, red, yellow and white marbled paper; 7.50 x 9.25  in.",false,fedoraAdmin,Berger-Cloonan #1518,1518,2020-11-09T20:44:25.916000+00:00,"No copyright - United States; For more information, see:  http://rightsstatements.org/vocab/NoC-US/1.0/",Paper,Openly accessible,Texas A & M University. Libraries,fedoraAdmin,StillImage,reformatted digital,https://api-pre.library.tamu.edu/fcrepo/rest/bb/97/f2/3e/bb97f23e-803a-4bd6-8406-06802623554c/berger_cloonan_first_58-2020-07-30_objects/18/pages/page_0/files/01518.jpg,,,,
2020-11-09T20:45:47.045000+00:00,https://api-pre.library.tamu.edu/fcrepo/rest/bb/97/f2/3e/bb97f23e-803a-4bd6-8406-06802623554c/berger_cloonan_first_58-2020-07-30_objects,1770 [?],art reproduction|Gold gilt papers|Laid lines,"Distribution of fibers; Surface application; Laid; Printed; P4.D6.F1; Overall pattern of 3 rows of 7 soldiers each; gold against blue-green paste; 4 borders; laid paper; Inscription original piece: ""Johan M? No 28?""; Section(s) from the Decorated and Decorative Paper Terms Thesaurus: II.E; VIII.H.1.d.1; Not signed. Stamped.",https://api-pre.library.tamu.edu/fcrepo/rest/bb/97/f2/3e/bb97f23e-803a-4bd6-8406-06802623554c/berger_cloonan_first_58-2020-07-30_objects/46/orderProxies|https://api-pre.library.tamu.edu/fcrepo/rest/bb/97/f2/3e/bb97f23e-803a-4bd6-8406-06802623554c/berger_cloonan_first_58-2020-07-30_objects/46/pages,Decorative paper,"1 sheet of blue, gold and off-white Dutch gilt paper; 13.75 x 16.50 in.",false,fedoraAdmin,Berger-Cloonan #12286,12286,2020-11-09T20:45:47.045000+00:00,"No copyright - United States; For more information, see:  http://rightsstatements.org/vocab/NoC-US/1.0/",Paper,Openly accessible,Texas A & M University. Libraries,fedoraAdmin,StillImage,reformatted digital,https://api-pre.library.tamu.edu/fcrepo/rest/bb/97/f2/3e/bb97f23e-803a-4bd6-8406-06802623554c/berger_cloonan_first_58-2020-07-30_objects/46/pages/page_0/files/12286.jpg,,,,
2020-11-09T20:45:31.910000+00:00,https://api-pre.library.tamu.edu/fcrepo/rest/bb/97/f2/3e/bb97f23e-803a-4bd6-8406-06802623554c/berger_cloonan_first_58-2020-07-30_objects,1750 [?],art reproduction|Laid lines|Silver gilt papers,"Distribution of fibers; Surface application; Laid; Printed; P4.D6.F1; Overall floral pattern; pale green background with silver highlights; 4 light  borders; laid paper; Inscription original piece: ""(Nuremberg ca. 1750), Rare silver Buntpapier""; Contained in clear plastic sleeve along with another sheet of Dutch gilt; Sidney E. Berger and Michele V. Cloonan purchased the sheet.; Section(s) from the Decorated and Decorative Paper Terms Thesaurus: II.E; VIII.H.1.d.2; Not signed. Not stamped.; Center fold line",https://api-pre.library.tamu.edu/fcrepo/rest/bb/97/f2/3e/bb97f23e-803a-4bd6-8406-06802623554c/berger_cloonan_first_58-2020-07-30_objects/36/pages|https://api-pre.library.tamu.edu/fcrepo/rest/bb/97/f2/3e/bb97f23e-803a-4bd6-8406-06802623554c/berger_cloonan_first_58-2020-07-30_objects/36/orderProxies,Decorative paper,"1 sheet of light green, silver and off-white Dutch gilt paper; 13.50 x 16.50 in.",false,fedoraAdmin,Berger-Cloonan #12276,12276,2020-11-09T20:45:31.910000+00:00,"No copyright - United States; For more information, see:  http://rightsstatements.org/vocab/NoC-US/1.0/",Paper,Openly accessible,Texas A & M University. Libraries,fedoraAdmin,StillImage,reformatted digital,https://api-pre.library.tamu.edu/fcrepo/rest/bb/97/f2/3e/bb97f23e-803a-4bd6-8406-06802623554c/berger_cloonan_first_58-2020-07-30_objects/36/pages/page_0/files/12276.jpg,,"Nuremberg, Germany",,
2020-11-09T20:45:45.447000+00:00,https://api-pre.library.tamu.edu/fcrepo/rest/bb/97/f2/3e/bb97f23e-803a-4bd6-8406-06802623554c/berger_cloonan_first_58-2020-07-30_objects,19th century,art reproduction|nonpareil marbled paper|Non pareil marbled papers,Surface application; Marbled; M4.D1.F6; Previously used as an endpaper in a bookbinding; Section(s) from the Decorated and Decorative Paper Terms Thesaurus: VIII.F.1.e; Not signed. Not stamped. Not stickered. Not embossed.,https://api-pre.library.tamu.edu/fcrepo/rest/bb/97/f2/3e/bb97f23e-803a-4bd6-8406-06802623554c/berger_cloonan_first_58-2020-07-30_objects/4/orderProxies|https://api-pre.library.tamu.edu/fcrepo/rest/bb/97/f2/3e/bb97f23e-803a-4bd6-8406-06802623554c/berger_cloonan_first_58-2020-07-30_objects/4/pages,Marbled papers,"1 sheet of yellow, green, blue, maroon and white marbled paper; 5.50 x 9.00  in.",false,fedoraAdmin,Berger-Cloonan #1500,1500,2020-11-09T20:45:45.447000+00:00,"No copyright - United States; For more information, see:  http://rightsstatements.org/vocab/NoC-US/1.0/",Paper,Openly accessible,Texas A & M University. Libraries,fedoraAdmin,StillImage,reformatted digital,https://api-pre.library.tamu.edu/fcrepo/rest/bb/97/f2/3e/bb97f23e-803a-4bd6-8406-06802623554c/berger_cloonan_first_58-2020-07-30_objects/4/pages/page_0/files/01500.jpg,,,,
2020-11-09T20:45:45.418000+00:00,https://api-pre.library.tamu.edu/fcrepo/rest/bb/97/f2/3e/bb97f23e-803a-4bd6-8406-06802623554c/berger_cloonan_first_58-2020-07-30_objects,1730-1760,art reproduction|Laid lines|Dutch gilt papers,"Distribution of fibers; Surface application; Laid; Printed; P4.D6.F1; Overall floral pattern; pale green paste background; 4 light borders; laid paper; Inscription original piece: ""In Augspurg zv Finden bey Johann Michael Munck N 14""; Contained in clear plastic sleeve along with another sheet of Dutch gilt.  See Haemmerle #241; Sidney E. Berger and Michele V. Cloonan purchased the sheet from Hosie Baskin in 12/1995.; Section(s) from the Decorated and Decorative Paper Terms Thesaurus: II.E; VIII.H.1.d; Not signed. Stamped.; Center fold line; folded",https://api-pre.library.tamu.edu/fcrepo/rest/bb/97/f2/3e/bb97f23e-803a-4bd6-8406-06802623554c/berger_cloonan_first_58-2020-07-30_objects/38/orderProxies|https://api-pre.library.tamu.edu/fcrepo/rest/bb/97/f2/3e/bb97f23e-803a-4bd6-8406-06802623554c/berger_cloonan_first_58-2020-07-30_objects/38/pages,Decorative paper,"1 sheet of light green, gold and off-white Dutch gilt paper; 13.50 x 16.75 in.",false,fedoraAdmin,Berger-Cloonan #12278,12278,2020-11-09T20:45:45.418000+00:00,"No copyright - United States; For more information, see:  http://rightsstatements.org/vocab/NoC-US/1.0/",Paper,Openly accessible,Texas A & M University. Libraries,fedoraAdmin,StillImage,reformatted digital,https://api-pre.library.tamu.edu/fcrepo/rest/bb/97/f2/3e/bb97f23e-803a-4bd6-8406-06802623554c/berger_cloonan_first_58-2020-07-30_objects/38/pages/page_0/files/12278.jpg,"Munck, Johann Michael","Augsburg, Germany",,
