fedora_lastModifiedBy,dc_type,fedora_created,dc_format,fedora_hasParent,dc_subject,dc_identifier,dcterms_accessRights,ldp_contains,fedora_lastModified,fedora_writable,dcterms_extent,dc_publisher,dcterms_created,dc_rights,fedora_createdBy,dc_title,dcterms_medium,dcterms_type,tamudigital_local/details,files,dc_creator,dcterms_spatial,dc_contributor,dc_relation
fedoraAdmin,endpapers|nonpareil marbled paper|art reproduction|Non pareil marbled papers,2020-11-19T20:27:42.479000+00:00,reformatted digital,https://api.library.tamu.edu/fcrepo/rest/3b/6f/c3/25/3b6fc325-f6ca-41d8-b91e-8c5db3be8c13/berger_cloonan_objects,Marbled papers,1525,Openly accessible,https://api.library.tamu.edu/fcrepo/rest/3b/6f/c3/25/3b6fc325-f6ca-41d8-b91e-8c5db3be8c13/berger_cloonan_objects/25/pages|https://api.library.tamu.edu/fcrepo/rest/3b/6f/c3/25/3b6fc325-f6ca-41d8-b91e-8c5db3be8c13/berger_cloonan_objects/25/orderProxies,2023-11-09T17:17:42.910000+00:00,false,"1 sheet of blue, yellow, maroon and white marbled paper; 11.00 x 15.50  in.",Texas A & M University. Libraries,19th century,"No copyright - United States; For more information, see:  http://rightsstatements.org/vocab/NoC-US/1.0/",fedoraAdmin,Berger-Cloonan #1525,Paper,StillImage,Surface application; Marbled; M4.D1.F6; Previously used as an endpaper in a bookbinding; Section(s) from the Decorated and Decorative Paper Terms Thesaurus: VIII.F.1.e; Not signed. Not stamped. Not stickered. Not embossed.; Edges very torn; fragile,https://api.library.tamu.edu/fcrepo/rest/3b/6f/c3/25/3b6fc325-f6ca-41d8-b91e-8c5db3be8c13/berger_cloonan_objects/25/pages/page_0/files/01525.jpg,,,,
fedoraAdmin,art reproduction|dutch marbled paper|endpapers|French snail marbled papers|curl marbled paper,2020-11-19T20:27:22.342000+00:00,reformatted digital,https://api.library.tamu.edu/fcrepo/rest/3b/6f/c3/25/3b6fc325-f6ca-41d8-b91e-8c5db3be8c13/berger_cloonan_objects,Marbled papers,1517,Openly accessible,https://api.library.tamu.edu/fcrepo/rest/3b/6f/c3/25/3b6fc325-f6ca-41d8-b91e-8c5db3be8c13/berger_cloonan_objects/17/pages|https://api.library.tamu.edu/fcrepo/rest/3b/6f/c3/25/3b6fc325-f6ca-41d8-b91e-8c5db3be8c13/berger_cloonan_objects/17/orderProxies,2023-11-09T16:55:05.246000+00:00,false,"1 sheet of green, blue, red, yellow and white marbled paper; 7.00 x 10.00  in.",Texas A & M University. Libraries,19th century,"No copyright - United States; For more information, see:  http://rightsstatements.org/vocab/NoC-US/1.0/",fedoraAdmin,French Curl (Berger-Cloonan #1517),Paper,StillImage,"Surface application; Marbled; M4.D1.F6; Previously used as an endpaper in a bookbinding; heavy weight paper; Inscription original piece: ""French curl""; Section(s) from the Decorated and Decorative Paper Terms Thesaurus: VIII.F.1.c; Not signed. Not stamped. Not stickered. Not embossed.",https://api.library.tamu.edu/fcrepo/rest/3b/6f/c3/25/3b6fc325-f6ca-41d8-b91e-8c5db3be8c13/berger_cloonan_objects/17/pages/page_0/files/01517.jpg,,,,
fedoraAdmin,Silver gilt papers|Laid lines|art reproduction,2020-11-19T20:28:38.215000+00:00,reformatted digital,https://api.library.tamu.edu/fcrepo/rest/3b/6f/c3/25/3b6fc325-f6ca-41d8-b91e-8c5db3be8c13/berger_cloonan_objects,Decorative paper,12296,Openly accessible,https://api.library.tamu.edu/fcrepo/rest/3b/6f/c3/25/3b6fc325-f6ca-41d8-b91e-8c5db3be8c13/berger_cloonan_objects/53/pages|https://api.library.tamu.edu/fcrepo/rest/3b/6f/c3/25/3b6fc325-f6ca-41d8-b91e-8c5db3be8c13/berger_cloonan_objects/53/orderProxies,2022-05-18T23:43:22.689000+00:00,false,"1 sheet of green, silver and off-white silver gilt paper; 13.75 x 16.25 in.",Texas A & M University. Libraries,Circa 1783,"No copyright - United States; For more information, see:  http://rightsstatements.org/vocab/NoC-US/1.0/",fedoraAdmin,Berger-Cloonan #12296,Paper,StillImage,"Distribution of fibers; Surface application; Laid; Printed; P4.D6.F1; Overall pattern with star or asterisk and dot design; tarnished silver over green paste; 4 borders; laid paper; Inscription original piece: ""PAUL REYMUND in NURNBERG No 16, [above that, signed in larger letters]: ""BEY GEORG REYMUND IN AUGSPURG""; Contained in clear plastic sleeve; Not in Haemmerle; 2 signatures exceptionally uncommon; Sidney E. Berger and Michele V. Cloonan purchased the sheet from Bassenge Kunst und Buchauktion in 2011.; Section(s) from the Decorated and Decorative Paper Terms Thesaurus: II.E; VIII.H.1.d.2; Not signed. Stamped.; Center fold line",https://api.library.tamu.edu/fcrepo/rest/3b/6f/c3/25/3b6fc325-f6ca-41d8-b91e-8c5db3be8c13/berger_cloonan_objects/53/pages/page_0/files/12296.jpg,"Reymund, Georg|Reymund, Paul",Germany--Augsburg,,
fedoraAdmin,Folded and dyed papers|art reproduction,2020-11-19T20:27:42.306000+00:00,reformatted digital,https://api.library.tamu.edu/fcrepo/rest/3b/6f/c3/25/3b6fc325-f6ca-41d8-b91e-8c5db3be8c13/berger_cloonan_objects,Decorative paper,1523,Openly accessible,https://api.library.tamu.edu/fcrepo/rest/3b/6f/c3/25/3b6fc325-f6ca-41d8-b91e-8c5db3be8c13/berger_cloonan_objects/23/pages|https://api.library.tamu.edu/fcrepo/rest/3b/6f/c3/25/3b6fc325-f6ca-41d8-b91e-8c5db3be8c13/berger_cloonan_objects/23/orderProxies,2020-11-19T20:27:42.306000+00:00,false,"1 sheet of blue, yellow, green and white dyed paper; 19.00 x 24.00 (unfolded) in.",Texas A & M University. Libraries,19th century,"No copyright - United States; For more information, see:  http://rightsstatements.org/vocab/NoC-US/1.0/",fedoraAdmin,Berger-Cloonan #1523,Paper,StillImage,Impregnated; Dyed; M4.D1.F6; Light weight paper; visible fibers; folded; Section(s) from the Decorated and Decorative Paper Terms Thesaurus: IV.A.2; Not signed. Not stamped. Not stickered. Not embossed.; Creased along folds; 1 large tear,https://api.library.tamu.edu/fcrepo/rest/3b/6f/c3/25/3b6fc325-f6ca-41d8-b91e-8c5db3be8c13/berger_cloonan_objects/23/pages/page_0/files/01523.jpg,,,,
fedoraAdmin,art reproduction|Laid lines|Gold gilt papers,2020-11-19T20:28:22.150000+00:00,reformatted digital,https://api.library.tamu.edu/fcrepo/rest/3b/6f/c3/25/3b6fc325-f6ca-41d8-b91e-8c5db3be8c13/berger_cloonan_objects,Decorative paper,12285,Openly accessible,https://api.library.tamu.edu/fcrepo/rest/3b/6f/c3/25/3b6fc325-f6ca-41d8-b91e-8c5db3be8c13/berger_cloonan_objects/45/orderProxies|https://api.library.tamu.edu/fcrepo/rest/3b/6f/c3/25/3b6fc325-f6ca-41d8-b91e-8c5db3be8c13/berger_cloonan_objects/45/pages,2022-05-18T23:41:30.289000+00:00,false,"1 sheet of orange, gold and off-white Dutch gilt paper; 14.25 x 17.75 in.",Texas A & M University. Libraries,Circa 1745,"No copyright - United States; For more information, see:  http://rightsstatements.org/vocab/NoC-US/1.0/",fedoraAdmin,Berger-Cloonan #12285,Paper,StillImage,"Distribution of fibers; Surface application; Laid; Printed; P4.D6.F1; Overall checkerboard pattern; gold against orange paste; 4 borders; laid paper; Inscription original piece: ""In Augspurg bei Johann Wilhelm Mayer No 9""; Section(s) from the Decorated and Decorative Paper Terms Thesaurus: II.E; VIII.H.1.d.1; Not signed. Stamped.",https://api.library.tamu.edu/fcrepo/rest/3b/6f/c3/25/3b6fc325-f6ca-41d8-b91e-8c5db3be8c13/berger_cloonan_objects/45/pages/page_0/files/12285.jpg,"Meyer, Johann Wilhem",Germany--Augsburg,,
fedoraAdmin,nonpareil marbled paper|art reproduction|Non pareil marbled papers|endpapers,2020-11-19T20:27:22.599000+00:00,reformatted digital,https://api.library.tamu.edu/fcrepo/rest/3b/6f/c3/25/3b6fc325-f6ca-41d8-b91e-8c5db3be8c13/berger_cloonan_objects,Marbled papers,1519,Openly accessible,https://api.library.tamu.edu/fcrepo/rest/3b/6f/c3/25/3b6fc325-f6ca-41d8-b91e-8c5db3be8c13/berger_cloonan_objects/19/orderProxies|https://api.library.tamu.edu/fcrepo/rest/3b/6f/c3/25/3b6fc325-f6ca-41d8-b91e-8c5db3be8c13/berger_cloonan_objects/19/pages,2023-11-09T16:43:24.973000+00:00,false,"1 sheet of black, blue, red, yellow and white marbled paper; 10.25 x 15.00 in.",Texas A & M University. Libraries,19th century,"No copyright - United States; For more information, see:  http://rightsstatements.org/vocab/NoC-US/1.0/",fedoraAdmin,Berger-Cloonan #1519,Paper,StillImage,Surface application; Marbled; M4.D1.F6; Previously used as an endpaper in a bookbinding; heavy weight paper; Section(s) from the Decorated and Decorative Paper Terms Thesaurus: VIII.F.1.e; Not signed. Not stamped. Not stickered. Not embossed.; Edges torn; small portion of pattern torn off,https://api.library.tamu.edu/fcrepo/rest/3b/6f/c3/25/3b6fc325-f6ca-41d8-b91e-8c5db3be8c13/berger_cloonan_objects/19/pages/page_0/files/01519.jpg,,,,
fedoraAdmin,Non pareil marbled papers|endpapers|nonpareil marbled paper|art reproduction,2020-11-19T20:27:22.370000+00:00,reformatted digital,https://api.library.tamu.edu/fcrepo/rest/3b/6f/c3/25/3b6fc325-f6ca-41d8-b91e-8c5db3be8c13/berger_cloonan_objects,Marbled papers,1516,Openly accessible,https://api.library.tamu.edu/fcrepo/rest/3b/6f/c3/25/3b6fc325-f6ca-41d8-b91e-8c5db3be8c13/berger_cloonan_objects/16/orderProxies|https://api.library.tamu.edu/fcrepo/rest/3b/6f/c3/25/3b6fc325-f6ca-41d8-b91e-8c5db3be8c13/berger_cloonan_objects/16/pages,2023-11-09T16:41:41.672000+00:00,false,"1 sheet of maroon, blue, black, brown, yellow and white marbled paper; 5.50 x 8.25  in.",Texas A & M University. Libraries,19th century,"No copyright - United States; For more information, see:  http://rightsstatements.org/vocab/NoC-US/1.0/",fedoraAdmin,Berger-Cloonan #1516,Paper,StillImage,Surface application; Marbled; M4.D1.F6; Previously used as an endpaper in a bookbinding; heavy weight paper; Section(s) from the Decorated and Decorative Paper Terms Thesaurus: VIII.F.1.e; Not signed. Not stamped. Not stickered. Not embossed.; Small tear along edge,https://api.library.tamu.edu/fcrepo/rest/3b/6f/c3/25/3b6fc325-f6ca-41d8-b91e-8c5db3be8c13/berger_cloonan_objects/16/pages/page_0/files/01516.jpg,,,,
fedoraAdmin,art reproduction|Gold gilt papers,2020-11-19T20:28:02.387000+00:00,reformatted digital,https://api.library.tamu.edu/fcrepo/rest/3b/6f/c3/25/3b6fc325-f6ca-41d8-b91e-8c5db3be8c13/berger_cloonan_objects,Decorative paper,12279,Openly accessible,https://api.library.tamu.edu/fcrepo/rest/3b/6f/c3/25/3b6fc325-f6ca-41d8-b91e-8c5db3be8c13/berger_cloonan_objects/39/pages|https://api.library.tamu.edu/fcrepo/rest/3b/6f/c3/25/3b6fc325-f6ca-41d8-b91e-8c5db3be8c13/berger_cloonan_objects/39/orderProxies,2020-11-19T20:28:02.387000+00:00,false,"1 sheet of orange, purple, green, yellow, gold and cream Dutch gilt paper; 11.00 x 17.25 in.",Texas A & M University. Libraries,Circa 1750,"No copyright - United States; For more information, see:  http://rightsstatements.org/vocab/NoC-US/1.0/",fedoraAdmin,Berger-Cloonan #12279,Paper,StillImage,Surface application; Printed; P4.D6.F1; Colorful floral pattern; pieced together and pasted onto backing; The sheet is from the Bernard Middleton Collection. Bernard Middleton donated these sheets to Sidney E. Berger and Michele V. Cloonan circa 1990.; Section(s) from the Decorated and Decorative Paper Terms Thesaurus: VIII.H.1.d.1; Not signed. Not stamped. Not stickered. Not embossed.; Section measuring 3.00 to 4.00 inches cut out of 1 corner; torn; curled edge; slightly faded; stored in clear plastic; musty odor,https://api.library.tamu.edu/fcrepo/rest/3b/6f/c3/25/3b6fc325-f6ca-41d8-b91e-8c5db3be8c13/berger_cloonan_objects/39/pages/page_0/files/12279.jpg,,,,
fedoraAdmin,endpapers|nonpareil marbled paper|art reproduction|Non pareil marbled papers,2020-11-19T20:28:02.804000+00:00,reformatted digital,https://api.library.tamu.edu/fcrepo/rest/3b/6f/c3/25/3b6fc325-f6ca-41d8-b91e-8c5db3be8c13/berger_cloonan_objects,Marbled papers,1500,Openly accessible,https://api.library.tamu.edu/fcrepo/rest/3b/6f/c3/25/3b6fc325-f6ca-41d8-b91e-8c5db3be8c13/berger_cloonan_objects/4/pages|https://api.library.tamu.edu/fcrepo/rest/3b/6f/c3/25/3b6fc325-f6ca-41d8-b91e-8c5db3be8c13/berger_cloonan_objects/4/orderProxies,2023-11-09T17:04:15.914000+00:00,false,"1 sheet of yellow, green, blue, maroon and white marbled paper; 5.50 x 9.00  in.",Texas A & M University. Libraries,19th century,"No copyright - United States; For more information, see:  http://rightsstatements.org/vocab/NoC-US/1.0/",fedoraAdmin,Berger-Cloonan #1500,Paper,StillImage,Surface application; Marbled; M4.D1.F6; Previously used as an endpaper in a bookbinding; Section(s) from the Decorated and Decorative Paper Terms Thesaurus: VIII.F.1.e; Not signed. Not stamped. Not stickered. Not embossed.,https://api.library.tamu.edu/fcrepo/rest/3b/6f/c3/25/3b6fc325-f6ca-41d8-b91e-8c5db3be8c13/berger_cloonan_objects/4/pages/page_0/files/01500.jpg,,,,
fedoraAdmin,art reproduction|Embossed papers,2020-11-19T20:27:42.255000+00:00,reformatted digital,https://api.library.tamu.edu/fcrepo/rest/3b/6f/c3/25/3b6fc325-f6ca-41d8-b91e-8c5db3be8c13/berger_cloonan_objects,Decorative paper,9227,Openly accessible,https://api.library.tamu.edu/fcrepo/rest/3b/6f/c3/25/3b6fc325-f6ca-41d8-b91e-8c5db3be8c13/berger_cloonan_objects/26/orderProxies|https://api.library.tamu.edu/fcrepo/rest/3b/6f/c3/25/3b6fc325-f6ca-41d8-b91e-8c5db3be8c13/berger_cloonan_objects/26/pages,2020-11-19T20:27:42.255000+00:00,false,1 sheet of black and white embossed paper; 5.75 x 19.50 in.,Texas A & M University. Libraries,Late 19th century,"No copyright - United States; For more information, see:  http://rightsstatements.org/vocab/NoC-US/1.0/",fedoraAdmin,Berger-Cloonan #9227,Paper,StillImage,Surface treated; Embossed; M2.D4.F7; Diamond pattern; Section(s) from the Decorated and Decorative Paper Terms Thesaurus: IX.D; Not signed. Not stamped.; Corner missing,https://api.library.tamu.edu/fcrepo/rest/3b/6f/c3/25/3b6fc325-f6ca-41d8-b91e-8c5db3be8c13/berger_cloonan_objects/26/pages/page_0/files/09227.jpg,,,Aschoffenberg [?],
fedoraAdmin,art reproduction|Lithographed papers|endpapers,2020-11-19T20:27:41.620000+00:00,reformatted digital,https://api.library.tamu.edu/fcrepo/rest/3b/6f/c3/25/3b6fc325-f6ca-41d8-b91e-8c5db3be8c13/berger_cloonan_objects,Decorative paper,1521,Openly accessible,https://api.library.tamu.edu/fcrepo/rest/3b/6f/c3/25/3b6fc325-f6ca-41d8-b91e-8c5db3be8c13/berger_cloonan_objects/21/orderProxies|https://api.library.tamu.edu/fcrepo/rest/3b/6f/c3/25/3b6fc325-f6ca-41d8-b91e-8c5db3be8c13/berger_cloonan_objects/21/pages,2023-11-09T17:14:34.150000+00:00,false,"1 sheet of red, blue, black, yellow and white printed paper; 9.25 x 11.75 in.",Texas A & M University. Libraries,19th century,"No copyright - United States; For more information, see:  http://rightsstatements.org/vocab/NoC-US/1.0/",fedoraAdmin,Berger-Cloonan #1521,Paper,StillImage,"Surface application; Printed; M4.D1.F6; Previously used as an endpaper in a bookbinding; pattern resembles non pareil marbling; heavy weight paper; Inscription original piece: ""printed""; Section(s) from the Decorated and Decorative Paper Terms Thesaurus: VIII.H.4; Not signed. Not stamped. Not stickered. Not embossed.; Creased along edge",https://api.library.tamu.edu/fcrepo/rest/3b/6f/c3/25/3b6fc325-f6ca-41d8-b91e-8c5db3be8c13/berger_cloonan_objects/21/pages/page_0/files/01521.jpg,,,,
fedoraAdmin,Laid lines|Dutch gilt papers|art reproduction,2020-11-19T20:28:02.381000+00:00,reformatted digital,https://api.library.tamu.edu/fcrepo/rest/3b/6f/c3/25/3b6fc325-f6ca-41d8-b91e-8c5db3be8c13/berger_cloonan_objects,Decorative paper,12278,Openly accessible,https://api.library.tamu.edu/fcrepo/rest/3b/6f/c3/25/3b6fc325-f6ca-41d8-b91e-8c5db3be8c13/berger_cloonan_objects/38/orderProxies|https://api.library.tamu.edu/fcrepo/rest/3b/6f/c3/25/3b6fc325-f6ca-41d8-b91e-8c5db3be8c13/berger_cloonan_objects/38/pages,2022-05-18T23:35:43.033000+00:00,false,"1 sheet of light green, gold and off-white Dutch gilt paper; 13.50 x 16.75 in.",Texas A & M University. Libraries,1730-1760,"No copyright - United States; For more information, see:  http://rightsstatements.org/vocab/NoC-US/1.0/",fedoraAdmin,Berger-Cloonan #12278,Paper,StillImage,"Distribution of fibers; Surface application; Laid; Printed; P4.D6.F1; Overall floral pattern; pale green paste background; 4 light borders; laid paper; Inscription original piece: ""In Augspurg zv Finden bey Johann Michael Munck N 14""; Contained in clear plastic sleeve along with another sheet of Dutch gilt.  See Haemmerle #241; Sidney E. Berger and Michele V. Cloonan purchased the sheet from Hosie Baskin in 12/1995.; Section(s) from the Decorated and Decorative Paper Terms Thesaurus: II.E; VIII.H.1.d; Not signed. Stamped.; Center fold line; folded",https://api.library.tamu.edu/fcrepo/rest/3b/6f/c3/25/3b6fc325-f6ca-41d8-b91e-8c5db3be8c13/berger_cloonan_objects/38/pages/page_0/files/12278.jpg,"Munck, Johann Michael",Germany--Augsburg,,
fedoraAdmin,Oil on water marbled papers|art reproduction,2020-11-19T20:28:02.814000+00:00,reformatted digital,https://api.library.tamu.edu/fcrepo/rest/3b/6f/c3/25/3b6fc325-f6ca-41d8-b91e-8c5db3be8c13/berger_cloonan_objects,Marbled papers,11376,Openly accessible,https://api.library.tamu.edu/fcrepo/rest/3b/6f/c3/25/3b6fc325-f6ca-41d8-b91e-8c5db3be8c13/berger_cloonan_objects/30/pages|https://api.library.tamu.edu/fcrepo/rest/3b/6f/c3/25/3b6fc325-f6ca-41d8-b91e-8c5db3be8c13/berger_cloonan_objects/30/orderProxies,2020-11-19T20:28:02.814000+00:00,false,"1 sheet of purple, brown, black and cream marbled paper; 20.00 x 25.75 in.",Texas A & M University. Libraries,19th century,"No copyright - United States; For more information, see:  http://rightsstatements.org/vocab/NoC-US/1.0/",fedoraAdmin,Berger-Cloonan #11376,Paper,StillImage,Surface application; Marbled; M5.D3.F9; Glossy finish; Frederik Muller donated the sheet to Sidney E. Berger and Michele V. Cloonan in 2008.  Sidney E. Berger met Frederik Muller at the Antiquarian Booksellers Association of America (ABAA) Book Fair in Boston that same year.; Section(s) from the Decorated and Decorative Paper Terms Thesaurus: VIII.F.1.f; Not signed. Not stamped.; Marbling color on side edges on verso; creased; wrinkled; black marks on verso,https://api.library.tamu.edu/fcrepo/rest/3b/6f/c3/25/3b6fc325-f6ca-41d8-b91e-8c5db3be8c13/berger_cloonan_objects/30/pages/page_0/files/11376.jpg,,,,M5.D3.F9.A
fedoraAdmin,Laid lines|Gold gilt papers|art reproduction,2020-11-19T20:28:22.148000+00:00,reformatted digital,https://api.library.tamu.edu/fcrepo/rest/3b/6f/c3/25/3b6fc325-f6ca-41d8-b91e-8c5db3be8c13/berger_cloonan_objects,Decorative paper,12286,Openly accessible,https://api.library.tamu.edu/fcrepo/rest/3b/6f/c3/25/3b6fc325-f6ca-41d8-b91e-8c5db3be8c13/berger_cloonan_objects/46/pages|https://api.library.tamu.edu/fcrepo/rest/3b/6f/c3/25/3b6fc325-f6ca-41d8-b91e-8c5db3be8c13/berger_cloonan_objects/46/orderProxies,2020-11-19T20:28:22.148000+00:00,false,"1 sheet of blue, gold and off-white Dutch gilt paper; 13.75 x 16.50 in.",Texas A & M University. Libraries,1770 [?],"No copyright - United States; For more information, see:  http://rightsstatements.org/vocab/NoC-US/1.0/",fedoraAdmin,Berger-Cloonan #12286,Paper,StillImage,"Distribution of fibers; Surface application; Laid; Printed; P4.D6.F1; Overall pattern of 3 rows of 7 soldiers each; gold against blue-green paste; 4 borders; laid paper; Inscription original piece: ""Johan M? No 28?""; Section(s) from the Decorated and Decorative Paper Terms Thesaurus: II.E; VIII.H.1.d.1; Not signed. Stamped.",https://api.library.tamu.edu/fcrepo/rest/3b/6f/c3/25/3b6fc325-f6ca-41d8-b91e-8c5db3be8c13/berger_cloonan_objects/46/pages/page_0/files/12286.jpg,,,,
fedoraAdmin,nonpareil marbled paper|art reproduction|Non pareil marbled papers|endpapers,2020-11-19T20:27:22.457000+00:00,reformatted digital,https://api.library.tamu.edu/fcrepo/rest/3b/6f/c3/25/3b6fc325-f6ca-41d8-b91e-8c5db3be8c13/berger_cloonan_objects,Marbled papers,1518,Openly accessible,https://api.library.tamu.edu/fcrepo/rest/3b/6f/c3/25/3b6fc325-f6ca-41d8-b91e-8c5db3be8c13/berger_cloonan_objects/18/orderProxies|https://api.library.tamu.edu/fcrepo/rest/3b/6f/c3/25/3b6fc325-f6ca-41d8-b91e-8c5db3be8c13/berger_cloonan_objects/18/pages,2023-11-09T16:31:20.179000+00:00,false,"1 sheet of blue, red, yellow and white marbled paper; 7.50 x 9.25  in.",Texas A & M University. Libraries,Early 18th century [?],"No copyright - United States; For more information, see:  http://rightsstatements.org/vocab/NoC-US/1.0/",fedoraAdmin,Berger-Cloonan #1518,Paper,StillImage,"Surface application; Marbled; M4.D1.F6; Previously used as an endpaper in a bookbinding; heavy weight paper; Inscription original piece: ""possibly early 18th c.""; Section(s) from the Decorated and Decorative Paper Terms Thesaurus: VIII.F.1.e; Not signed. Not stamped. Not stickered. Not embossed.; Faded; worn",https://api.library.tamu.edu/fcrepo/rest/3b/6f/c3/25/3b6fc325-f6ca-41d8-b91e-8c5db3be8c13/berger_cloonan_objects/18/pages/page_0/files/01518.jpg,,,,
fedoraAdmin,nonpareil marbled paper|art reproduction|Non pareil marbled papers|endpapers,2020-11-19T20:27:21.874000+00:00,reformatted digital,https://api.library.tamu.edu/fcrepo/rest/3b/6f/c3/25/3b6fc325-f6ca-41d8-b91e-8c5db3be8c13/berger_cloonan_objects,Marbled papers,1513,Openly accessible,https://api.library.tamu.edu/fcrepo/rest/3b/6f/c3/25/3b6fc325-f6ca-41d8-b91e-8c5db3be8c13/berger_cloonan_objects/13/pages|https://api.library.tamu.edu/fcrepo/rest/3b/6f/c3/25/3b6fc325-f6ca-41d8-b91e-8c5db3be8c13/berger_cloonan_objects/13/orderProxies,2023-11-09T16:49:03.609000+00:00,false,"1 sheet of maroon, blue, green, yellow and white marbled paper; 5.75 x 8.50 in.",Texas A & M University. Libraries,19th century,"No copyright - United States; For more information, see:  http://rightsstatements.org/vocab/NoC-US/1.0/",fedoraAdmin,Berger-Cloonan #1513,Paper,StillImage,Surface application; Marbled; M4.D1.F6; Previously used as an endpaper in a bookbinding; heavy weight paper; Section(s) from the Decorated and Decorative Paper Terms Thesaurus: VIII.F.1.e; Not signed. Not stamped. Not stickered. Not embossed.; 1 large tear; edges worn and uneven,https://api.library.tamu.edu/fcrepo/rest/3b/6f/c3/25/3b6fc325-f6ca-41d8-b91e-8c5db3be8c13/berger_cloonan_objects/13/pages/page_0/files/01513.jpg,,,,
fedoraAdmin,Gold gilt papers|art reproduction|Laid lines,2020-11-19T20:27:00.845000+00:00,reformatted digital,https://api.library.tamu.edu/fcrepo/rest/3b/6f/c3/25/3b6fc325-f6ca-41d8-b91e-8c5db3be8c13/berger_cloonan_objects,Decorative paper,12302,Openly accessible,https://api.library.tamu.edu/fcrepo/rest/3b/6f/c3/25/3b6fc325-f6ca-41d8-b91e-8c5db3be8c13/berger_cloonan_objects/59/pages|https://api.library.tamu.edu/fcrepo/rest/3b/6f/c3/25/3b6fc325-f6ca-41d8-b91e-8c5db3be8c13/berger_cloonan_objects/59/orderProxies,2020-11-19T20:27:00.845000+00:00,false,"1 full sheet in 2 parts of red, gold and off-white Dutch gilt paper; 13.75 x 15.50 in.",Texas A & M University. Libraries,Circa 1720,"No copyright - United States; For more information, see:  http://rightsstatements.org/vocab/NoC-US/1.0/",fedoraAdmin,Berger-Cloonan #12302,Paper,StillImage,"Distribution of fibers; Surface application; Laid; Printed; P4.D6.F1; Overall pattern of floral vignette design with birds, cupids, cornucopiae, grotesques, etc.; gold over carmine paste; laid paper; heavy weight paper due to varnishing; Contained in clear plastic sleeve; Note: numbered 12302A and 12302B; Sidney E. Berger and Michele V. Cloonan purchased the sheet.; Section(s) from the Decorated and Decorative Paper Terms Thesaurus: II.E; VIII.H.1.d.1; Not signed. Not stamped.; Center fold line; torn down the middle; small holes; tears; stained on recto",https://api.library.tamu.edu/fcrepo/rest/3b/6f/c3/25/3b6fc325-f6ca-41d8-b91e-8c5db3be8c13/berger_cloonan_objects/59/pages/page_0/files/12302.jpg,,,,
fedoraAdmin,Laid lines|Gold gilt papers|art reproduction,2020-11-19T20:27:01.898000+00:00,reformatted digital,https://api.library.tamu.edu/fcrepo/rest/3b/6f/c3/25/3b6fc325-f6ca-41d8-b91e-8c5db3be8c13/berger_cloonan_objects,Decorative paper,12301,Openly accessible,https://api.library.tamu.edu/fcrepo/rest/3b/6f/c3/25/3b6fc325-f6ca-41d8-b91e-8c5db3be8c13/berger_cloonan_objects/58/pages|https://api.library.tamu.edu/fcrepo/rest/3b/6f/c3/25/3b6fc325-f6ca-41d8-b91e-8c5db3be8c13/berger_cloonan_objects/58/orderProxies,2020-11-19T20:27:01.898000+00:00,false,"1 sheet of red, gold and off-white Dutch gilt paper; 13.50 x 16.50 in.",Texas A & M University. Libraries,Circa 1750,"No copyright - United States; For more information, see:  http://rightsstatements.org/vocab/NoC-US/1.0/",fedoraAdmin,Berger-Cloonan #12301,Paper,StillImage,Distribution of fibers; Surface application; Laid; Printed; P4.D6.F1; Overall pattern floral design; gold over carmine paste; 4 borders; laid paper; Contained in clear plastic sleeve; Sidney E. Berger and Michele V. Cloonan purchased the sheet from the anitquarian Sabine Keune in 02/2001.; Section(s) from the Decorated and Decorative Paper Terms Thesaurus: II.E; VIII.H.1.d.1; Not signed. Not stamped.; Center fold line,https://api.library.tamu.edu/fcrepo/rest/3b/6f/c3/25/3b6fc325-f6ca-41d8-b91e-8c5db3be8c13/berger_cloonan_objects/58/pages/page_0/files/12301.jpg,,,,
fedoraAdmin,Laid lines|Gold gilt papers|art reproduction,2020-11-19T20:27:01.950000+00:00,reformatted digital,https://api.library.tamu.edu/fcrepo/rest/3b/6f/c3/25/3b6fc325-f6ca-41d8-b91e-8c5db3be8c13/berger_cloonan_objects,Decorative paper,12292,Openly accessible,https://api.library.tamu.edu/fcrepo/rest/3b/6f/c3/25/3b6fc325-f6ca-41d8-b91e-8c5db3be8c13/berger_cloonan_objects/51/orderProxies|https://api.library.tamu.edu/fcrepo/rest/3b/6f/c3/25/3b6fc325-f6ca-41d8-b91e-8c5db3be8c13/berger_cloonan_objects/51/pages,2022-05-18T23:10:54.846000+00:00,false,"1 sheet of tan, gold and off-white Dutch gilt paper; 14.25 x 17.25 in.",Texas A & M University. Libraries,Circa 1820,"No copyright - United States; For more information, see:  http://rightsstatements.org/vocab/NoC-US/1.0/",fedoraAdmin,Berger-Cloonan #12292,Paper,StillImage,"Distribution of fibers; Surface application; Laid; Printed; P4.D6.F1; Overall decorative striped pattern; gold foil over tan paste; 4 borders; laid paper; Inscription original piece: ""J G ECKARTZ Fabrik bunter Papiere in Nuernberg""; Contained in tissue paper; See Haemmerle #5; Sidney E. Berger and Michele V. Cloonan purchased the sheet from Andreas Mueller in Potsdam, Germany in 03/2012.; Section(s) from the Decorated and Decorative Paper Terms Thesaurus: II.E; VIII.H.1.d.1; Not signed. Stamped.; Center fold line; small edge tears",https://api.library.tamu.edu/fcrepo/rest/3b/6f/c3/25/3b6fc325-f6ca-41d8-b91e-8c5db3be8c13/berger_cloonan_objects/51/pages/page_0/files/12292.jpg,"Eckartz, J. G.",Germany--Nuremberg,,
fedoraAdmin,Laid lines|Gold gilt papers|art reproduction,2020-11-19T20:27:01.950000+00:00,reformatted digital,https://api.library.tamu.edu/fcrepo/rest/3b/6f/c3/25/3b6fc325-f6ca-41d8-b91e-8c5db3be8c13/berger_cloonan_objects,Decorative paper,12290,Openly accessible,https://api.library.tamu.edu/fcrepo/rest/3b/6f/c3/25/3b6fc325-f6ca-41d8-b91e-8c5db3be8c13/berger_cloonan_objects/50/pages|https://api.library.tamu.edu/fcrepo/rest/3b/6f/c3/25/3b6fc325-f6ca-41d8-b91e-8c5db3be8c13/berger_cloonan_objects/50/orderProxies,2020-11-19T20:27:01.950000+00:00,false,"1 sheet of orange, blue, yellow, gold and off-white Dutch gilt paper; 14.00 x 16.50 in.",Texas A & M University. Libraries,Circa 1790,"No copyright - United States; For more information, see:  http://rightsstatements.org/vocab/NoC-US/1.0/",fedoraAdmin,Berger-Cloonan #12290,Paper,StillImage,"Distribution of fibers; Surface application; Laid; Printed; P4.D6.F1; Overall pattern of floral and fruit design; gold stamped over orange and blue diamond; 4 borders; laid paper; Contained in clear plastic sleeve with #12289; Not in Haemmerle; Sidney E. Berger and Michele V. Cloonan purchased the sheet from Margolis and Moss Books in Santa Fe, New Mexico circa 2004.; Section(s) from the Decorated and Decorative Paper Terms Thesaurus: II.E; VIII.H.1.d.1; Not signed. Not stamped.; Center fold line",https://api.library.tamu.edu/fcrepo/rest/3b/6f/c3/25/3b6fc325-f6ca-41d8-b91e-8c5db3be8c13/berger_cloonan_objects/50/pages/page_0/files/12290.jpg,"Reymund, Paul",,,
fedoraAdmin,Oil on water marbled papers|art reproduction,2020-11-19T20:27:43.843000+00:00,reformatted digital,https://api.library.tamu.edu/fcrepo/rest/3b/6f/c3/25/3b6fc325-f6ca-41d8-b91e-8c5db3be8c13/berger_cloonan_objects,Marbled papers,11374,Openly accessible,https://api.library.tamu.edu/fcrepo/rest/3b/6f/c3/25/3b6fc325-f6ca-41d8-b91e-8c5db3be8c13/berger_cloonan_objects/28/pages|https://api.library.tamu.edu/fcrepo/rest/3b/6f/c3/25/3b6fc325-f6ca-41d8-b91e-8c5db3be8c13/berger_cloonan_objects/28/orderProxies,2020-11-19T20:27:43.843000+00:00,false,"1 sheet of orange, black and cream marbled paper; 20.00 x 27.50 in.",Texas A & M University. Libraries,19th century,"No copyright - United States; For more information, see:  http://rightsstatements.org/vocab/NoC-US/1.0/",fedoraAdmin,Berger-Cloonan #11374,Paper,StillImage,Surface application; Marbled; M5.D3.F9; Glossy finish; Frederik Muller donated the sheet to Sidney E. Berger and Michele V. Cloonan in 2008.  Sidney E. Berger met Frederik Muller at the Antiquarian Booksellers Association of America (ABAA) Book Fair in Boston that same year.; Section(s) from the Decorated and Decorative Paper Terms Thesaurus: VIII.F.1.f; Not signed. Not stamped.; Marbling color one edge on verso; slightly wrinkled,https://api.library.tamu.edu/fcrepo/rest/3b/6f/c3/25/3b6fc325-f6ca-41d8-b91e-8c5db3be8c13/berger_cloonan_objects/28/pages/page_0/files/11374.jpg,,,,M5.D3.F9.A
fedoraAdmin,Non pareil marbled papers|endpapers|nonpareil marbled paper|art reproduction,2020-11-19T20:27:21.474000+00:00,reformatted digital,https://api.library.tamu.edu/fcrepo/rest/3b/6f/c3/25/3b6fc325-f6ca-41d8-b91e-8c5db3be8c13/berger_cloonan_objects,Marbled papers,1511,Openly accessible,https://api.library.tamu.edu/fcrepo/rest/3b/6f/c3/25/3b6fc325-f6ca-41d8-b91e-8c5db3be8c13/berger_cloonan_objects/11/orderProxies|https://api.library.tamu.edu/fcrepo/rest/3b/6f/c3/25/3b6fc325-f6ca-41d8-b91e-8c5db3be8c13/berger_cloonan_objects/11/pages,2023-11-09T16:46:26.807000+00:00,false,"1 sheet of maroon, blue, green, yellow and white marbled paper; 5.75 x 9.00 in.",Texas A & M University. Libraries,19th century,"No copyright - United States; For more information, see:  http://rightsstatements.org/vocab/NoC-US/1.0/",fedoraAdmin,Berger-Cloonan #1511,Paper,StillImage,Surface application; Marbled; M4.D1.F6; Previously used as an endpaper in a bookbinding; heavy weight paper; Section(s) from the Decorated and Decorative Paper Terms Thesaurus: VIII.F.1.e; Not signed. Not stamped. Not stickered. Not embossed.; Slightly torn along edges,https://api.library.tamu.edu/fcrepo/rest/3b/6f/c3/25/3b6fc325-f6ca-41d8-b91e-8c5db3be8c13/berger_cloonan_objects/11/pages/page_0/files/01511.jpg,,,,
fedoraAdmin,art reproduction|Non pareil marbled papers|endpapers|nonpareil marbled paper,2020-11-19T20:27:01.095000+00:00,reformatted digital,https://api.library.tamu.edu/fcrepo/rest/3b/6f/c3/25/3b6fc325-f6ca-41d8-b91e-8c5db3be8c13/berger_cloonan_objects,Marbled papers,1510,Openly accessible,https://api.library.tamu.edu/fcrepo/rest/3b/6f/c3/25/3b6fc325-f6ca-41d8-b91e-8c5db3be8c13/berger_cloonan_objects/10/pages|https://api.library.tamu.edu/fcrepo/rest/3b/6f/c3/25/3b6fc325-f6ca-41d8-b91e-8c5db3be8c13/berger_cloonan_objects/10/orderProxies,2023-11-09T16:56:26.641000+00:00,false,"1 sheet of maroon, blue, green, yellow and white marbled paper; 5.25 x 8.00 in.",Texas A & M University. Libraries,19th century,"No copyright - United States; For more information, see:  http://rightsstatements.org/vocab/NoC-US/1.0/",fedoraAdmin,Berger-Cloonan #1510,Paper,StillImage,Surface application; Marbled; M4.D1.F6; Previously used as an endpaper in a bookbinding; heavy weight paper; Section(s) from the Decorated and Decorative Paper Terms Thesaurus: VIII.F.1.e; Not signed. Not stamped. Not stickered. Not embossed.,https://api.library.tamu.edu/fcrepo/rest/3b/6f/c3/25/3b6fc325-f6ca-41d8-b91e-8c5db3be8c13/berger_cloonan_objects/10/pages/page_0/files/01510.jpg,,,,
fedoraAdmin,art reproduction|Laid lines|Gold gilt papers,2020-11-19T20:27:01.968000+00:00,reformatted digital,https://api.library.tamu.edu/fcrepo/rest/3b/6f/c3/25/3b6fc325-f6ca-41d8-b91e-8c5db3be8c13/berger_cloonan_objects,Decorative paper,12275,Openly accessible,https://api.library.tamu.edu/fcrepo/rest/3b/6f/c3/25/3b6fc325-f6ca-41d8-b91e-8c5db3be8c13/berger_cloonan_objects/35/orderProxies|https://api.library.tamu.edu/fcrepo/rest/3b/6f/c3/25/3b6fc325-f6ca-41d8-b91e-8c5db3be8c13/berger_cloonan_objects/35/pages,2022-05-18T23:02:17.734000+00:00,false,"1 sheet of pink, gold and light gray Dutch gilt paper; 13.50 x 16.25 in.",Texas A & M University. Libraries,1750 [?],"No copyright - United States; For more information, see:  http://rightsstatements.org/vocab/NoC-US/1.0/",fedoraAdmin,Berger-Cloonan #12275,Paper,StillImage,"Distribution of fibers; Surface application; Laid; Printed; P4.D6.F1; Overall floral pattern; rose paste background; 4 light gray borders; laid paper; Inscription original piece: ""(Nuremberg ca. 1750)  see #8828""; Contained in clear plastic sleeve along with another sheet of Dutch gilt; Sidney E. Berger and Michele V. Cloonan purchased the sheet.; Section(s) from the Decorated and Decorative Paper Terms Thesaurus: II.E; VIII.H.1.d.1; Not signed. Not stamped.; Center fold line",https://api.library.tamu.edu/fcrepo/rest/3b/6f/c3/25/3b6fc325-f6ca-41d8-b91e-8c5db3be8c13/berger_cloonan_objects/35/pages/page_0/files/12275.jpg,,Germany--Nuremberg,,
fedoraAdmin,Non pareil marbled papers|nonpareil marbled paper|art reproduction,2020-11-19T20:28:39.349000+00:00,reformatted digital,https://api.library.tamu.edu/fcrepo/rest/3b/6f/c3/25/3b6fc325-f6ca-41d8-b91e-8c5db3be8c13/berger_cloonan_objects,Marbled papers,1509,Openly accessible,https://api.library.tamu.edu/fcrepo/rest/3b/6f/c3/25/3b6fc325-f6ca-41d8-b91e-8c5db3be8c13/berger_cloonan_objects/9/pages|https://api.library.tamu.edu/fcrepo/rest/3b/6f/c3/25/3b6fc325-f6ca-41d8-b91e-8c5db3be8c13/berger_cloonan_objects/9/orderProxies,2020-11-19T20:28:39.349000+00:00,false,"1 sheet of maroon, blue, brown, black, yellow and white marbled paper; 5.75 x 9.00 in.",Texas A & M University. Libraries,19th century,"No copyright - United States; For more information, see:  http://rightsstatements.org/vocab/NoC-US/1.0/",fedoraAdmin,Berger-Cloonan #1509,Paper,StillImage,Surface application; Marbled; M4.D1.F6; Previously used as an endpaper in a bookbinding; heavy weight paper; Section(s) from the Decorated and Decorative Paper Terms Thesaurus: VIII.F.1.e; Not signed. Not stamped. Not stickered. Not embossed.,https://api.library.tamu.edu/fcrepo/rest/3b/6f/c3/25/3b6fc325-f6ca-41d8-b91e-8c5db3be8c13/berger_cloonan_objects/9/pages/page_0/files/01509.jpg,,,,
fedoraAdmin,Laid lines|Gold gilt papers|art reproduction,2020-11-19T20:27:01.502000+00:00,reformatted digital,https://api.library.tamu.edu/fcrepo/rest/3b/6f/c3/25/3b6fc325-f6ca-41d8-b91e-8c5db3be8c13/berger_cloonan_objects,Decorative paper,12300,Openly accessible,https://api.library.tamu.edu/fcrepo/rest/3b/6f/c3/25/3b6fc325-f6ca-41d8-b91e-8c5db3be8c13/berger_cloonan_objects/57/orderProxies|https://api.library.tamu.edu/fcrepo/rest/3b/6f/c3/25/3b6fc325-f6ca-41d8-b91e-8c5db3be8c13/berger_cloonan_objects/57/pages,2020-11-19T20:27:01.502000+00:00,false,"1 sheet of red, gold and off-white Dutch gilt paper; 13.50 x 16.50 in.",Texas A & M University. Libraries,Circa 1720s,"No copyright - United States; For more information, see:  http://rightsstatements.org/vocab/NoC-US/1.0/",fedoraAdmin,Berger-Cloonan #12300,Paper,StillImage,"Distribution of fibers; Surface application; Laid; Printed; P4.D6.F1; Overall pattern floral design; gold over carmine paste; 4 borders; laid paper; Contained in clear plastic sleeve; Sidney E. Berger and Michele V. Cloonan purchased the sheet from Carta Pura in Munich, Germany in 10/2011.; Section(s) from the Decorated and Decorative Paper Terms Thesaurus: II.E; VIII.H.1.d.1; Not signed. Not stamped.; Center fold line",https://api.library.tamu.edu/fcrepo/rest/3b/6f/c3/25/3b6fc325-f6ca-41d8-b91e-8c5db3be8c13/berger_cloonan_objects/57/pages/page_0/files/12300.jpg,,,,
fedoraAdmin,art reproduction|marbled paper|Random marbled papers,2020-11-19T20:27:23.940000+00:00,reformatted digital,https://api.library.tamu.edu/fcrepo/rest/3b/6f/c3/25/3b6fc325-f6ca-41d8-b91e-8c5db3be8c13/berger_cloonan_objects,Marbled papers,949,Openly accessible,https://api.library.tamu.edu/fcrepo/rest/3b/6f/c3/25/3b6fc325-f6ca-41d8-b91e-8c5db3be8c13/berger_cloonan_objects/2/pages|https://api.library.tamu.edu/fcrepo/rest/3b/6f/c3/25/3b6fc325-f6ca-41d8-b91e-8c5db3be8c13/berger_cloonan_objects/2/orderProxies,2020-11-19T20:27:23.940000+00:00,false,"1 sheet of blue, pink, white and light brown marbled paper; 18.00 x 23.00 in.",Texas A & M University. Libraries,Late 19th century,"No copyright - United States; For more information, see:  http://rightsstatements.org/vocab/NoC-US/1.0/",fedoraAdmin,Berger-Cloonan #949,Paper,StillImage,Surface application; Marbled; M5.D1.F14; Section(s) from the Decorated and Decorative Paper Terms Thesaurus: VIII.F.4; Not signed. Not stamped. Not stickered. Not embossed.,https://api.library.tamu.edu/fcrepo/rest/3b/6f/c3/25/3b6fc325-f6ca-41d8-b91e-8c5db3be8c13/berger_cloonan_objects/2/pages/page_0/files/00949.jpg,,France,,M5.D1.F14.A
fedoraAdmin,art reproduction|Oil on water marbled papers,2020-11-19T20:27:43.433000+00:00,reformatted digital,https://api.library.tamu.edu/fcrepo/rest/3b/6f/c3/25/3b6fc325-f6ca-41d8-b91e-8c5db3be8c13/berger_cloonan_objects,Marbled papers,11373,Openly accessible,https://api.library.tamu.edu/fcrepo/rest/3b/6f/c3/25/3b6fc325-f6ca-41d8-b91e-8c5db3be8c13/berger_cloonan_objects/27/orderProxies|https://api.library.tamu.edu/fcrepo/rest/3b/6f/c3/25/3b6fc325-f6ca-41d8-b91e-8c5db3be8c13/berger_cloonan_objects/27/pages,2020-11-19T20:27:43.433000+00:00,false,"1 sheet of green, brown, black and white marbled paper; 19.75 x 27.50 in.",Texas A & M University. Libraries,19th century,"No copyright - United States; For more information, see:  http://rightsstatements.org/vocab/NoC-US/1.0/",fedoraAdmin,Berger-Cloonan #11373,Paper,StillImage,Surface application; Marbled; M5.D3.F9; Glossy finish; Frederik Muller donated the sheet to Sidney E. Berger and Michele V. Cloonan in 2008.  Sidney E. Berger met Frederik Muller at the Antiquarian Booksellers Association of America (ABAA) Book Fair in Boston that same year.; Section(s) from the Decorated and Decorative Paper Terms Thesaurus: VIII.F.1.f; Not signed. Not stamped.; Marbling color on top and bottom edges on verso; slightly wrinkled,https://api.library.tamu.edu/fcrepo/rest/3b/6f/c3/25/3b6fc325-f6ca-41d8-b91e-8c5db3be8c13/berger_cloonan_objects/27/pages/page_0/files/11373.jpg,,,,M5.D3.F9.A
fedoraAdmin,Gold gilt papers|art reproduction,2020-11-19T20:28:20.924000+00:00,reformatted digital,https://api.library.tamu.edu/fcrepo/rest/3b/6f/c3/25/3b6fc325-f6ca-41d8-b91e-8c5db3be8c13/berger_cloonan_objects,Decorative paper,12282,Openly accessible,https://api.library.tamu.edu/fcrepo/rest/3b/6f/c3/25/3b6fc325-f6ca-41d8-b91e-8c5db3be8c13/berger_cloonan_objects/42/pages|https://api.library.tamu.edu/fcrepo/rest/3b/6f/c3/25/3b6fc325-f6ca-41d8-b91e-8c5db3be8c13/berger_cloonan_objects/42/orderProxies,2022-05-18T23:06:46.722000+00:00,false,"1 sheet of dark purple, gold and light gray Dutch gilt paper; 14.00 x 16.75 in.",Texas A & M University. Libraries,1785 [?],"No copyright - United States; For more information, see:  http://rightsstatements.org/vocab/NoC-US/1.0/",fedoraAdmin,Berger-Cloonan #12282,Paper,StillImage,"Surface application; Printed; P4.D6.F1; Overall pattern depicts 4 rows of 8 saint each; gold over deep purple paste background; Inscription original piece: ""PAUL REYMUND IN NURNBERG""; Contained in clear plastic sleeve along with another sheet of Dutch gilt; See Haemmerle #348; Sidney E. Berger and Michele V. Cloonan purchased the sheet from Carta Pura in Munich, Germany in 10/2011.; Section(s) from the Decorated and Decorative Paper Terms Thesaurus: VIII.H.1.d.1; Not signed. Stamped.; Paste on verso",https://api.library.tamu.edu/fcrepo/rest/3b/6f/c3/25/3b6fc325-f6ca-41d8-b91e-8c5db3be8c13/berger_cloonan_objects/42/pages/page_0/files/12282.jpg,"Reymund, Paul",Germany--Nuremberg,,
fedoraAdmin,Laid lines|Gold gilt papers|art reproduction,2020-11-19T20:28:39.350000+00:00,reformatted digital,https://api.library.tamu.edu/fcrepo/rest/3b/6f/c3/25/3b6fc325-f6ca-41d8-b91e-8c5db3be8c13/berger_cloonan_objects,Decorative paper,12298,Openly accessible,https://api.library.tamu.edu/fcrepo/rest/3b/6f/c3/25/3b6fc325-f6ca-41d8-b91e-8c5db3be8c13/berger_cloonan_objects/55/orderProxies|https://api.library.tamu.edu/fcrepo/rest/3b/6f/c3/25/3b6fc325-f6ca-41d8-b91e-8c5db3be8c13/berger_cloonan_objects/55/pages,2020-11-19T20:28:39.350000+00:00,false,"1 sheet of teal blue, gold and off-white Dutch gilt paper; 13.50 x 15.50 in.",Texas A & M University. Libraries,Circa 1775 [?],"No copyright - United States; For more information, see:  http://rightsstatements.org/vocab/NoC-US/1.0/",fedoraAdmin,Berger-Cloonan #12298,Paper,StillImage,Distribution of fibers; Surface application; Laid; Printed; P4.D6.F1; Overall pattern with 4 rows of 8 saints each; gold over teal blue paste; 4 borders; laid paper; Contained in clear plastic sleeve; See Haemmerle #657a anonymous; Sidney E. Berger and Michele V. Cloonan purchased the sheet.; Section(s) from the Decorated and Decorative Paper Terms Thesaurus: II.E; VIII.H.1.d.1; Not signed. Not stamped.; Center fold line,https://api.library.tamu.edu/fcrepo/rest/3b/6f/c3/25/3b6fc325-f6ca-41d8-b91e-8c5db3be8c13/berger_cloonan_objects/55/pages/page_0/files/12298.jpg,,,,
fedoraAdmin,Laid lines|art reproduction|Silver gilt papers,2020-11-19T20:28:39.258000+00:00,reformatted digital,https://api.library.tamu.edu/fcrepo/rest/3b/6f/c3/25/3b6fc325-f6ca-41d8-b91e-8c5db3be8c13/berger_cloonan_objects,Decorative paper,12297,Openly accessible,https://api.library.tamu.edu/fcrepo/rest/3b/6f/c3/25/3b6fc325-f6ca-41d8-b91e-8c5db3be8c13/berger_cloonan_objects/54/pages|https://api.library.tamu.edu/fcrepo/rest/3b/6f/c3/25/3b6fc325-f6ca-41d8-b91e-8c5db3be8c13/berger_cloonan_objects/54/orderProxies,2022-05-18T23:14:29.078000+00:00,false,"1 sheet of green, silver and off-white silver gilt paper; 13.75 x 16.50 in.",Texas A & M University. Libraries,Circa 1783,"No copyright - United States; For more information, see:  http://rightsstatements.org/vocab/NoC-US/1.0/",fedoraAdmin,Berger-Cloonan #12297,Paper,StillImage,"Distribution of fibers; Surface application; Laid; Printed; P4.D6.F1; Overall pattern with floral design; tarnished silver over green paste; 4 borders; laid paper; Inscription original piece: ""PAUL REYMUND in NURNBERG No 12""; Contained in clear plastic sleeve; Not in Haemmerle; Sidney E. Berger and Michele V. Cloonan purchased the sheet.; Section(s) from the Decorated and Decorative Paper Terms Thesaurus: II.E; VIII.H.1.d.2; Not signed. Stamped.; Center fold line",https://api.library.tamu.edu/fcrepo/rest/3b/6f/c3/25/3b6fc325-f6ca-41d8-b91e-8c5db3be8c13/berger_cloonan_objects/54/pages/page_0/files/12297.jpg,"Reymund, Paul",Germany--Nuremberg,,
fedoraAdmin,nonpareil marbled paper|art reproduction|Non pareil marbled papers,2020-11-19T20:28:39.251000+00:00,reformatted digital,https://api.library.tamu.edu/fcrepo/rest/3b/6f/c3/25/3b6fc325-f6ca-41d8-b91e-8c5db3be8c13/berger_cloonan_objects,Marbled papers,1504,Openly accessible,https://api.library.tamu.edu/fcrepo/rest/3b/6f/c3/25/3b6fc325-f6ca-41d8-b91e-8c5db3be8c13/berger_cloonan_objects/8/orderProxies|https://api.library.tamu.edu/fcrepo/rest/3b/6f/c3/25/3b6fc325-f6ca-41d8-b91e-8c5db3be8c13/berger_cloonan_objects/8/pages,2020-11-19T20:28:39.251000+00:00,false,"1 sheet of yellow, blue, maroon and white marbled paper; 5.25 x 8.50 in.",Texas A & M University. Libraries,19th century,"No copyright - United States; For more information, see:  http://rightsstatements.org/vocab/NoC-US/1.0/",fedoraAdmin,Berger-Cloonan #1504,Paper,StillImage,Surface application; Marbled; M4.D1.F6; Previously used as an endpaper in a bookbinding; Section(s) from the Decorated and Decorative Paper Terms Thesaurus: VIII.F.1.e; Not signed. Not stamped. Not stickered. Not embossed.,https://api.library.tamu.edu/fcrepo/rest/3b/6f/c3/25/3b6fc325-f6ca-41d8-b91e-8c5db3be8c13/berger_cloonan_objects/8/pages/page_0/files/01504.jpg,,,,
fedoraAdmin,Laid lines|Gold gilt papers|art reproduction,2020-11-19T20:28:22.565000+00:00,reformatted digital,https://api.library.tamu.edu/fcrepo/rest/3b/6f/c3/25/3b6fc325-f6ca-41d8-b91e-8c5db3be8c13/berger_cloonan_objects,Decorative paper,12288,Openly accessible,https://api.library.tamu.edu/fcrepo/rest/3b/6f/c3/25/3b6fc325-f6ca-41d8-b91e-8c5db3be8c13/berger_cloonan_objects/48/pages|https://api.library.tamu.edu/fcrepo/rest/3b/6f/c3/25/3b6fc325-f6ca-41d8-b91e-8c5db3be8c13/berger_cloonan_objects/48/orderProxies,2022-05-18T23:08:49.586000+00:00,false,"1 sheet of red, gold and off-white Dutch gilt paper; 13.50 x 15.50 in.",Texas A & M University. Libraries,Late 18th century,"No copyright - United States; For more information, see:  http://rightsstatements.org/vocab/NoC-US/1.0/",fedoraAdmin,Berger-Cloonan #12288,Paper,StillImage,"Distribution of fibers; Surface application; Laid; Printed; P4.D6.F1; Overall pattern of 4 rows of 7 saints each; gold against carmine paste; 4 borders; laid paper; Inscription original piece: ""Renner & Abel Nuernberg""; Contained in clear plastic sleeve with #12287See Haemmerle #387; Sidney E. Berger and Michele V. Cloonan purchased the sheet from Graham Day in 01/2005.  Graham Day originally purchased the sheet at a Sotheby's sale in London, England on 11/30/2004.; Section(s) from the Decorated and Decorative Paper Terms Thesaurus: II.E; VIII.H.1.d.1; Not signed. Stamped.; Torn at center top; center fold line",https://api.library.tamu.edu/fcrepo/rest/3b/6f/c3/25/3b6fc325-f6ca-41d8-b91e-8c5db3be8c13/berger_cloonan_objects/48/pages/page_0/files/12288.jpg,G.N. Renner and Abel,Germany--Nuremberg,,P4.D6.F1.A
fedoraAdmin,Laid lines|Gold gilt papers|art reproduction,2020-11-19T20:28:22.605000+00:00,reformatted digital,https://api.library.tamu.edu/fcrepo/rest/3b/6f/c3/25/3b6fc325-f6ca-41d8-b91e-8c5db3be8c13/berger_cloonan_objects,Decorative paper,12287,Openly accessible,https://api.library.tamu.edu/fcrepo/rest/3b/6f/c3/25/3b6fc325-f6ca-41d8-b91e-8c5db3be8c13/berger_cloonan_objects/47/orderProxies|https://api.library.tamu.edu/fcrepo/rest/3b/6f/c3/25/3b6fc325-f6ca-41d8-b91e-8c5db3be8c13/berger_cloonan_objects/47/pages,2020-11-19T20:28:22.605000+00:00,false,"1 sheet of teal blue, gold and off-white Dutch gilt paper; 13.50 x 15.50 in.",Texas A & M University. Libraries,Late 18th century,"No copyright - United States; For more information, see:  http://rightsstatements.org/vocab/NoC-US/1.0/",fedoraAdmin,Berger-Cloonan #12287,Paper,StillImage,Distribution of fibers; Surface application; Laid; Printed; P4.D6.F1; Overall pattern of scenes from a chivalric romance; gold against teal blue paste; 4 borders; laid paper; Section(s) from the Decorated and Decorative Paper Terms Thesaurus: II.E; VIII.H.1.d.1; Not signed. Not stamped.,https://api.library.tamu.edu/fcrepo/rest/3b/6f/c3/25/3b6fc325-f6ca-41d8-b91e-8c5db3be8c13/berger_cloonan_objects/47/pages/page_0/files/12287.jpg,"Reymund, Paul",,,P4.D6.F1.A
fedoraAdmin,Gold gilt papers|art reproduction,2020-11-19T20:28:03.316000+00:00,reformatted digital,https://api.library.tamu.edu/fcrepo/rest/3b/6f/c3/25/3b6fc325-f6ca-41d8-b91e-8c5db3be8c13/berger_cloonan_objects,Decorative paper,12280,Openly accessible,https://api.library.tamu.edu/fcrepo/rest/3b/6f/c3/25/3b6fc325-f6ca-41d8-b91e-8c5db3be8c13/berger_cloonan_objects/40/pages|https://api.library.tamu.edu/fcrepo/rest/3b/6f/c3/25/3b6fc325-f6ca-41d8-b91e-8c5db3be8c13/berger_cloonan_objects/40/orderProxies,2020-11-19T20:28:03.316000+00:00,false,"1 sheet of red, gold and off-white Dutch gilt paper; 13.25 x 15.75 in.",Texas A & M University. Libraries,1780 [?],"No copyright - United States; For more information, see:  http://rightsstatements.org/vocab/NoC-US/1.0/",fedoraAdmin,Berger-Cloonan #12280,Paper,StillImage,"Surface application; Printed; P4.D6.F1; Overall pattern depicts 2 rows of 4 saints each; gold over red paste background; ""Ecce homo St. Joseph; Sta Maria; Jesus Christus; St. Petrus; St. Matthaeus; St. Simon; St. Sebastian""; Section(s) from the Decorated and Decorative Paper Terms Thesaurus: VIII.H.1.d.1; Not signed. Not stamped.",https://api.library.tamu.edu/fcrepo/rest/3b/6f/c3/25/3b6fc325-f6ca-41d8-b91e-8c5db3be8c13/berger_cloonan_objects/40/pages/page_0/files/12280.jpg,,,,
fedoraAdmin,art reproduction|Oil on water marbled papers,2020-11-19T20:28:02.752000+00:00,reformatted digital,https://api.library.tamu.edu/fcrepo/rest/3b/6f/c3/25/3b6fc325-f6ca-41d8-b91e-8c5db3be8c13/berger_cloonan_objects,Marbled papers,11377,Openly accessible,https://api.library.tamu.edu/fcrepo/rest/3b/6f/c3/25/3b6fc325-f6ca-41d8-b91e-8c5db3be8c13/berger_cloonan_objects/31/orderProxies|https://api.library.tamu.edu/fcrepo/rest/3b/6f/c3/25/3b6fc325-f6ca-41d8-b91e-8c5db3be8c13/berger_cloonan_objects/31/pages,2020-11-19T20:28:02.752000+00:00,false,"1 sheet of yellow, brown, black and white marbled paper; 19.50 x 28.50 in.",Texas A & M University. Libraries,19th century,"No copyright - United States; For more information, see:  http://rightsstatements.org/vocab/NoC-US/1.0/",fedoraAdmin,Berger-Cloonan #11377,Paper,StillImage,Surface application; Marbled; M5.D3.F9; Glossy finish; Frederik Muller donated the sheet to Sidney E. Berger and Michele V. Cloonan in 2008.  Sidney E. Berger met Frederik Muller at the Antiquarian Booksellers Association of America (ABAA) Book Fair in Boston that same year.; Section(s) from the Decorated and Decorative Paper Terms Thesaurus: VIII.F.1.f; Not signed. Not stamped.; Marbling color on  top and bottom edges on verso; wrinkled; black marks on verso,https://api.library.tamu.edu/fcrepo/rest/3b/6f/c3/25/3b6fc325-f6ca-41d8-b91e-8c5db3be8c13/berger_cloonan_objects/31/pages/page_0/files/11377.jpg,,,,M5.D3.F9.A
fedoraAdmin,nonpareil marbled paper|art reproduction|Non pareil marbled papers,2020-11-19T20:28:39.116000+00:00,reformatted digital,https://api.library.tamu.edu/fcrepo/rest/3b/6f/c3/25/3b6fc325-f6ca-41d8-b91e-8c5db3be8c13/berger_cloonan_objects,Marbled papers,1502,Openly accessible,https://api.library.tamu.edu/fcrepo/rest/3b/6f/c3/25/3b6fc325-f6ca-41d8-b91e-8c5db3be8c13/berger_cloonan_objects/6/orderProxies|https://api.library.tamu.edu/fcrepo/rest/3b/6f/c3/25/3b6fc325-f6ca-41d8-b91e-8c5db3be8c13/berger_cloonan_objects/6/pages,2020-11-19T20:28:39.116000+00:00,false,"1 sheet of yellow, green, blue, purple, red and white marbled paper; 4.25 x 7.00 in.",Texas A & M University. Libraries,19th century,"No copyright - United States; For more information, see:  http://rightsstatements.org/vocab/NoC-US/1.0/",fedoraAdmin,Berger-Cloonan #1502,Paper,StillImage,Surface application; Marbled; M4.D1.F6; Previously used as an endpaper in a bookbinding; Section(s) from the Decorated and Decorative Paper Terms Thesaurus: VIII.F.1.e; Not signed. Not stamped. Not stickered. Not embossed.,https://api.library.tamu.edu/fcrepo/rest/3b/6f/c3/25/3b6fc325-f6ca-41d8-b91e-8c5db3be8c13/berger_cloonan_objects/6/pages/page_0/files/01502.jpg,,,,
fedoraAdmin,Non pareil marbled papers|nonpareil marbled paper|art reproduction,2020-11-19T20:28:22.404000+00:00,reformatted digital,https://api.library.tamu.edu/fcrepo/rest/3b/6f/c3/25/3b6fc325-f6ca-41d8-b91e-8c5db3be8c13/berger_cloonan_objects,Marbled papers,1501,Openly accessible,https://api.library.tamu.edu/fcrepo/rest/3b/6f/c3/25/3b6fc325-f6ca-41d8-b91e-8c5db3be8c13/berger_cloonan_objects/5/orderProxies|https://api.library.tamu.edu/fcrepo/rest/3b/6f/c3/25/3b6fc325-f6ca-41d8-b91e-8c5db3be8c13/berger_cloonan_objects/5/pages,2020-11-19T20:28:22.404000+00:00,false,"1 sheet of yellow, green, purple, maroon and white marbled paper; 5.50 x 8.50 in.",Texas A & M University. Libraries,19th century,"No copyright - United States; For more information, see:  http://rightsstatements.org/vocab/NoC-US/1.0/",fedoraAdmin,Berger-Cloonan #1501,Paper,StillImage,Surface application; Marbled; M4.D1.F6; Previously used as an endpaper in a bookbinding; Section(s) from the Decorated and Decorative Paper Terms Thesaurus: VIII.F.1.e; Not signed. Not stamped. Not stickered. Not embossed.,https://api.library.tamu.edu/fcrepo/rest/3b/6f/c3/25/3b6fc325-f6ca-41d8-b91e-8c5db3be8c13/berger_cloonan_objects/5/pages/page_0/files/01501.jpg,,,,
fedoraAdmin,Laid lines|Gold gilt papers|art reproduction,2020-11-19T20:28:23.354000+00:00,reformatted digital,https://api.library.tamu.edu/fcrepo/rest/3b/6f/c3/25/3b6fc325-f6ca-41d8-b91e-8c5db3be8c13/berger_cloonan_objects,Decorative paper,12294,Openly accessible,https://api.library.tamu.edu/fcrepo/rest/3b/6f/c3/25/3b6fc325-f6ca-41d8-b91e-8c5db3be8c13/berger_cloonan_objects/52/orderProxies|https://api.library.tamu.edu/fcrepo/rest/3b/6f/c3/25/3b6fc325-f6ca-41d8-b91e-8c5db3be8c13/berger_cloonan_objects/52/pages,2020-11-19T20:28:23.354000+00:00,false,"1 sheet of teal blue, gold and off-white Dutch gilt paper; 13.25 x 15.50 in.",Texas A & M University. Libraries,Circa 1826,"No copyright - United States; For more information, see:  http://rightsstatements.org/vocab/NoC-US/1.0/",fedoraAdmin,Berger-Cloonan #12294,Paper,StillImage,"Distribution of fibers; Surface application; Laid; Printed; P4.D6.F1; Overall pattern with 30 wild and tamed animals; gold over teal blue paste; 4 borders; laid paper; Inscription original piece: ""G. N. RENNER & ABEL""; Contained in clear plastic sleeve; See Haemmerle #385 notes on white paper; Sidney E. Berger and Michele V. Cloonan purchased the sheet from Andreas Mueller in Potsdam, Germany in 2012.; Section(s) from the Decorated and Decorative Paper Terms Thesaurus: II.E; VIII.H.1.d.1; Not signed.   Stamped.; Center fold line",https://api.library.tamu.edu/fcrepo/rest/3b/6f/c3/25/3b6fc325-f6ca-41d8-b91e-8c5db3be8c13/berger_cloonan_objects/52/pages/page_0/files/12294.jpg,G.N. Renner and Abel,,,
fedoraAdmin,Oil on water marbled papers|art reproduction,2020-11-19T20:27:44.478000+00:00,reformatted digital,https://api.library.tamu.edu/fcrepo/rest/3b/6f/c3/25/3b6fc325-f6ca-41d8-b91e-8c5db3be8c13/berger_cloonan_objects,Marbled papers,11375,Openly accessible,https://api.library.tamu.edu/fcrepo/rest/3b/6f/c3/25/3b6fc325-f6ca-41d8-b91e-8c5db3be8c13/berger_cloonan_objects/29/orderProxies|https://api.library.tamu.edu/fcrepo/rest/3b/6f/c3/25/3b6fc325-f6ca-41d8-b91e-8c5db3be8c13/berger_cloonan_objects/29/pages,2020-11-19T20:27:44.478000+00:00,false,"1 sheet of brown, red, black and cream marbled paper; 19.75 x 28.50 in.",Texas A & M University. Libraries,19th century,"No copyright - United States; For more information, see:  http://rightsstatements.org/vocab/NoC-US/1.0/",fedoraAdmin,Berger-Cloonan #11375,Paper,StillImage,Surface application; Marbled; M5.D3.F9; Glossy finish; Frederik Muller donated the sheet to Sidney E. Berger and Michele V. Cloonan in 2008.  Sidney E. Berger met Frederik Muller at the Antiquarian Booksellers Association of America (ABAA) Book Fair in Boston that same year.; Section(s) from the Decorated and Decorative Paper Terms Thesaurus: VIII.F.1.f; Not signed. Not stamped.; Marbling color on top and bottom  edges on verso; creased; wrinkled; black marks on verso,https://api.library.tamu.edu/fcrepo/rest/3b/6f/c3/25/3b6fc325-f6ca-41d8-b91e-8c5db3be8c13/berger_cloonan_objects/29/pages/page_0/files/11375.jpg,,,,M5.D3.F9.A
fedoraAdmin,art reproduction|Stormont marbled papers|endpapers,2020-11-19T20:27:42.300000+00:00,reformatted digital,https://api.library.tamu.edu/fcrepo/rest/3b/6f/c3/25/3b6fc325-f6ca-41d8-b91e-8c5db3be8c13/berger_cloonan_objects,Marbled papers,1524,Openly accessible,https://api.library.tamu.edu/fcrepo/rest/3b/6f/c3/25/3b6fc325-f6ca-41d8-b91e-8c5db3be8c13/berger_cloonan_objects/24/pages|https://api.library.tamu.edu/fcrepo/rest/3b/6f/c3/25/3b6fc325-f6ca-41d8-b91e-8c5db3be8c13/berger_cloonan_objects/24/orderProxies,2023-11-09T17:15:55.552000+00:00,false,"1 sheet of blue, yellow, green, black, pink and white marbled paper; 9.00 x 15.00  in.",Texas A & M University. Libraries,18th century-19th century,"No copyright - United States; For more information, see:  http://rightsstatements.org/vocab/NoC-US/1.0/",fedoraAdmin,Gloucester (Berger-Cloonan #1524),Paper,StillImage,"Surface application; Marbled; M4.D1.F6; Previously used as an endpaper in a bookbinding; Inscription original piece: ""Gloucester, probably late 18, early 19th c."", ""7."", ""542/ 4 rok""; Section(s) from the Decorated and Decorative Paper Terms Thesaurus: VIII.F.4.g; Not signed. Not stamped. Stickered. Not embossed.; Portion of identifying sticker missing",https://api.library.tamu.edu/fcrepo/rest/3b/6f/c3/25/3b6fc325-f6ca-41d8-b91e-8c5db3be8c13/berger_cloonan_objects/24/pages/page_0/files/01524.jpg,,,,
fedoraAdmin,Non pareil marbled papers|endpapers|nonpareil marbled paper|art reproduction,2020-11-19T20:27:21.658000+00:00,reformatted digital,https://api.library.tamu.edu/fcrepo/rest/3b/6f/c3/25/3b6fc325-f6ca-41d8-b91e-8c5db3be8c13/berger_cloonan_objects,Marbled papers,1512,Openly accessible,https://api.library.tamu.edu/fcrepo/rest/3b/6f/c3/25/3b6fc325-f6ca-41d8-b91e-8c5db3be8c13/berger_cloonan_objects/12/pages|https://api.library.tamu.edu/fcrepo/rest/3b/6f/c3/25/3b6fc325-f6ca-41d8-b91e-8c5db3be8c13/berger_cloonan_objects/12/orderProxies,2023-11-09T16:47:40.503000+00:00,false,"1 sheet of maroon, blue, black, brown, yellow and white marbled paper; 6.00 x 9.00 in.",Texas A & M University. Libraries,19th century,"No copyright - United States; For more information, see:  http://rightsstatements.org/vocab/NoC-US/1.0/",fedoraAdmin,Berger-Cloonan #1512,Paper,StillImage,Surface application; Marbled; M4.D1.F6; Previously used as an endpaper in a bookbinding; heavy weight paper; Section(s) from the Decorated and Decorative Paper Terms Thesaurus: VIII.F.1.e; Not signed. Not stamped. Not stickered. Not embossed.,https://api.library.tamu.edu/fcrepo/rest/3b/6f/c3/25/3b6fc325-f6ca-41d8-b91e-8c5db3be8c13/berger_cloonan_objects/12/pages/page_0/files/01512.jpg,,,,
fedoraAdmin,Laid lines|Gold gilt papers|art reproduction,2020-11-19T20:28:02.110000+00:00,reformatted digital,https://api.library.tamu.edu/fcrepo/rest/3b/6f/c3/25/3b6fc325-f6ca-41d8-b91e-8c5db3be8c13/berger_cloonan_objects,Decorative paper,12277,Openly accessible,https://api.library.tamu.edu/fcrepo/rest/3b/6f/c3/25/3b6fc325-f6ca-41d8-b91e-8c5db3be8c13/berger_cloonan_objects/37/pages|https://api.library.tamu.edu/fcrepo/rest/3b/6f/c3/25/3b6fc325-f6ca-41d8-b91e-8c5db3be8c13/berger_cloonan_objects/37/orderProxies,2022-05-18T23:33:18.185000+00:00,false,1 sheet of light green and off-white Dutch gilt paper; 13.50 x 16.75 in.,Texas A & M University. Libraries,1782,"No copyright - United States; For more information, see:  http://rightsstatements.org/vocab/NoC-US/1.0/",fedoraAdmin,Berger-Cloonan #12277,Paper,StillImage,"Distribution of fibers; Surface application; Laid; Printed; P4.D6.F1; Overall pattern depicts 6 rows of various soldiers, farmers, carriages, etc.; pale green paste background; 4 light borders; laid paper; Inscription original piece: ""1782 in Augspurg bei Johann Carl Munck No. 22""; Contained in clear plastic sleeve along with another sheet of Dutch gilt; See Haemmerle #224; Sidney E. Berger and Michele V. Cloonan purchased the sheet at the Los Angeles County Book Fair on 02/14/1998.; Section(s) from the Decorated and Decorative Paper Terms Thesaurus: II.E; VIII.H.1.d.1; Not signed. Stamped.; Center fold line; stains on recto and verso; creased; most gold missing",https://api.library.tamu.edu/fcrepo/rest/3b/6f/c3/25/3b6fc325-f6ca-41d8-b91e-8c5db3be8c13/berger_cloonan_objects/37/pages/page_0/files/12277.jpg,"Munck, Johann Carl",Germany--Augsburg,,
fedoraAdmin,Laid lines|art reproduction|Silver gilt papers,2020-11-19T20:28:02.175000+00:00,reformatted digital,https://api.library.tamu.edu/fcrepo/rest/3b/6f/c3/25/3b6fc325-f6ca-41d8-b91e-8c5db3be8c13/berger_cloonan_objects,Decorative paper,12276,Openly accessible,https://api.library.tamu.edu/fcrepo/rest/3b/6f/c3/25/3b6fc325-f6ca-41d8-b91e-8c5db3be8c13/berger_cloonan_objects/36/pages|https://api.library.tamu.edu/fcrepo/rest/3b/6f/c3/25/3b6fc325-f6ca-41d8-b91e-8c5db3be8c13/berger_cloonan_objects/36/orderProxies,2022-05-18T23:04:30.470000+00:00,false,"1 sheet of light green, silver and off-white Dutch gilt paper; 13.50 x 16.50 in.",Texas A & M University. Libraries,1750 [?],"No copyright - United States; For more information, see:  http://rightsstatements.org/vocab/NoC-US/1.0/",fedoraAdmin,Berger-Cloonan #12276,Paper,StillImage,"Distribution of fibers; Surface application; Laid; Printed; P4.D6.F1; Overall floral pattern; pale green background with silver highlights; 4 light  borders; laid paper; Inscription original piece: ""(Nuremberg ca. 1750), Rare silver Buntpapier""; Contained in clear plastic sleeve along with another sheet of Dutch gilt; Sidney E. Berger and Michele V. Cloonan purchased the sheet.; Section(s) from the Decorated and Decorative Paper Terms Thesaurus: II.E; VIII.H.1.d.2; Not signed. Not stamped.; Center fold line",https://api.library.tamu.edu/fcrepo/rest/3b/6f/c3/25/3b6fc325-f6ca-41d8-b91e-8c5db3be8c13/berger_cloonan_objects/36/pages/page_0/files/12276.jpg,,Germany--Nuremberg,,
fedoraAdmin,art reproduction|dutch marbled paper|French snail marbled papers|curl marbled paper,2020-11-19T20:28:01.177000+00:00,reformatted digital,https://api.library.tamu.edu/fcrepo/rest/3b/6f/c3/25/3b6fc325-f6ca-41d8-b91e-8c5db3be8c13/berger_cloonan_objects,Marbled papers,1499,Openly accessible,https://api.library.tamu.edu/fcrepo/rest/3b/6f/c3/25/3b6fc325-f6ca-41d8-b91e-8c5db3be8c13/berger_cloonan_objects/3/orderProxies|https://api.library.tamu.edu/fcrepo/rest/3b/6f/c3/25/3b6fc325-f6ca-41d8-b91e-8c5db3be8c13/berger_cloonan_objects/3/pages,2020-11-19T20:28:01.177000+00:00,false,"1 sheet of brown, blue, maroon and white marbled paper; 5.25 x 8.50 in.",Texas A & M University. Libraries,19th century,"No copyright - United States; For more information, see:  http://rightsstatements.org/vocab/NoC-US/1.0/",fedoraAdmin,Berger-Cloonan #1499,Paper,StillImage,"Surface application; Marbled; M4.D1.F6; Previously used as an endpaper in a bookbinding; Inscription original piece: ""similar to W. H. Wolnough mid-late 19th C?""; Section(s) from the Decorated and Decorative Paper Terms Thesaurus: VIII.F.1.c; Not signed. Not stamped. Not stickered. Not embossed.",https://api.library.tamu.edu/fcrepo/rest/3b/6f/c3/25/3b6fc325-f6ca-41d8-b91e-8c5db3be8c13/berger_cloonan_objects/3/pages/page_0/files/01499.jpg,,,,
fedoraAdmin,Non pareil marbled papers|endpapers|nonpareil marbled paper|art reproduction,2020-11-19T20:27:41.593000+00:00,reformatted digital,https://api.library.tamu.edu/fcrepo/rest/3b/6f/c3/25/3b6fc325-f6ca-41d8-b91e-8c5db3be8c13/berger_cloonan_objects,Marbled papers,1522,Openly accessible,https://api.library.tamu.edu/fcrepo/rest/3b/6f/c3/25/3b6fc325-f6ca-41d8-b91e-8c5db3be8c13/berger_cloonan_objects/22/orderProxies|https://api.library.tamu.edu/fcrepo/rest/3b/6f/c3/25/3b6fc325-f6ca-41d8-b91e-8c5db3be8c13/berger_cloonan_objects/22/pages,2023-11-09T16:45:13.498000+00:00,false,"1 sheet of red, blue, black, yellow and white marbled paper; 5.75 x 9.00 in.",Texas A & M University. Libraries,19th century,"No copyright - United States; For more information, see:  http://rightsstatements.org/vocab/NoC-US/1.0/",fedoraAdmin,Berger-Cloonan #1522,Paper,StillImage,Surface application; Marbled; M4.D1.F6; Previously used as an endpaper in a bookbinding; heavy weight paper; Section(s) from the Decorated and Decorative Paper Terms Thesaurus: VIII.F.1.e; Not signed. Not stamped. Not stickered. Not embossed.; Slightly torn along edges,https://api.library.tamu.edu/fcrepo/rest/3b/6f/c3/25/3b6fc325-f6ca-41d8-b91e-8c5db3be8c13/berger_cloonan_objects/22/pages/page_0/files/01522.jpg,,,,
fedoraAdmin,Laid lines|Gold gilt papers|art reproduction,2020-11-19T20:28:22.137000+00:00,reformatted digital,https://api.library.tamu.edu/fcrepo/rest/3b/6f/c3/25/3b6fc325-f6ca-41d8-b91e-8c5db3be8c13/berger_cloonan_objects,Decorative paper,12284,Openly accessible,https://api.library.tamu.edu/fcrepo/rest/3b/6f/c3/25/3b6fc325-f6ca-41d8-b91e-8c5db3be8c13/berger_cloonan_objects/44/pages|https://api.library.tamu.edu/fcrepo/rest/3b/6f/c3/25/3b6fc325-f6ca-41d8-b91e-8c5db3be8c13/berger_cloonan_objects/44/orderProxies,2022-05-18T23:38:11.940000+00:00,false,1 sheet of gold and off-white Dutch gilt paper; 14.25 x 17.75 in.,Texas A & M University. Libraries,1740,"No copyright - United States; For more information, see:  http://rightsstatements.org/vocab/NoC-US/1.0/",fedoraAdmin,Berger-Cloonan #12284,Paper,StillImage,"Distribution of fibers; Surface application; Laid; Printed; P4.D6.F1; Overall floral pattern against unpasted sheet; 4 borders; laid paper; Inscription original piece: ""In Augspurg bei Johan Wilhel[m] Meyer No 1""; Section(s) from the Decorated and Decorative Paper Terms Thesaurus: II.E; VIII.H.1.d.1; Not signed. Stamped.",https://api.library.tamu.edu/fcrepo/rest/3b/6f/c3/25/3b6fc325-f6ca-41d8-b91e-8c5db3be8c13/berger_cloonan_objects/44/pages/page_0/files/12284.jpg,"Meyer, Johann Wilhem",Germany--Augsburg,,
fedoraAdmin,Gold gilt papers|art reproduction,2020-11-19T20:28:21.952000+00:00,reformatted digital,https://api.library.tamu.edu/fcrepo/rest/3b/6f/c3/25/3b6fc325-f6ca-41d8-b91e-8c5db3be8c13/berger_cloonan_objects,Decorative paper,12283,Openly accessible,https://api.library.tamu.edu/fcrepo/rest/3b/6f/c3/25/3b6fc325-f6ca-41d8-b91e-8c5db3be8c13/berger_cloonan_objects/43/pages|https://api.library.tamu.edu/fcrepo/rest/3b/6f/c3/25/3b6fc325-f6ca-41d8-b91e-8c5db3be8c13/berger_cloonan_objects/43/orderProxies,2020-11-19T20:28:21.952000+00:00,false,1 sheet of Dutch gilt paper; 14.25 x 17.25 in.,Texas A & M University. Libraries,1770 [?],"No copyright - United States; For more information, see:  http://rightsstatements.org/vocab/NoC-US/1.0/",fedoraAdmin,Berger-Cloonan #12283,Paper,StillImage,"Surface application; Printed; P4.D6.F1; Overall colorful floral pattern; 4 off white borders; Inscription on original piece: ""Brokatpapier um 1700"" [written in pencil on recto]: 'Munck""; Contained in clear plastic sleeve See Haemmerle #?9?; Sidney E. Berger and Michele V. Cloonan purchased the sheet from Carta Pura in Munich, Germany in 10/2011.; Section(s) from the Decorated and Decorative Paper Terms Thesaurus: VIII.H.1.d.1; Not signed. Not stamped.; Large portion of 1 corner cut away; center fold line; center line and borders discolored on recto",https://api.library.tamu.edu/fcrepo/rest/3b/6f/c3/25/3b6fc325-f6ca-41d8-b91e-8c5db3be8c13/berger_cloonan_objects/43/pages/page_0/files/12283.jpg,,,,
fedoraAdmin,Non pareil marbled papers|endpapers|nonpareil marbled paper|art reproduction,2020-11-19T20:27:22.286000+00:00,reformatted digital,https://api.library.tamu.edu/fcrepo/rest/3b/6f/c3/25/3b6fc325-f6ca-41d8-b91e-8c5db3be8c13/berger_cloonan_objects,Marbled papers,1515,Openly accessible,https://api.library.tamu.edu/fcrepo/rest/3b/6f/c3/25/3b6fc325-f6ca-41d8-b91e-8c5db3be8c13/berger_cloonan_objects/15/orderProxies|https://api.library.tamu.edu/fcrepo/rest/3b/6f/c3/25/3b6fc325-f6ca-41d8-b91e-8c5db3be8c13/berger_cloonan_objects/15/pages,2023-11-09T16:51:36.330000+00:00,false,"1 sheet of maroon, purple, green, yellow and white marbled paper; 6.00 x 9.00 in. (closed); 9.00 x 12.00 (open) in.",Texas A & M University. Libraries,19th century,"No copyright - United States; For more information, see:  http://rightsstatements.org/vocab/NoC-US/1.0/",fedoraAdmin,Berger-Cloonan #1515,Paper,StillImage,Surface application; Marbled; M4.D1.F6; Previously used as an endpaper in a bookbinding; full signature; heavy weight paper; Section(s) from the Decorated and Decorative Paper Terms Thesaurus: VIII.F.1.e; Not signed. Not stamped. Not stickered. Not embossed.; Several small tears,https://api.library.tamu.edu/fcrepo/rest/3b/6f/c3/25/3b6fc325-f6ca-41d8-b91e-8c5db3be8c13/berger_cloonan_objects/15/pages/page_0/files/01515.jpg,,,,
fedoraAdmin,Laid lines|Gold gilt papers|art reproduction,2020-11-19T20:27:02.112000+00:00,reformatted digital,https://api.library.tamu.edu/fcrepo/rest/3b/6f/c3/25/3b6fc325-f6ca-41d8-b91e-8c5db3be8c13/berger_cloonan_objects,Decorative paper,12274,Openly accessible,https://api.library.tamu.edu/fcrepo/rest/3b/6f/c3/25/3b6fc325-f6ca-41d8-b91e-8c5db3be8c13/berger_cloonan_objects/34/orderProxies|https://api.library.tamu.edu/fcrepo/rest/3b/6f/c3/25/3b6fc325-f6ca-41d8-b91e-8c5db3be8c13/berger_cloonan_objects/34/pages,2022-05-18T22:58:30.320000+00:00,false,1 sheet of gold and light gray Dutch gilt paper; 13.50 x 15.00 in.,Texas A & M University. Libraries,Circa 1780,"No copyright - United States; For more information, see:  http://rightsstatements.org/vocab/NoC-US/1.0/",fedoraAdmin,Berger-Cloonan #12274,Paper,StillImage,"Distribution of fibers; Surface application; Laid; Printed; P4.D6.F1; Overall densely gilt floral pattern; 4 light gray borders; laid paper; Inscription original piece: ""I. MAISCH [George M NURNBERG]""; Affixed to backing of an off-white matte frame, which is torn, along with another sheet of Dutch gilt paper, which is  not affixed to backing. See Haemmerle #143 (p. 209); Sidney E. Berger and Michele V. Cloonan purchased the sheet.; Section(s) from the Decorated and Decorative Paper Terms Thesaurus: II.E; VIII.H.1.d.1; Signed. Stamped.; Center fold line; gilt extends beyond registration",https://api.library.tamu.edu/fcrepo/rest/3b/6f/c3/25/3b6fc325-f6ca-41d8-b91e-8c5db3be8c13/berger_cloonan_objects/34/pages/page_0/files/12274.jpg,"Maisch, George M.",Germany--Nuremberg,,
fedoraAdmin,endpapers|nonpareil marbled paper|art reproduction|Non pareil marbled papers,2020-11-19T20:27:22.076000+00:00,reformatted digital,https://api.library.tamu.edu/fcrepo/rest/3b/6f/c3/25/3b6fc325-f6ca-41d8-b91e-8c5db3be8c13/berger_cloonan_objects,Marbled papers,1514,Openly accessible,https://api.library.tamu.edu/fcrepo/rest/3b/6f/c3/25/3b6fc325-f6ca-41d8-b91e-8c5db3be8c13/berger_cloonan_objects/14/orderProxies|https://api.library.tamu.edu/fcrepo/rest/3b/6f/c3/25/3b6fc325-f6ca-41d8-b91e-8c5db3be8c13/berger_cloonan_objects/14/pages,2023-11-09T16:50:19.995000+00:00,false,"1 sheet of maroon, blue, green, yellow and white marbled paper; 5.75 x 9.00 in.",Texas A & M University. Libraries,19th century,"No copyright - United States; For more information, see:  http://rightsstatements.org/vocab/NoC-US/1.0/",fedoraAdmin,Berger-Cloonan #1514,Paper,StillImage,Surface application; Marbled; M4.D1.F6; Previously used as an endpaper in a bookbinding; heavy weight paper; Section(s) from the Decorated and Decorative Paper Terms Thesaurus: VIII.F.1.e; Not signed. Not stamped. Not stickered. Not embossed.; Slightly torn along edges,https://api.library.tamu.edu/fcrepo/rest/3b/6f/c3/25/3b6fc325-f6ca-41d8-b91e-8c5db3be8c13/berger_cloonan_objects/14/pages/page_0/files/01514.jpg,,,,
fedoraAdmin,Gold gilt papers|art reproduction|Laid lines,2020-11-19T20:27:01.580000+00:00,reformatted digital,https://api.library.tamu.edu/fcrepo/rest/3b/6f/c3/25/3b6fc325-f6ca-41d8-b91e-8c5db3be8c13/berger_cloonan_objects,Decorative paper,12299,Openly accessible,https://api.library.tamu.edu/fcrepo/rest/3b/6f/c3/25/3b6fc325-f6ca-41d8-b91e-8c5db3be8c13/berger_cloonan_objects/56/pages|https://api.library.tamu.edu/fcrepo/rest/3b/6f/c3/25/3b6fc325-f6ca-41d8-b91e-8c5db3be8c13/berger_cloonan_objects/56/orderProxies,2020-11-19T20:27:01.580000+00:00,false,"1 sheet of red, gold and off-white Dutch gilt paper; 13.50 x 16.50 in.",Texas A & M University. Libraries,Circa 1720s,"No copyright - United States; For more information, see:  http://rightsstatements.org/vocab/NoC-US/1.0/",fedoraAdmin,Berger-Cloonan #12299,Paper,StillImage,Distribution of fibers; Surface application; Laid; Printed; P4.D6.F1; Overall pattern floral design; gold over carmine paste; 4 borders; laid paper; Contained in clear plastic sleeve; Sidney E. Berger and Michele V. Cloonan purchased the sheet circa 2002.; Section(s) from the Decorated and Decorative Paper Terms Thesaurus: II.E; VIII.H.1.d.1; Not signed. Not stamped.; Center fold line,https://api.library.tamu.edu/fcrepo/rest/3b/6f/c3/25/3b6fc325-f6ca-41d8-b91e-8c5db3be8c13/berger_cloonan_objects/56/pages/page_0/files/12299.jpg,,,,
fedoraAdmin,Non pareil marbled papers|nonpareil marbled paper|art reproduction,2020-11-19T20:27:41.633000+00:00,reformatted digital,https://api.library.tamu.edu/fcrepo/rest/3b/6f/c3/25/3b6fc325-f6ca-41d8-b91e-8c5db3be8c13/berger_cloonan_objects,Marbled papers,1520,Openly accessible,https://api.library.tamu.edu/fcrepo/rest/3b/6f/c3/25/3b6fc325-f6ca-41d8-b91e-8c5db3be8c13/berger_cloonan_objects/20/orderProxies|https://api.library.tamu.edu/fcrepo/rest/3b/6f/c3/25/3b6fc325-f6ca-41d8-b91e-8c5db3be8c13/berger_cloonan_objects/20/pages,2020-11-19T20:27:41.633000+00:00,false,"1 sheet of maroon, blue, green, yellow and white marbled paper; 8.75 x 12.00 in.",Texas A & M University. Libraries,19th century,"No copyright - United States; For more information, see:  http://rightsstatements.org/vocab/NoC-US/1.0/",fedoraAdmin,Berger-Cloonan #1520,Paper,StillImage,Surface application; Marbled; M4.D1.F6; Previously used as an endpaper in a bookbinding; heavy weight paper; Section(s) from the Decorated and Decorative Paper Terms Thesaurus: VIII.F.1.e; Not signed. Not stamped. Not stickered. Not embossed.; Small tear along edge,https://api.library.tamu.edu/fcrepo/rest/3b/6f/c3/25/3b6fc325-f6ca-41d8-b91e-8c5db3be8c13/berger_cloonan_objects/20/pages/page_0/files/01520.jpg,,,,
fedoraAdmin,Laid lines|Gold gilt papers|art reproduction,2020-11-19T20:28:22.709000+00:00,reformatted digital,https://api.library.tamu.edu/fcrepo/rest/3b/6f/c3/25/3b6fc325-f6ca-41d8-b91e-8c5db3be8c13/berger_cloonan_objects,Decorative paper,12289,Openly accessible,https://api.library.tamu.edu/fcrepo/rest/3b/6f/c3/25/3b6fc325-f6ca-41d8-b91e-8c5db3be8c13/berger_cloonan_objects/49/orderProxies|https://api.library.tamu.edu/fcrepo/rest/3b/6f/c3/25/3b6fc325-f6ca-41d8-b91e-8c5db3be8c13/berger_cloonan_objects/49/pages,2020-11-19T20:28:22.709000+00:00,false,"1 sheet of orange, blue, yellow, gold and off-white Dutch gilt paper; 14.00 x 16.50 in.",Texas A & M University. Libraries,Circa 1790,"No copyright - United States; For more information, see:  http://rightsstatements.org/vocab/NoC-US/1.0/",fedoraAdmin,Berger-Cloonan #12289,Paper,StillImage,"Distribution of fibers; Surface application; Laid; Printed; P4.D6.F1; Overall pattern of floral and fruit design; gold stamped over orange and blue diamond; 4 borders; laid paper; Inscription original piece: ""Paul Reymund No 11""; Section(s) from the Decorated and Decorative Paper Terms Thesaurus: II.E; VIII.H.1.d.1; Not signed. Stamped.",https://api.library.tamu.edu/fcrepo/rest/3b/6f/c3/25/3b6fc325-f6ca-41d8-b91e-8c5db3be8c13/berger_cloonan_objects/49/pages/page_0/files/12289.jpg,"Reymund, Paul",,,
fedoraAdmin,Oil on water marbled papers|art reproduction,2020-11-19T20:27:03.169000+00:00,reformatted digital,https://api.library.tamu.edu/fcrepo/rest/3b/6f/c3/25/3b6fc325-f6ca-41d8-b91e-8c5db3be8c13/berger_cloonan_objects,Marbled papers,11379,Openly accessible,https://api.library.tamu.edu/fcrepo/rest/3b/6f/c3/25/3b6fc325-f6ca-41d8-b91e-8c5db3be8c13/berger_cloonan_objects/33/orderProxies|https://api.library.tamu.edu/fcrepo/rest/3b/6f/c3/25/3b6fc325-f6ca-41d8-b91e-8c5db3be8c13/berger_cloonan_objects/33/pages,2020-11-19T20:27:03.169000+00:00,false,1 sheet of brown and cream marbled paper; 20.00 x 30.00 in.,Texas A & M University. Libraries,19th century,"No copyright - United States; For more information, see:  http://rightsstatements.org/vocab/NoC-US/1.0/",fedoraAdmin,Berger-Cloonan #11379,Paper,StillImage,Surface application; Marbled; M5.D3.F9; Glossy finish; light weight paper; Frederik Muller donated the sheet to Sidney E. Berger and Michele V. Cloonan in 2008.  Sidney E. Berger met Frederik Muller at the Antiquarian Booksellers Association of America (ABAA) Book Fair in Boston that same year.; Section(s) from the Decorated and Decorative Paper Terms Thesaurus: VIII.F.1.f; Not signed. Not stamped.; Marbling color on side edges on verso; creased; torn; wrinkled,https://api.library.tamu.edu/fcrepo/rest/3b/6f/c3/25/3b6fc325-f6ca-41d8-b91e-8c5db3be8c13/berger_cloonan_objects/33/pages/page_0/files/11379.jpg,,,,M5.D3.F9.A
fedoraAdmin,Gold gilt papers|art reproduction,2020-11-19T20:28:03.960000+00:00,reformatted digital,https://api.library.tamu.edu/fcrepo/rest/3b/6f/c3/25/3b6fc325-f6ca-41d8-b91e-8c5db3be8c13/berger_cloonan_objects,Decorative paper,12281,Openly accessible,https://api.library.tamu.edu/fcrepo/rest/3b/6f/c3/25/3b6fc325-f6ca-41d8-b91e-8c5db3be8c13/berger_cloonan_objects/41/pages|https://api.library.tamu.edu/fcrepo/rest/3b/6f/c3/25/3b6fc325-f6ca-41d8-b91e-8c5db3be8c13/berger_cloonan_objects/41/orderProxies,2020-11-19T20:28:03.960000+00:00,false,"1 sheet of red, gold and off-white Dutch gilt paper; 13.50 x 16.50 in.",Texas A & M University. Libraries,1790 [?],"No copyright - United States; For more information, see:  http://rightsstatements.org/vocab/NoC-US/1.0/",fedoraAdmin,Berger-Cloonan #12281,Paper,StillImage,"Surface application; Printed; P4.D6.F1; Overall pattern depicts 2 rows of 4 alphabetical panels each; gold over red paste background; Inscription original piece: ""Johann Lechner in Fuerth No 26""; Section(s) from the Decorated and Decorative Paper Terms Thesaurus: VIII.H.1.d.1; Not signed. Stamped.",https://api.library.tamu.edu/fcrepo/rest/3b/6f/c3/25/3b6fc325-f6ca-41d8-b91e-8c5db3be8c13/berger_cloonan_objects/41/pages/page_0/files/12281.jpg,"Lechner, Johann",,,
fedoraAdmin,art reproduction|Oil on water marbled papers,2020-11-19T20:26:39.426000+00:00,reformatted digital,https://api.library.tamu.edu/fcrepo/rest/3b/6f/c3/25/3b6fc325-f6ca-41d8-b91e-8c5db3be8c13/berger_cloonan_objects,Marbled papers,11378,Openly accessible,https://api.library.tamu.edu/fcrepo/rest/3b/6f/c3/25/3b6fc325-f6ca-41d8-b91e-8c5db3be8c13/berger_cloonan_objects/32/orderProxies|https://api.library.tamu.edu/fcrepo/rest/3b/6f/c3/25/3b6fc325-f6ca-41d8-b91e-8c5db3be8c13/berger_cloonan_objects/32/pages,2020-11-19T20:26:39.426000+00:00,false,"1 sheet of blue, black and cream marbled paper; 20.00 x 29.50 in.",Texas A & M University. Libraries,19th century,"No copyright - United States; For more information, see:  http://rightsstatements.org/vocab/NoC-US/1.0/",fedoraAdmin,Berger-Cloonan #11378,Paper,StillImage,Surface application; Marbled; M5.D3.F9; Glossy finish; striking colors; Frederik Muller donated the sheet to Sidney E. Berger and Michele V. Cloonan in 2008.  Sidney E. Berger met Frederik Muller at the Antiquarian Booksellers Association of America (ABAA) Book Fair in Boston that same year.; Section(s) from the Decorated and Decorative Paper Terms Thesaurus: VIII.F.1.f; Not signed. Not stamped.; Marbling color on  side edges on verso; creased; torn; wrinkled; black marks on verso,https://api.library.tamu.edu/fcrepo/rest/3b/6f/c3/25/3b6fc325-f6ca-41d8-b91e-8c5db3be8c13/berger_cloonan_objects/32/pages/page_0/files/11378.jpg,,,,M5.D3.F9.A
fedoraAdmin,Non pareil marbled papers|nonpareil marbled paper|art reproduction,2020-11-19T20:28:39.103000+00:00,reformatted digital,https://api.library.tamu.edu/fcrepo/rest/3b/6f/c3/25/3b6fc325-f6ca-41d8-b91e-8c5db3be8c13/berger_cloonan_objects,Marbled papers,1503,Openly accessible,https://api.library.tamu.edu/fcrepo/rest/3b/6f/c3/25/3b6fc325-f6ca-41d8-b91e-8c5db3be8c13/berger_cloonan_objects/7/orderProxies|https://api.library.tamu.edu/fcrepo/rest/3b/6f/c3/25/3b6fc325-f6ca-41d8-b91e-8c5db3be8c13/berger_cloonan_objects/7/pages,2020-11-19T20:28:39.103000+00:00,false,"1 sheet of yellow, green, purple, maroon and white marbled paper; 5.25 x 8.50 in.",Texas A & M University. Libraries,19th century,"No copyright - United States; For more information, see:  http://rightsstatements.org/vocab/NoC-US/1.0/",fedoraAdmin,Berger-Cloonan #1503,Paper,StillImage,Surface application; Marbled; M4.D1.F6; Previously used as an endpaper in a bookbinding; Section(s) from the Decorated and Decorative Paper Terms Thesaurus: VIII.F.1.e; Not signed. Not stamped. Not stickered. Not embossed.,https://api.library.tamu.edu/fcrepo/rest/3b/6f/c3/25/3b6fc325-f6ca-41d8-b91e-8c5db3be8c13/berger_cloonan_objects/7/pages/page_0/files/01503.jpg,,,,
