dc_subject:lcc,ldp_contains,dc_contributor,fedora_writable,dcterms_issued,dcterms_type,dc_language,dc_subject,dcterms_spatial,dc_description,fedora_lastModified,fedora_created,dc_title,fedora_hasParent,dc_format,dc_identifier,fedora_lastModifiedBy,dc_creator,fedora_createdBy,dc_rights,files,tamudigital_local/coordinates,dcterms_lcc
KGF646 A28 1712z,https://api-pre.library.tamu.edu/fcrepo/rest/bb/97/f2/3e/bb97f23e-803a-4bd6-8406-06802623554c/charting-texas-revised_objects/45/orderProxies|https://api-pre.library.tamu.edu/fcrepo/rest/bb/97/f2/3e/bb97f23e-803a-4bd6-8406-06802623554c/charting-texas-revised_objects/45/pages,"Mendoza, Antonio de--approximately 1492-1552|Mexico City (Mexico)--Ayuntamiento.|Montilla, Juan--active 16th century",false,1536,Text,spa,Civil Engineering--New Spain--18th Century--Manuscripts--|Surveying--Law and Legislation--New Spain--Manuscripts|Manuscripts--Mexico--18th Century--Specimens|Surveying--New Spain--Manuscripts,New Spain|Mexico,"Held in the Floyd & Louise Chapman Texas & Borderlands Collection at Cushing Memorial Library & Archives on the campus of Texas A&M University, College Station, Texas..|Date of object determined by library to be 1536.",2022-12-20T16:54:26.469000+00:00,2022-12-20T16:54:26.469000+00:00,"Ordenanz.s y forma de medir tieras : Reximen para medir suertes de tierras, sitios, criader.s de ganados may.s y menor.s y Haciendas. Copia de las Ordenanzas",https://api-pre.library.tamu.edu/fcrepo/rest/bb/97/f2/3e/bb97f23e-803a-4bd6-8406-06802623554c/charting-texas-revised_objects,reformatted digital|application/tif,6456042,fedoraAdmin,New Spain--Viceroy (1535-1551 : Mendoza),fedoraAdmin,A copyright review process in April 2022 has determined that this particular item is in the public domain. http://rightsstatements.org/vocab/NoC-US/1.0/,https://api-pre.library.tamu.edu/fcrepo/rest/bb/97/f2/3e/bb97f23e-803a-4bd6-8406-06802623554c/charting-texas-revised_objects/45/pages/page_0/files/6456042_1.tif|https://api-pre.library.tamu.edu/fcrepo/rest/bb/97/f2/3e/bb97f23e-803a-4bd6-8406-06802623554c/charting-texas-revised_objects/45/pages/page_1/files/6456042_2.tif|https://api-pre.library.tamu.edu/fcrepo/rest/bb/97/f2/3e/bb97f23e-803a-4bd6-8406-06802623554c/charting-texas-revised_objects/45/pages/page_2/files/6456042_3.tif,,
G4410 1835 .F56,https://api-pre.library.tamu.edu/fcrepo/rest/bb/97/f2/3e/bb97f23e-803a-4bd6-8406-06802623554c/charting-texas-revised_objects/49/pages|https://api-pre.library.tamu.edu/fcrepo/rest/bb/97/f2/3e/bb97f23e-803a-4bd6-8406-06802623554c/charting-texas-revised_objects/49/orderProxies,,false,1835,StillImage,eng,Mexico--fast|Mexico--Maps|Texas--Maps|Maps--fast|Guatemala--Maps|Southwestern States--Maps|Maps--lcgft|Gautemala--fast|Central America--Maps,Guatemala|Mexico|Southwestern States|Texas|Central America,"Held in the Floyd & Louise Chapman Texas & Borderlands Collection at Cushing Memorial Library & Archives on the campus of Texas A&M University, College Station, Texas.",2022-12-14T15:38:04.172000+00:00,2022-12-14T15:38:04.172000+00:00,Mexico & Guatemala,https://api-pre.library.tamu.edu/fcrepo/rest/bb/97/f2/3e/bb97f23e-803a-4bd6-8406-06802623554c/charting-texas-revised_objects,application/tif|reformatted digital,6495234,fedoraAdmin,"Findlay, Alexander George, 1812-1875",fedoraAdmin,A copyright review process in April 2022 has determined that this particular item is in the public domain. http://rightsstatements.org/vocab/NoC-US/1.0/,https://api-pre.library.tamu.edu/fcrepo/rest/bb/97/f2/3e/bb97f23e-803a-4bd6-8406-06802623554c/charting-texas-revised_objects/49/pages/page_0/files/6495234.tif,(W 128°--W 72°/N 40°--N 8°),
G4031.A6 1948 .S7,https://api-pre.library.tamu.edu/fcrepo/rest/bb/97/f2/3e/bb97f23e-803a-4bd6-8406-06802623554c/charting-texas-revised_objects/62/orderProxies|https://api-pre.library.tamu.edu/fcrepo/rest/bb/97/f2/3e/bb97f23e-803a-4bd6-8406-06802623554c/charting-texas-revised_objects/62/pages,"Randolph, John",false,1948,Text|StillImage,eng,Texas--Maps|North America--Maps|Texas--Humor--Maps,North America|Texas,"Held in the Floyd & Louise Chapman Texas & Borderlands Collection at Cushing Memorial Library & Archives on the campus of Texas A&M University, College Station, Texas.",2022-12-16T15:36:56.038000+00:00,2022-12-16T15:36:56.038000+00:00,Official Texas Brags map of North America,https://api-pre.library.tamu.edu/fcrepo/rest/bb/97/f2/3e/bb97f23e-803a-4bd6-8406-06802623554c/charting-texas-revised_objects,reformatted digital|application/tif,,fedoraAdmin,"Storm, Mark",fedoraAdmin,A copyright review process in April 2022 has determined that this particular item is in the public domain. http://rightsstatements.org/vocab/NoC-US/1.0/,https://api-pre.library.tamu.edu/fcrepo/rest/bb/97/f2/3e/bb97f23e-803a-4bd6-8406-06802623554c/charting-texas-revised_objects/62/pages/page_0/files/5966109.tif,(W 169°09ʹ00ʺ--W 13°03ʹ00ʺ/N 71°36ʹ00ʺ--N 5°50ʹ00ʺ),
,https://api-pre.library.tamu.edu/fcrepo/rest/bb/97/f2/3e/bb97f23e-803a-4bd6-8406-06802623554c/charting-texas-revised_objects/66/pages|https://api-pre.library.tamu.edu/fcrepo/rest/bb/97/f2/3e/bb97f23e-803a-4bd6-8406-06802623554c/charting-texas-revised_objects/66/orderProxies,"Imray, James",false,1842,StillImage,eng,,,"Held in the Floyd & Louise Chapman Texas & Borderlands Collection at Cushing Memorial Library & Archives on the campus of Texas A&M University, College Station, Texas.",2022-12-20T19:18:09.971000+00:00,2022-12-20T19:18:09.971000+00:00,"Chart of the Gulf of Mexico with the Gulf of Florida, Belize. Drawn from the latest English and Spanish Surveys.",https://api-pre.library.tamu.edu/fcrepo/rest/bb/97/f2/3e/bb97f23e-803a-4bd6-8406-06802623554c/charting-texas-revised_objects,application/tif|reformatted digital,,fedoraAdmin,"Blachford, Michael",fedoraAdmin,A copyright review process in April 2022 has determined that this particular item is in the public domain. http://rightsstatements.org/vocab/NoC-US/1.0/,https://api-pre.library.tamu.edu/fcrepo/rest/bb/97/f2/3e/bb97f23e-803a-4bd6-8406-06802623554c/charting-texas-revised_objects/66/pages/page_0/files/IMRAY_East.tif|https://api-pre.library.tamu.edu/fcrepo/rest/bb/97/f2/3e/bb97f23e-803a-4bd6-8406-06802623554c/charting-texas-revised_objects/66/pages/page_1/files/IMRAY_West.tif,,
G4410 1826 .L5,https://api-pre.library.tamu.edu/fcrepo/rest/bb/97/f2/3e/bb97f23e-803a-4bd6-8406-06802623554c/charting-texas-revised_objects/46/pages|https://api-pre.library.tamu.edu/fcrepo/rest/bb/97/f2/3e/bb97f23e-803a-4bd6-8406-06802623554c/charting-texas-revised_objects/46/orderProxies,,false,1826-1832,StillImage,eng,Central America|Central America--Maps|Mexico--Maps|Mexico--fast|Texas--Maps|Mines and mineral resources--Mexico--Maps|Guatemala--Maps|Cities and Towns--Mexico--Maps|Maps,Central America|Guatemala|Mexico|Texas,"Date of object estimated by library to be between 1826 and 1832|Held in the Floyd & Louise Chapman Texas & Borderlands Collection at Cushing Memorial Library & Archives on the campus of Texas A&M University, College Station, Texas.",2022-12-14T15:38:07.861000+00:00,2022-12-14T15:38:07.861000+00:00,Mexico & Guatimala,https://api-pre.library.tamu.edu/fcrepo/rest/bb/97/f2/3e/bb97f23e-803a-4bd6-8406-06802623554c/charting-texas-revised_objects,application/tif|reformatted digital,6495229,fedoraAdmin,"Lizars, Daniel, 1760-1812",fedoraAdmin,A copyright review process in April 2022 has determined that this particular item is in the public domain. http://rightsstatements.org/vocab/NoC-US/1.0/,https://api-pre.library.tamu.edu/fcrepo/rest/bb/97/f2/3e/bb97f23e-803a-4bd6-8406-06802623554c/charting-texas-revised_objects/46/pages/page_0/files/6495229.tif,(W 116°--W 80°/N 38°--N 10°),
E166 .W72 1850,https://api-pre.library.tamu.edu/fcrepo/rest/bb/97/f2/3e/bb97f23e-803a-4bd6-8406-06802623554c/charting-texas-revised_objects/4/orderProxies|https://api-pre.library.tamu.edu/fcrepo/rest/bb/97/f2/3e/bb97f23e-803a-4bd6-8406-06802623554c/charting-texas-revised_objects/4/pages,,false,1850,Text|StillImage,eng,United States--Guidebooks|Southern States--Description and travel--Guidebooks,"United States|Southwest, New|West (U.S.)","Held in the Rare Books Collection at Cushing Memorial Library & Archives on the campus of Texas A&M University, College Station, Texas.",2022-12-20T21:03:21.013000+00:00,2022-12-20T21:03:21.013000+00:00,"Appletons' southern and western travellers' guide : with new and authentic maps, illustrating those divisions of the country, and containing sectional maps of the Mississippi and Ohio rivers, with plans of cities, views,etc...",https://api-pre.library.tamu.edu/fcrepo/rest/bb/97/f2/3e/bb97f23e-803a-4bd6-8406-06802623554c/charting-texas-revised_objects,application/tif|reformatted digital,527384,fedoraAdmin,"Williams, W. (Wellington)",fedoraAdmin,A copyright review process in April 2022 has determined that this particular item is in the public domain. http://rightsstatements.org/vocab/NoC-US/1.0/,https://api-pre.library.tamu.edu/fcrepo/rest/bb/97/f2/3e/bb97f23e-803a-4bd6-8406-06802623554c/charting-texas-revised_objects/4/pages/page_0/files/527384_1.tif,,
G3300 1846 .L3,https://api-pre.library.tamu.edu/fcrepo/rest/bb/97/f2/3e/bb97f23e-803a-4bd6-8406-06802623554c/charting-texas-revised_objects/31/pages|https://api-pre.library.tamu.edu/fcrepo/rest/bb/97/f2/3e/bb97f23e-803a-4bd6-8406-06802623554c/charting-texas-revised_objects/31/orderProxies,"Combette, A.|Laguillermie, Frederic|Bonheur, Raimond",false,1846,StillImage,fre,"Texas--History--Republic, 1836-1846--Maps|Texas--Maps.|North America--Maps",North America|Texas,"Held in the Floyd & Louise Chapman Texas & Borderlands Collection at Cushing Memorial Library & Archives on the campus of Texas A&M University, College Station, Texas.",2022-12-16T15:31:08.808000+00:00,2022-12-16T15:31:08.808000+00:00,Amérique Septentrionale,https://api-pre.library.tamu.edu/fcrepo/rest/bb/97/f2/3e/bb97f23e-803a-4bd6-8406-06802623554c/charting-texas-revised_objects,application/tif|reformatted digital,5966668,fedoraAdmin,"Laguillermie, Frederic",fedoraAdmin,A copyright review process in April 2022 has determined that this particular item is in the public domain. http://rightsstatements.org/vocab/NoC-US/1.0/,https://api-pre.library.tamu.edu/fcrepo/rest/bb/97/f2/3e/bb97f23e-803a-4bd6-8406-06802623554c/charting-texas-revised_objects/31/pages/page_0/files/5966668.tif,(W 165°--W 15°/N 70°--S 0°),
G3300 .H6 1716,https://api-pre.library.tamu.edu/fcrepo/rest/bb/97/f2/3e/bb97f23e-803a-4bd6-8406-06802623554c/charting-texas-revised_objects/18/pages|https://api-pre.library.tamu.edu/fcrepo/rest/bb/97/f2/3e/bb97f23e-803a-4bd6-8406-06802623554c/charting-texas-revised_objects/18/orderProxies,Homann Erben,false,1716-1737,StillImage,lat,New Spain--Maps--Early works to 1800|North America--Maps--Early works to 1800,North America|New Spain,"Date of object estimated by library to be between 1716 and 1737.|Held in the Colonial Mexican Collection at Cushing Memorial Library & Archives on the campus of Texas A&M University, College Station, Texas.",2022-12-20T15:43:22.894000+00:00,2022-12-20T15:43:22.894000+00:00,"Regni Mexicani seu Novae Hispaniae, Ludovicianae, N. Angliae, Carolinae, Virginiae et Pensylvaniae necnon insularum archipelagi Mexicani in America Septentrionali",https://api-pre.library.tamu.edu/fcrepo/rest/bb/97/f2/3e/bb97f23e-803a-4bd6-8406-06802623554c/charting-texas-revised_objects,application/tif|reformatted digital,3968647,fedoraAdmin,"Homann, Johann Baptist, 1663-1724",fedoraAdmin,A copyright review process in April 2022 has determined that this particular item is in the public domain. http://rightsstatements.org/vocab/NoC-US/1.0/,https://api-pre.library.tamu.edu/fcrepo/rest/bb/97/f2/3e/bb97f23e-803a-4bd6-8406-06802623554c/charting-texas-revised_objects/18/pages/page_0/files/3968647.tif,(W 110°--W 55°/N 45°--N 8°),
F389 .H73 1833,https://api-pre.library.tamu.edu/fcrepo/rest/bb/97/f2/3e/bb97f23e-803a-4bd6-8406-06802623554c/charting-texas-revised_objects/19/orderProxies|https://api-pre.library.tamu.edu/fcrepo/rest/bb/97/f2/3e/bb97f23e-803a-4bd6-8406-06802623554c/charting-texas-revised_objects/19/pages,,false,1833,Text|StillImage,eng,Texas--History--To 1846|Texas--Description and travel,Texas,"Held in the Floyd & Louise Chapman Texas & Borderlands Collection at Cushing Memorial Library & Archives on the campus of Texas A&M University, College Station, Texas.",2022-12-16T15:29:17.997000+00:00,2022-12-16T15:29:17.997000+00:00,"Texas: observations, historical, geographical and descriptive : in a series of letters, written during a visit to Austin's colony, with a view to a permanent settlement in that country, in the Autumn of 1831",https://api-pre.library.tamu.edu/fcrepo/rest/bb/97/f2/3e/bb97f23e-803a-4bd6-8406-06802623554c/charting-texas-revised_objects,application/tif|reformatted digital,4899198,fedoraAdmin,"Holley, Mary Austin, 1784-1846",fedoraAdmin,A copyright review process in April 2022 has determined that this particular item is in the public domain. http://rightsstatements.org/vocab/NoC-US/1.0/,https://api-pre.library.tamu.edu/fcrepo/rest/bb/97/f2/3e/bb97f23e-803a-4bd6-8406-06802623554c/charting-texas-revised_objects/19/pages/page_0/files/4899198_1.tif|https://api-pre.library.tamu.edu/fcrepo/rest/bb/97/f2/3e/bb97f23e-803a-4bd6-8406-06802623554c/charting-texas-revised_objects/19/pages/page_1/files/4899198_2.tif,,
G4030 1873 .C62,https://api-pre.library.tamu.edu/fcrepo/rest/bb/97/f2/3e/bb97f23e-803a-4bd6-8406-06802623554c/charting-texas-revised_objects/12/pages|https://api-pre.library.tamu.edu/fcrepo/rest/bb/97/f2/3e/bb97f23e-803a-4bd6-8406-06802623554c/charting-texas-revised_objects/12/orderProxies,,false,1873,StillImage,eng,Texas--Maps,Texas,"Held in the Floyd & Louise Chapman Texas & Borderlands Collection at Cushing Memorial Library & Archives on the campus of Texas A&M University, College Station, Texas.|Date of object estimated by library to be 1873.",2022-12-16T16:50:43.963000+00:00,2022-12-16T16:50:43.963000+00:00,Colton's Texas,https://api-pre.library.tamu.edu/fcrepo/rest/bb/97/f2/3e/bb97f23e-803a-4bd6-8406-06802623554c/charting-texas-revised_objects,application/tif|reformatted digital,1607542,fedoraAdmin,G.W. & C.B. Colton & Co.,fedoraAdmin,A copyright review process in April 2022 has determined that this particular item is in the public domain. http://rightsstatements.org/vocab/NoC-US/1.0/,https://api-pre.library.tamu.edu/fcrepo/rest/bb/97/f2/3e/bb97f23e-803a-4bd6-8406-06802623554c/charting-texas-revised_objects/12/pages/page_0/files/1607542_a.tif,(W 107°--W 93°/N 40°--N 26°),
TA544 .S35 1797,https://api-pre.library.tamu.edu/fcrepo/rest/bb/97/f2/3e/bb97f23e-803a-4bd6-8406-06802623554c/charting-texas-revised_objects/21/orderProxies|https://api-pre.library.tamu.edu/fcrepo/rest/bb/97/f2/3e/bb97f23e-803a-4bd6-8406-06802623554c/charting-texas-revised_objects/21/pages,"Tarelo, Joseph Antonio",false,1797,SillImage|Text,spa,"Poems - Mexico - 18th century|Surveying--New Spain--Early works to 1800|Satires - Mexico - 18th century|New Spain - Miscellanea|Area measurement--Early works to 1800|Formulas, recipes, etc. - New Spain - Early works to 1800 - Scientific apparatus and instruments - Early works to 1800|Land use - New Spain - Early works to 1800|Manuscripts - Mexico - 18th century - Specimens",New Spain,"Held in the Colonial Mexican Collection of Cushing Memorial Library & Archives on the campus of Texas A&M University, in College Station, TX.",2022-12-20T16:21:00.823000+00:00,2022-12-20T16:21:00.823000+00:00,"Libro mui curioso en que seda noticia, y se explica claramente el modo de observar y lo que deve hacer el Medidor antes de la vista de Ojos y su medida El qual Libro sirve para el uso, y recreo honesto de el S.or Dn. Joseph Antonio Tarelo. Por la gracia de Dios. Labrador-climaterico, y mui inteligente en todas Facultades",https://api-pre.library.tamu.edu/fcrepo/rest/bb/97/f2/3e/bb97f23e-803a-4bd6-8406-06802623554c/charting-texas-revised_objects,application/tif|reformatted digital,5346726,fedoraAdmin,"Santos Zerezo, Joseph de los",fedoraAdmin,A copyright review process in April 2022 has determined that this particular item is in the public domain. http://rightsstatements.org/vocab/NoC-US/1.0/,https://api-pre.library.tamu.edu/fcrepo/rest/bb/97/f2/3e/bb97f23e-803a-4bd6-8406-06802623554c/charting-texas-revised_objects/21/pages/page_0/files/5346726_1.tif|https://api-pre.library.tamu.edu/fcrepo/rest/bb/97/f2/3e/bb97f23e-803a-4bd6-8406-06802623554c/charting-texas-revised_objects/21/pages/page_1/files/5346726_2.tif|https://api-pre.library.tamu.edu/fcrepo/rest/bb/97/f2/3e/bb97f23e-803a-4bd6-8406-06802623554c/charting-texas-revised_objects/21/pages/page_2/files/5346726_3.tif|https://api-pre.library.tamu.edu/fcrepo/rest/bb/97/f2/3e/bb97f23e-803a-4bd6-8406-06802623554c/charting-texas-revised_objects/21/pages/page_3/files/5346726_4.tif,,
G1541.P5 S7 1809,https://api-pre.library.tamu.edu/fcrepo/rest/bb/97/f2/3e/bb97f23e-803a-4bd6-8406-06802623554c/charting-texas-revised_objects/25/pages|https://api-pre.library.tamu.edu/fcrepo/rest/bb/97/f2/3e/bb97f23e-803a-4bd6-8406-06802623554c/charting-texas-revised_objects/25/orderProxies,,false,1809,StillImage,spa,Harbors--Caribbean Area--Maps,Caribbean Area,"Held in the Colonial Mexican Collection of Cushing Memorial Library & Archives on the campus of Texas A&M University, in College Station, TX.",2022-12-14T15:30:34.484000+00:00,2022-12-14T15:30:34.484000+00:00,Portulano de la America Setentrional: dividido en quatro partes,https://api-pre.library.tamu.edu/fcrepo/rest/bb/97/f2/3e/bb97f23e-803a-4bd6-8406-06802623554c/charting-texas-revised_objects,reformatted digital|application/tif,5838372,fedoraAdmin,,fedoraAdmin,A copyright review process in April 2022 has determined that this particular item is in the public domain. http://rightsstatements.org/vocab/NoC-US/1.0/,https://api-pre.library.tamu.edu/fcrepo/rest/bb/97/f2/3e/bb97f23e-803a-4bd6-8406-06802623554c/charting-texas-revised_objects/25/pages/page_0/files/5838372_1.tif|https://api-pre.library.tamu.edu/fcrepo/rest/bb/97/f2/3e/bb97f23e-803a-4bd6-8406-06802623554c/charting-texas-revised_objects/25/pages/page_1/files/5838372_2.tif,,
G4031.C5 1849 .R6,https://api-pre.library.tamu.edu/fcrepo/rest/bb/97/f2/3e/bb97f23e-803a-4bd6-8406-06802623554c/charting-texas-revised_objects/52/pages|https://api-pre.library.tamu.edu/fcrepo/rest/bb/97/f2/3e/bb97f23e-803a-4bd6-8406-06802623554c/charting-texas-revised_objects/52/orderProxies,"Marcus, Adolph|Henry & Cohen.",false,1849,StillImage,ger,Geology--Texas--Maps|Texas--Maps|Land Grants--Texas--Maps|Indians of North America--Texas--Maps|Indians of North America--fast|Land grants--fast|Cross Timbers (Okla. and Tex.)--Maps,Cross Timbers (Okla. and Tex.|United States|Texas,"Held in the Floyd & Louise Chapman Texas & Borderlands Collection at Cushing Memorial Library & Archives on the campus of Texas A&M University, College Station, Texas.|Date of object determined by library to be 1849.",2022-12-16T15:33:14.287000+00:00,2022-12-16T15:33:14.287000+00:00,Topographisch-geognostische Karte von Texas : mit Zugrundelegung der geographischen Karte v. Wilson nach eigenen Beobachtungen bearbeitet,https://api-pre.library.tamu.edu/fcrepo/rest/bb/97/f2/3e/bb97f23e-803a-4bd6-8406-06802623554c/charting-texas-revised_objects,application/tif|reformatted digital,in00004381467,fedoraAdmin,"Roemer, Ferdinand, 1818-1891",fedoraAdmin,A copyright review process in April 2022 has determined that this particular item is in the public domain. http://rightsstatements.org/vocab/NoC-US/1.0/,https://api-pre.library.tamu.edu/fcrepo/rest/bb/97/f2/3e/bb97f23e-803a-4bd6-8406-06802623554c/charting-texas-revised_objects/52/pages/page_0/files/00004381467.tif,(W 102°--W 93°/N 35°--N 26°),
G4030 1846 .M57,https://api-pre.library.tamu.edu/fcrepo/rest/bb/97/f2/3e/bb97f23e-803a-4bd6-8406-06802623554c/charting-texas-revised_objects/13/orderProxies|https://api-pre.library.tamu.edu/fcrepo/rest/bb/97/f2/3e/bb97f23e-803a-4bd6-8406-06802623554c/charting-texas-revised_objects/13/pages,,false,1846,StillImage,eng,Texas--Boundaries--Maps|Indians of North America--Texas--Maps|Mines and mineral resources--Texas--Maps|Counties--Texas--Maps|Cities and towns--Texas--Maps|Battlefields--Texas--Maps|Indian Territory--Maps|Roads--Texas--Maps|Texas--Maps,Indian Territory|Texas,"Held in the Floyd & Louise Chapman Texas & Borderlands Collection at Cushing Memorial Library & Archives on the campus of Texas A&M University, College Station, Texas.",2022-12-14T15:26:51.563000+00:00,2022-12-14T15:26:51.563000+00:00,Map of the state of Texas: engraved to illustrate Mitchell's school and family geography,https://api-pre.library.tamu.edu/fcrepo/rest/bb/97/f2/3e/bb97f23e-803a-4bd6-8406-06802623554c/charting-texas-revised_objects,reformatted digital|application/tif,1648288,fedoraAdmin,"Mitchell, S. Augustus (Samuel Augustus), 1792-1868",fedoraAdmin,A copyright review process in April 2022 has determined that this particular item is in the public domain. http://rightsstatements.org/vocab/NoC-US/1.0/,https://api-pre.library.tamu.edu/fcrepo/rest/bb/97/f2/3e/bb97f23e-803a-4bd6-8406-06802623554c/charting-texas-revised_objects/13/pages/page_0/files/1648288.tif,(W 107°--W 93°/N 40°--N 26°),
G3300 1845 .D8,https://api-pre.library.tamu.edu/fcrepo/rest/bb/97/f2/3e/bb97f23e-803a-4bd6-8406-06802623554c/charting-texas-revised_objects/42/pages|https://api-pre.library.tamu.edu/fcrepo/rest/bb/97/f2/3e/bb97f23e-803a-4bd6-8406-06802623554c/charting-texas-revised_objects/42/orderProxies,"George|Smith, Ch.",false,1845,StillImage,fre,"Guatemala--Maps|Texas--History--Republic, 1836-1846--Maps|Mexico--Maps|Texas--Maps",Texas|Guatemala|Mexico,"Date of object estimated by library to be 1845.|Held in the Floyd & Louise Chapman Texas & Borderlands Collection at Cushing Memorial Library & Archives on the campus of Texas A&M University, College Station, Texas..",2022-12-14T15:37:01.634000+00:00,2022-12-14T15:37:01.634000+00:00,Méxique,https://api-pre.library.tamu.edu/fcrepo/rest/bb/97/f2/3e/bb97f23e-803a-4bd6-8406-06802623554c/charting-texas-revised_objects,application/tif|reformatted digital,6419992,fedoraAdmin,"Duvotenay, Th. (Thunot), 1796-1875",fedoraAdmin,A copyright review process in April 2022 has determined that this particular item is in the public domain. http://rightsstatements.org/vocab/NoC-US/1.0/,https://api-pre.library.tamu.edu/fcrepo/rest/bb/97/f2/3e/bb97f23e-803a-4bd6-8406-06802623554c/charting-texas-revised_objects/42/pages/page_0/files/6419992.tif,(W 124°48ʹ00ʺ--W 85°15ʹ00ʺ/N 43°39ʹ00ʺ--N 13°30ʹ00ʺ),
G3292.N4 1779 .A5,https://api-pre.library.tamu.edu/fcrepo/rest/bb/97/f2/3e/bb97f23e-803a-4bd6-8406-06802623554c/charting-texas-revised_objects/56/pages|https://api-pre.library.tamu.edu/fcrepo/rest/bb/97/f2/3e/bb97f23e-803a-4bd6-8406-06802623554c/charting-texas-revised_objects/56/orderProxies,"Santini, P.|Remondini",false,1779,StillImage,fre,"Florida--Maps|Mexico, Gulf of--Maps|Early maps|New Spain--Maps|Texas--Maps","Mexico, Gulf of|Texas|New Spain|Florida","Held in the Mary and Mavis P. Kelsey Americana Collection at Cushing Memorial Library & Archives on the campus of Texas A&M University, College Station, Texas.",2022-12-16T15:34:12.799000+00:00,2022-12-16T15:34:12.799000+00:00,Carte du Mexique et de la Nouvelle Espagne: contenant la partie australe de l'Amérique Septentle,https://api-pre.library.tamu.edu/fcrepo/rest/bb/97/f2/3e/bb97f23e-803a-4bd6-8406-06802623554c/charting-texas-revised_objects,application/tif|reformatted digital,in00004563018,fedoraAdmin,"Anville, Jean Baptiste Bourguignon d', 1697-1782",fedoraAdmin,A copyright review process in April 2022 has determined that this particular item is in the public domain. http://rightsstatements.org/vocab/NoC-US/1.0/,https://api-pre.library.tamu.edu/fcrepo/rest/bb/97/f2/3e/bb97f23e-803a-4bd6-8406-06802623554c/charting-texas-revised_objects/56/pages/page_0/files/00004563018.tif,(W 118°35ʹ00ʺ--W 79°04ʹ00ʺ/N 32°43ʹ00ʺ--N 7°00ʹ00ʺ),
SF85.3 I57 1937,https://api-pre.library.tamu.edu/fcrepo/rest/bb/97/f2/3e/bb97f23e-803a-4bd6-8406-06802623554c/charting-texas-revised_objects/22/orderProxies|https://api-pre.library.tamu.edu/fcrepo/rest/bb/97/f2/3e/bb97f23e-803a-4bd6-8406-06802623554c/charting-texas-revised_objects/22/pages,United States - Department of Agriculture,false,1937,Text,eng,Range management--United States--Methodology,United States,"Held in the Jeff Dykes Range Livestock Collection at Cushing Memorial Library & Archives on the campus of Texas A&M University, in College Station, TX.",2022-12-14T15:29:00.074000+00:00,2022-12-14T15:29:00.074000+00:00,"Instructions for range surveys as formulated by the Inter-Agency Range Survey Committee and adopted by the Western Range Survey Conference, April 24, 1937",https://api-pre.library.tamu.edu/fcrepo/rest/bb/97/f2/3e/bb97f23e-803a-4bd6-8406-06802623554c/charting-texas-revised_objects,application/tif|reformatted digital,5545032,fedoraAdmin,,fedoraAdmin,A copyright review process in April 2022 has determined that this particular item is in the public domain. http://rightsstatements.org/vocab/NoC-US/1.0/,https://api-pre.library.tamu.edu/fcrepo/rest/bb/97/f2/3e/bb97f23e-803a-4bd6-8406-06802623554c/charting-texas-revised_objects/22/pages/page_0/files/5545032_001.tif,,
G4410 1810 .A7,https://api-pre.library.tamu.edu/fcrepo/rest/bb/97/f2/3e/bb97f23e-803a-4bd6-8406-06802623554c/charting-texas-revised_objects/26/orderProxies|https://api-pre.library.tamu.edu/fcrepo/rest/bb/97/f2/3e/bb97f23e-803a-4bd6-8406-06802623554c/charting-texas-revised_objects/26/pages,,false,1810,StillImage,eng,"Mexico, Valley of (Mexico)--Maps--19th century|Acapulco (Mexico)--Maps--19th century|Texas--Maps--19th century|California--Maps--19th century|Mexico--Maps|Texas--Maps|California--Maps|Mexico--Maps--19th century|Veracruz (Veracruz-Llave, Mexico)--Maps--19th century","California|Acapulco (Mexico)|Mexico|Mexico, Valley of (Mexico)|Veracruz (Veracruz-Llave, Mexico)|Texas","Held in the Floyd & Louise Chapman Texas & Borderlands Collection at Cushing Memorial Library & Archives on the campus of Texas A&M University, College Station, Texas.",2022-12-20T16:37:14.536000+00:00,2022-12-20T16:37:14.536000+00:00,A new map of Mexico and adjacent provinces,https://api-pre.library.tamu.edu/fcrepo/rest/bb/97/f2/3e/bb97f23e-803a-4bd6-8406-06802623554c/charting-texas-revised_objects,reformatted digital|application/tif,5897398,fedoraAdmin,"Arrowsmith, Aaron, 1750-1823",fedoraAdmin,A copyright review process in April 2022 has determined that this particular item is in the public domain. http://rightsstatements.org/vocab/NoC-US/1.0/,https://api-pre.library.tamu.edu/fcrepo/rest/bb/97/f2/3e/bb97f23e-803a-4bd6-8406-06802623554c/charting-texas-revised_objects/26/pages/page_0/files/5879398_a.tif|https://api-pre.library.tamu.edu/fcrepo/rest/bb/97/f2/3e/bb97f23e-803a-4bd6-8406-06802623554c/charting-texas-revised_objects/26/pages/page_1/files/5879398_b.tif,(W 131°--W 87°/N 41°--N 15°),
G3700 1853 .C37,https://api-pre.library.tamu.edu/fcrepo/rest/bb/97/f2/3e/bb97f23e-803a-4bd6-8406-06802623554c/charting-texas-revised_objects/57/orderProxies|https://api-pre.library.tamu.edu/fcrepo/rest/bb/97/f2/3e/bb97f23e-803a-4bd6-8406-06802623554c/charting-texas-revised_objects/57/pages,,false,1853,StillImage,eng,United States--Maps,United States,"Held in the Mary and Mavis P. Kelsey Americana Collection at Cushing Memorial Library & Archives on the campus of Texas A&M University, College Station, Texas.",2022-12-16T15:35:32.460000+00:00,2022-12-16T15:35:32.460000+00:00,Map of the United States,https://api-pre.library.tamu.edu/fcrepo/rest/bb/97/f2/3e/bb97f23e-803a-4bd6-8406-06802623554c/charting-texas-revised_objects,reformatted digital|application/tif,in00004563020,fedoraAdmin,"Case, Tiffany & Co.",fedoraAdmin,A copyright review process in April 2022 has determined that this particular item is in the public domain. http://rightsstatements.org/vocab/NoC-US/1.0/,https://api-pre.library.tamu.edu/fcrepo/rest/bb/97/f2/3e/bb97f23e-803a-4bd6-8406-06802623554c/charting-texas-revised_objects/57/pages/page_0/files/00004563020.tif,(W 125°--W 67°/N 49°--N 8°),
,https://api-pre.library.tamu.edu/fcrepo/rest/bb/97/f2/3e/bb97f23e-803a-4bd6-8406-06802623554c/charting-texas-revised_objects/63/pages|https://api-pre.library.tamu.edu/fcrepo/rest/bb/97/f2/3e/bb97f23e-803a-4bd6-8406-06802623554c/charting-texas-revised_objects/63/orderProxies,,false,1788,StillImage|Text,fre,New Spain--Maps--Early works to 1800|North America--Maps--Early works to 1800,North America,On loan from a private collection.,2022-12-16T15:36:27.046000+00:00,2022-12-16T15:36:27.046000+00:00,"Carte generale de L'Amerique Septentrionale, comprenant les Possessions Espagnoles in, Histoire Universelle, depuis le Commencement du Monde jusqu à présent, compose en Anglois par une société de Gens de Lettres Nouvellement Traduite en François par une Societe de Gens de Lettres... Tome 114, page 1.",https://api-pre.library.tamu.edu/fcrepo/rest/bb/97/f2/3e/bb97f23e-803a-4bd6-8406-06802623554c/charting-texas-revised_objects,reformatted digital|application/tif,,fedoraAdmin,"Brion, Louis de la Tour",fedoraAdmin,A copyright review process in April 2022 has determined that this particular item is in the public domain. http://rightsstatements.org/vocab/NoC-US/1.0/,https://api-pre.library.tamu.edu/fcrepo/rest/bb/97/f2/3e/bb97f23e-803a-4bd6-8406-06802623554c/charting-texas-revised_objects/63/pages/page_0/files/Brion1.tif,,
G4030 1830 .A9,https://api-pre.library.tamu.edu/fcrepo/rest/bb/97/f2/3e/bb97f23e-803a-4bd6-8406-06802623554c/charting-texas-revised_objects/67/orderProxies|https://api-pre.library.tamu.edu/fcrepo/rest/bb/97/f2/3e/bb97f23e-803a-4bd6-8406-06802623554c/charting-texas-revised_objects/67/pages,"Mier y Teran, Manuel de|Tanner, Henry Schenck|Warr, John",false,1830,StillImage|Text,eng,Texas--Maps|Land Grants--Texas--Maps,Texas|Chihuahua|Coahuila|Nuevo Leon|Tamaulipas|Louisiana,"Held in the Floyd & Louise Chapman Texas & Borderlands Collection at Cushing Memorial Library & Archives on the campus of Texas A&M University, College Station, Texas.",2022-12-20T19:24:42.084000+00:00,2022-12-20T19:24:42.084000+00:00,Map of Texas with Parts of the Adjoining States,https://api-pre.library.tamu.edu/fcrepo/rest/bb/97/f2/3e/bb97f23e-803a-4bd6-8406-06802623554c/charting-texas-revised_objects,application/tif|reformatted digital,,fedoraAdmin,"Austin, Stephen F.",fedoraAdmin,A copyright review process in April 2022 has determined that this particular item is in the public domain. http://rightsstatements.org/vocab/NoC-US/1.0/,https://api-pre.library.tamu.edu/fcrepo/rest/bb/97/f2/3e/bb97f23e-803a-4bd6-8406-06802623554c/charting-texas-revised_objects/67/pages/page_0/files/SFA_Map.tif,W 102⁰--W 94⁰/N 34⁰--N 26,
G4410 1824 .B5,https://api-pre.library.tamu.edu/fcrepo/rest/bb/97/f2/3e/bb97f23e-803a-4bd6-8406-06802623554c/charting-texas-revised_objects/47/pages|https://api-pre.library.tamu.edu/fcrepo/rest/bb/97/f2/3e/bb97f23e-803a-4bd6-8406-06802623554c/charting-texas-revised_objects/47/orderProxies,"Fisher, Henry",false,1824,StillImage,eng,Texas--Maps|Southwestern States--Maps|Mexico--Maps,Mexico|Southwestern States|Texas,"Held in the Floyd & Louise Chapman Texas & Borderlands Collection at Cushing Memorial Library & Archives on the campus of Texas A&M University, College Station, Texas.",2022-12-14T15:38:01.620000+00:00,2022-12-14T15:38:01.620000+00:00,Mexico &c.,https://api-pre.library.tamu.edu/fcrepo/rest/bb/97/f2/3e/bb97f23e-803a-4bd6-8406-06802623554c/charting-texas-revised_objects,application/tif|reformatted digital,6495231,fedoraAdmin,"Bingley, Jas. (James)",fedoraAdmin,A copyright review process in April 2022 has determined that this particular item is in the public domain. http://rightsstatements.org/vocab/NoC-US/1.0/,https://api-pre.library.tamu.edu/fcrepo/rest/bb/97/f2/3e/bb97f23e-803a-4bd6-8406-06802623554c/charting-texas-revised_objects/47/pages/page_0/files/6495231.tif,(W 120°--W 75°/N 35°--N 10°),
G3700 1838 .L3,https://api-pre.library.tamu.edu/fcrepo/rest/bb/97/f2/3e/bb97f23e-803a-4bd6-8406-06802623554c/charting-texas-revised_objects/28/pages|https://api-pre.library.tamu.edu/fcrepo/rest/bb/97/f2/3e/bb97f23e-803a-4bd6-8406-06802623554c/charting-texas-revised_objects/28/orderProxies,"Lapie, Alexandre Émile",false,1838,StillImage,fre,"United States--Maps|Texas--History--Republic, 1836-1846--Maps",United States|Texas,"Held in the Floyd & Louise Chapman Texas & Borderlands Collection at Cushing Memorial Library & Archives on the campus of Texas A&M University, College Station, Texas.",2022-12-20T16:43:33.442000+00:00,2022-12-20T16:43:33.442000+00:00,"Carte des États-Unis d'Amérique: du Canada, du Nouveau Brunswick, et d'une parte de la Nouvelle Bretagne",https://api-pre.library.tamu.edu/fcrepo/rest/bb/97/f2/3e/bb97f23e-803a-4bd6-8406-06802623554c/charting-texas-revised_objects,reformatted digital|application/tif,5946902,fedoraAdmin,"Lapie, M. (Pierre), 1779-1850",fedoraAdmin,A copyright review process in April 2022 has determined that this particular item is in the public domain. http://rightsstatements.org/vocab/NoC-US/1.0/,https://api-pre.library.tamu.edu/fcrepo/rest/bb/97/f2/3e/bb97f23e-803a-4bd6-8406-06802623554c/charting-texas-revised_objects/28/pages/page_0/files/5946902.tif,(W 134°--W 62°/N 52°--N 24°),
G4030 1839 .H8,https://api-pre.library.tamu.edu/fcrepo/rest/bb/97/f2/3e/bb97f23e-803a-4bd6-8406-06802623554c/charting-texas-revised_objects/68/pages|https://api-pre.library.tamu.edu/fcrepo/rest/bb/97/f2/3e/bb97f23e-803a-4bd6-8406-06802623554c/charting-texas-revised_objects/68/orderProxies,,false,1839,StillImage|Text,eng,Texas--maps and charts,Texas,"Held in the Floyd & Louise Chapman Texas & Borderlands Collection at Cushing Memorial Library & Archives on the campus of Texas A&M University, College Station, Texas.",2022-12-16T15:37:53.369000+00:00,2022-12-16T15:37:53.369000+00:00,"Map of Texas, compiled from surveys on record in the General Land Office of the Republic, to the year 1839, by R.S. Hunt and J.F. Randel. (Map of the Rio Grande and the Country west to the Pacific)",https://api-pre.library.tamu.edu/fcrepo/rest/bb/97/f2/3e/bb97f23e-803a-4bd6-8406-06802623554c/charting-texas-revised_objects,reformatted digital|application/tif,,fedoraAdmin,"Randel, Jesse F.",fedoraAdmin,A copyright review process in April 2022 has determined that this particular item is in the public domain. http://rightsstatements.org/vocab/NoC-US/1.0/,https://api-pre.library.tamu.edu/fcrepo/rest/bb/97/f2/3e/bb97f23e-803a-4bd6-8406-06802623554c/charting-texas-revised_objects/68/pages/page_0/files/TN27939.tif,,
F786 .U45 1857b Vol. 1,https://api-pre.library.tamu.edu/fcrepo/rest/bb/97/f2/3e/bb97f23e-803a-4bd6-8406-06802623554c/charting-texas-revised_objects/5/orderProxies|https://api-pre.library.tamu.edu/fcrepo/rest/bb/97/f2/3e/bb97f23e-803a-4bd6-8406-06802623554c/charting-texas-revised_objects/5/pages,"Schott, Arthur--1814-1875|Hall, James--1811-1898|Emory, William H.--(William Hemsley)--1811-1887|Baird, Spencer Fullerton--1811-1877|Girard, Charles Frederic--1822-1895|Conrad, T.A.--(Timothy Abbott)--1803-1877|Torrey, John--1796-1873|Parry, C.C.--(Charles Christopher)--1823-1890|Englemann, George--1809-1884",false,1857,Text|StillImage,eng,"Botany--Southwest, New|Geology--Southwest, New|Zoology--Southwest,New|United States--Boundaries--Mexico|Mexico--Boundaries--United States|Rio Grande (Colo.-Mexico and Tex.)","Rio Grande (Colo.-Mexico and Tex.)|United States|Mexico|Southwest, New","Held in the Floyd & Louise Chapman Texas & Borderlands Collection at Cushing Memorial Library & Archives on the campus of Texas A&M University, College Station, Texas.",2022-12-14T15:25:11.878000+00:00,2022-12-14T15:25:11.878000+00:00,Report on the United States and Mexican boundary survey ; made under the direction of the secretary of the Interior,https://api-pre.library.tamu.edu/fcrepo/rest/bb/97/f2/3e/bb97f23e-803a-4bd6-8406-06802623554c/charting-texas-revised_objects,application/tif|reformatted digital,776519,fedoraAdmin,United States. Department of the Interior,fedoraAdmin,A copyright review process in April 2022 has determined that this particular item is in the public domain. http://rightsstatements.org/vocab/NoC-US/1.0/,https://api-pre.library.tamu.edu/fcrepo/rest/bb/97/f2/3e/bb97f23e-803a-4bd6-8406-06802623554c/charting-texas-revised_objects/5/pages/page_0/files/776519_1.tif|https://api-pre.library.tamu.edu/fcrepo/rest/bb/97/f2/3e/bb97f23e-803a-4bd6-8406-06802623554c/charting-texas-revised_objects/5/pages/page_1/files/776519_2.tif,,
TA545 .G4 1798,https://api-pre.library.tamu.edu/fcrepo/rest/bb/97/f2/3e/bb97f23e-803a-4bd6-8406-06802623554c/charting-texas-revised_objects/2/orderProxies|https://api-pre.library.tamu.edu/fcrepo/rest/bb/97/f2/3e/bb97f23e-803a-4bd6-8406-06802623554c/charting-texas-revised_objects/2/pages,,false,1798,Text,eng,Surveying--Early works to 1800,,"Held in the Rare Books Collection at Cushing Memorial Library & Archives on the campus of Texas A&M University, College Station, Texas.",2022-12-14T15:24:07.652000+00:00,2022-12-14T15:24:07.652000+00:00,A treatise of practical surveying,https://api-pre.library.tamu.edu/fcrepo/rest/bb/97/f2/3e/bb97f23e-803a-4bd6-8406-06802623554c/charting-texas-revised_objects,reformatted digital|application/tif,14311,fedoraAdmin,"Gibson, Robert.",fedoraAdmin,A copyright review process in April 2022 has determined that this particular item is in the public domain. http://rightsstatements.org/vocab/NoC-US/1.0/,https://api-pre.library.tamu.edu/fcrepo/rest/bb/97/f2/3e/bb97f23e-803a-4bd6-8406-06802623554c/charting-texas-revised_objects/2/pages/page_0/files/14311_1.tif|https://api-pre.library.tamu.edu/fcrepo/rest/bb/97/f2/3e/bb97f23e-803a-4bd6-8406-06802623554c/charting-texas-revised_objects/2/pages/page_1/files/14311_2.tif,,
G4410 1574 .R8,https://api-pre.library.tamu.edu/fcrepo/rest/bb/97/f2/3e/bb97f23e-803a-4bd6-8406-06802623554c/charting-texas-revised_objects/32/orderProxies|https://api-pre.library.tamu.edu/fcrepo/rest/bb/97/f2/3e/bb97f23e-803a-4bd6-8406-06802623554c/charting-texas-revised_objects/32/pages,,false,1574,StillImage,lat,Mexico--Maps--Early works to 1800|Central America--Maps--Early works to 1800|Southern States--Maps--Early works to 1800,Central America|Southern States|Mexico,"Held in the Floyd & Louise Chapman Texas & Borderlands Collection at Cushing Memorial Library & Archives on the campus of Texas A&M University, College Station, Texas.",2022-12-14T15:34:51.110000+00:00,2022-12-14T15:34:51.110000+00:00,Nueva Hispania tabula nova,https://api-pre.library.tamu.edu/fcrepo/rest/bb/97/f2/3e/bb97f23e-803a-4bd6-8406-06802623554c/charting-texas-revised_objects,application/tif|reformatted digital,5966669,fedoraAdmin,"Ruscelli, Girolamo, -approximately 1565",fedoraAdmin,A copyright review process in April 2022 has determined that this particular item is in the public domain. http://rightsstatements.org/vocab/NoC-US/1.0/,https://api-pre.library.tamu.edu/fcrepo/rest/bb/97/f2/3e/bb97f23e-803a-4bd6-8406-06802623554c/charting-texas-revised_objects/32/pages/page_0/files/5966669_a.tif|https://api-pre.library.tamu.edu/fcrepo/rest/bb/97/f2/3e/bb97f23e-803a-4bd6-8406-06802623554c/charting-texas-revised_objects/32/pages/page_1/files/5966669_b.tif,(W 118°35ʹ00ʺ--W 79°25ʹ00ʺ/N 32°43ʹ00ʺ--N 10°05ʹ00ʺ),
G4410 1845 .R33,https://api-pre.library.tamu.edu/fcrepo/rest/bb/97/f2/3e/bb97f23e-803a-4bd6-8406-06802623554c/charting-texas-revised_objects/36/pages|https://api-pre.library.tamu.edu/fcrepo/rest/bb/97/f2/3e/bb97f23e-803a-4bd6-8406-06802623554c/charting-texas-revised_objects/36/orderProxies,Bibliographisches Institut Leipzig,false,1845,StillImage,ger,"Southwest, New--Maps|Indians of Mexico|Mines and mineral resources|Indians of Mexico--Maps|Mexico--Maps|Texas--Maps|Mines and mineral resources--Mexico--Maps",Texas|New Southwest|Mexico,"Held in the Floyd & Louise Chapman Texas & Borderlands Collection at Cushing Memorial Library & Archives on the campus of Texas A&M University, College Station, Texas.",2022-12-16T15:31:40.660000+00:00,2022-12-16T15:31:40.660000+00:00,Neueste karte von Mexico: nach den besten Quellen entw. u. gezeichen,https://api-pre.library.tamu.edu/fcrepo/rest/bb/97/f2/3e/bb97f23e-803a-4bd6-8406-06802623554c/charting-texas-revised_objects,application/tif|reformatted digital,5966673,fedoraAdmin,"Radefeld, Carl Christian Franz, 1788-1874",fedoraAdmin,A copyright review process in April 2022 has determined that this particular item is in the public domain. http://rightsstatements.org/vocab/NoC-US/1.0/,https://api-pre.library.tamu.edu/fcrepo/rest/bb/97/f2/3e/bb97f23e-803a-4bd6-8406-06802623554c/charting-texas-revised_objects/36/pages/page_0/files/5966673.tif,(W 125°--W 95°/N 40°--N 15°),
TA545 .G942 1846,https://api-pre.library.tamu.edu/fcrepo/rest/bb/97/f2/3e/bb97f23e-803a-4bd6-8406-06802623554c/charting-texas-revised_objects/6/pages|https://api-pre.library.tamu.edu/fcrepo/rest/bb/97/f2/3e/bb97f23e-803a-4bd6-8406-06802623554c/charting-texas-revised_objects/6/orderProxies,"Gummere, John. 1784-1845.",false,1846,Text,eng,Surveying,,"Held in the Rare Books Collection at Cushing Memorial Library & Archives on the campus of Texas A&M University, College Station, Texas.",2022-12-14T15:26:02.880000+00:00,2022-12-14T15:26:02.880000+00:00,"A treatise on surveying: containing the theory and practice, to which is prefixed a perspicuous system of plane trigonometry : the whole clearly demonstrated and illustrated by a large number of appropriate examples, particularly adapted to the use of schools",https://api-pre.library.tamu.edu/fcrepo/rest/bb/97/f2/3e/bb97f23e-803a-4bd6-8406-06802623554c/charting-texas-revised_objects,reformatted digital|application/tif,778005,fedoraAdmin,"Gummere, John. 1784-1845.",fedoraAdmin,A copyright review process in April 2022 has determined that this particular item is in the public domain. http://rightsstatements.org/vocab/NoC-US/1.0/,https://api-pre.library.tamu.edu/fcrepo/rest/bb/97/f2/3e/bb97f23e-803a-4bd6-8406-06802623554c/charting-texas-revised_objects/6/pages/page_0/files/778005_1.tif|https://api-pre.library.tamu.edu/fcrepo/rest/bb/97/f2/3e/bb97f23e-803a-4bd6-8406-06802623554c/charting-texas-revised_objects/6/pages/page_1/files/778005_2.tif|https://api-pre.library.tamu.edu/fcrepo/rest/bb/97/f2/3e/bb97f23e-803a-4bd6-8406-06802623554c/charting-texas-revised_objects/6/pages/page_2/files/778005_3.tif|https://api-pre.library.tamu.edu/fcrepo/rest/bb/97/f2/3e/bb97f23e-803a-4bd6-8406-06802623554c/charting-texas-revised_objects/6/pages/page_3/files/778005_4.tif,,
G3700 1850 .W9,https://api-pre.library.tamu.edu/fcrepo/rest/bb/97/f2/3e/bb97f23e-803a-4bd6-8406-06802623554c/charting-texas-revised_objects/53/orderProxies|https://api-pre.library.tamu.edu/fcrepo/rest/bb/97/f2/3e/bb97f23e-803a-4bd6-8406-06802623554c/charting-texas-revised_objects/53/pages,,false,1850,StillImage,eng,United States--Maps|Texas--Maps,United States|Texas,"Date of object estimated by library to be 1850.|Held in the Floyd & Louise Chapman Texas & Borderlands Collection at Cushing Memorial Library & Archives on the campus of Texas A&M University, College Station, Texas.",2022-12-14T15:38:53.006000+00:00,2022-12-14T15:38:53.006000+00:00,The United States: & the relative position of the Oregon & Texas,https://api-pre.library.tamu.edu/fcrepo/rest/bb/97/f2/3e/bb97f23e-803a-4bd6-8406-06802623554c/charting-texas-revised_objects,application/tif|reformatted digital,in00004447425,fedoraAdmin,"Wyld, James, 1812-1887",fedoraAdmin,A copyright review process in April 2022 has determined that this particular item is in the public domain. http://rightsstatements.org/vocab/NoC-US/1.0/,https://api-pre.library.tamu.edu/fcrepo/rest/bb/97/f2/3e/bb97f23e-803a-4bd6-8406-06802623554c/charting-texas-revised_objects/53/pages/page_0/files/00004447425.tif,(W 125°00ʹ00ʺ--W 65°00ʹ00ʺ/N 50°00ʹ00ʺ--N 25°00ʹ00ʺ),
G4410 1597 .W97,https://api-pre.library.tamu.edu/fcrepo/rest/bb/97/f2/3e/bb97f23e-803a-4bd6-8406-06802623554c/charting-texas-revised_objects/33/pages|https://api-pre.library.tamu.edu/fcrepo/rest/bb/97/f2/3e/bb97f23e-803a-4bd6-8406-06802623554c/charting-texas-revised_objects/33/orderProxies,,false,1597,StillImage,lat,Texas--Maps|Mexico--Maps|Mexico--Maps--Early works to 1800|Texas--Maps--Early works to 1800,Mexico|Texas,"Held in the Floyd & Louise Chapman Texas & Borderlands Collection at Cushing Memorial Library & Archives on the campus of Texas A&M University, College Station, Texas.",2022-12-14T15:34:53.602000+00:00,2022-12-14T15:34:53.602000+00:00,Hispania nova,https://api-pre.library.tamu.edu/fcrepo/rest/bb/97/f2/3e/bb97f23e-803a-4bd6-8406-06802623554c/charting-texas-revised_objects,application/tif|reformatted digital,5966670,fedoraAdmin,"Wytfliet, Corneille",fedoraAdmin,A copyright review process in April 2022 has determined that this particular item is in the public domain. http://rightsstatements.org/vocab/NoC-US/1.0/,https://api-pre.library.tamu.edu/fcrepo/rest/bb/97/f2/3e/bb97f23e-803a-4bd6-8406-06802623554c/charting-texas-revised_objects/33/pages/page_0/files/5966670.tif,(W 109°47ʹ00ʺ--W 94°01ʹ00ʺ/N 30°01ʹ00ʺ--N 15°08ʹ00ʺ),
G4050 1812 .L4,https://api-pre.library.tamu.edu/fcrepo/rest/bb/97/f2/3e/bb97f23e-803a-4bd6-8406-06802623554c/charting-texas-revised_objects/37/pages|https://api-pre.library.tamu.edu/fcrepo/rest/bb/97/f2/3e/bb97f23e-803a-4bd6-8406-06802623554c/charting-texas-revised_objects/37/orderProxies,"Tanner, Henry Schenck",false,1812,StillImage,eng,Louisiana--Maps|Mexico--Maps|Texas--Maps|West (U.S.)--Maps,Texas|West (U.S.)|Louisiana,"Held in the Floyd & Louise Chapman Texas & Borderlands Collection at Cushing Memorial Library & Archives on the campus of Texas A&M University, College Station, Texas.|Date of object estimated by library to be 1812.",2022-12-14T15:35:20.765000+00:00,2022-12-14T15:35:20.765000+00:00,Louisiana,https://api-pre.library.tamu.edu/fcrepo/rest/bb/97/f2/3e/bb97f23e-803a-4bd6-8406-06802623554c/charting-texas-revised_objects,application/tif|reformatted digital,5966674,fedoraAdmin,"Lewis, Samuel, 1753 or 1754-1822",fedoraAdmin,A copyright review process in April 2022 has determined that this particular item is in the public domain. http://rightsstatements.org/vocab/NoC-US/1.0/,https://api-pre.library.tamu.edu/fcrepo/rest/bb/97/f2/3e/bb97f23e-803a-4bd6-8406-06802623554c/charting-texas-revised_objects/37/pages/page_0/files/5966674.tif,(W 145°--W 70°/N 65°--N 25°),
F390 .U73 1844,https://api-pre.library.tamu.edu/fcrepo/rest/bb/97/f2/3e/bb97f23e-803a-4bd6-8406-06802623554c/charting-texas-revised_objects/8/orderProxies|https://api-pre.library.tamu.edu/fcrepo/rest/bb/97/f2/3e/bb97f23e-803a-4bd6-8406-06802623554c/charting-texas-revised_objects/8/pages,,false,1844,Text,eng,Texas--Annexation,Texas,"Held in the Floyd & Louise Chapman Texas & Borderlands Collection at Cushing Memorial Library & Archives on the campus of Texas A&M University, College Station, Texas.",2022-12-14T15:25:51.539000+00:00,2022-12-14T15:25:51.539000+00:00,"Texas: Message from the President of the United States transmitting the rejected treaty for the annexation of the Republic of Texas to the United States, together with the accompanying documents",https://api-pre.library.tamu.edu/fcrepo/rest/bb/97/f2/3e/bb97f23e-803a-4bd6-8406-06802623554c/charting-texas-revised_objects,application/tif|reformatted digital,1123169,fedoraAdmin,"US. President, 1841-1845 (Tyler)",fedoraAdmin,A copyright review process in April 2022 has determined that this particular item is in the public domain. http://rightsstatements.org/vocab/NoC-US/1.0/,https://api-pre.library.tamu.edu/fcrepo/rest/bb/97/f2/3e/bb97f23e-803a-4bd6-8406-06802623554c/charting-texas-revised_objects/8/pages/page_0/files/1123169.tif,,
F390 .U7 1842,https://api-pre.library.tamu.edu/fcrepo/rest/bb/97/f2/3e/bb97f23e-803a-4bd6-8406-06802623554c/charting-texas-revised_objects/10/pages|https://api-pre.library.tamu.edu/fcrepo/rest/bb/97/f2/3e/bb97f23e-803a-4bd6-8406-06802623554c/charting-texas-revised_objects/10/orderProxies,,false,1842,Text,eng,United States--Foreign Relations--Texas|Texas--History--Republic--1836-1846,United States|Texas,"Held in the Floyd & Louise Chapman Texas & Borderlands Collection at Cushing Memorial Library & Archives on the campus of Texas A&M University, College Station, Texas.|Date of object estimated by library to be 1842.",2022-12-14T15:26:01.878000+00:00,2022-12-14T15:26:01.878000+00:00,"Message from the President of the United States, in relation to the boundary between the United States and the Republic of Texas, January 20, 1842.",https://api-pre.library.tamu.edu/fcrepo/rest/bb/97/f2/3e/bb97f23e-803a-4bd6-8406-06802623554c/charting-texas-revised_objects,application/tif|reformatted digital,1214433,fedoraAdmin,United States - President (1841-1845: Tyler),fedoraAdmin,A copyright review process in April 2022 has determined that this particular item is in the public domain. http://rightsstatements.org/vocab/NoC-US/1.0/,https://api-pre.library.tamu.edu/fcrepo/rest/bb/97/f2/3e/bb97f23e-803a-4bd6-8406-06802623554c/charting-texas-revised_objects/10/pages/page_0/files/1214433.tif,,
G1015.A84 1771,https://api-pre.library.tamu.edu/fcrepo/rest/bb/97/f2/3e/bb97f23e-803a-4bd6-8406-06802623554c/charting-texas-revised_objects/14/orderProxies|https://api-pre.library.tamu.edu/fcrepo/rest/bb/97/f2/3e/bb97f23e-803a-4bd6-8406-06802623554c/charting-texas-revised_objects/14/pages,"Bonne, Rigobert, 1727 - 1794|Janvier, 1751-1835",false,1771-1785,StillImage,fre,"Atlases, French--Early works to 1800",,"Date of object estimated by library to be between 1771 and 1785.|Held in the Kelsey Americana Collection at the Cushing Memorial Library & Archives on the campus of Texas A&M University, College Station, Texas.",2022-12-16T15:28:56.649000+00:00,2022-12-16T15:28:56.649000+00:00,"Atlas moderne: ou, collection de cartes sur toutes les parties du globe terrestre",https://api-pre.library.tamu.edu/fcrepo/rest/bb/97/f2/3e/bb97f23e-803a-4bd6-8406-06802623554c/charting-texas-revised_objects,reformatted digital|application/tif,2023333,fedoraAdmin,,fedoraAdmin,A copyright review process in April 2022 has determined that this particular item is in the public domain. http://rightsstatements.org/vocab/NoC-US/1.0/,https://api-pre.library.tamu.edu/fcrepo/rest/bb/97/f2/3e/bb97f23e-803a-4bd6-8406-06802623554c/charting-texas-revised_objects/14/pages/page_0/files/2023333.tif,,
F390.C47 1838,https://api-pre.library.tamu.edu/fcrepo/rest/bb/97/f2/3e/bb97f23e-803a-4bd6-8406-06802623554c/charting-texas-revised_objects/43/pages|https://api-pre.library.tamu.edu/fcrepo/rest/bb/97/f2/3e/bb97f23e-803a-4bd6-8406-06802623554c/charting-texas-revised_objects/43/orderProxies,"Hillway, Allen|Townsend, Nathaniel--1804-1864.|Houlihan, John",false,1838,Text,eng,Land settlement--Texas--History--19th Century|Land titles--Texas--History--19th Century|Deeds--lcgft.,Texas,"Held in the Floyd & Louise Chapman Texas & Borderlands Collection at Cushing Memorial Library & Archives on the campus of Texas A&M University, College Station, Texas.",2022-12-14T15:37:14.052000+00:00,2022-12-14T15:37:14.052000+00:00,"Certification of land sale from John Houlihan, on the McMullen and McGloin colony, to Allen Hillway, of New Orleans, January 29, 1838",https://api-pre.library.tamu.edu/fcrepo/rest/bb/97/f2/3e/bb97f23e-803a-4bd6-8406-06802623554c/charting-texas-revised_objects,application/tif|reformatted digital,6426261,fedoraAdmin,,fedoraAdmin,A copyright review process in April 2022 has determined that this particular item is in the public domain. http://rightsstatements.org/vocab/NoC-US/1.0/,https://api-pre.library.tamu.edu/fcrepo/rest/bb/97/f2/3e/bb97f23e-803a-4bd6-8406-06802623554c/charting-texas-revised_objects/43/pages/page_0/files/6426261_1.tif|https://api-pre.library.tamu.edu/fcrepo/rest/bb/97/f2/3e/bb97f23e-803a-4bd6-8406-06802623554c/charting-texas-revised_objects/43/pages/page_1/files/6426261_2.tif,,
G4031.E1 1845 .A3,https://api-pre.library.tamu.edu/fcrepo/rest/bb/97/f2/3e/bb97f23e-803a-4bd6-8406-06802623554c/charting-texas-revised_objects/23/pages|https://api-pre.library.tamu.edu/fcrepo/rest/bb/97/f2/3e/bb97f23e-803a-4bd6-8406-06802623554c/charting-texas-revised_objects/23/orderProxies,"Hunt, Richard S.|Randel, Jesse F.|Bourgeois d'Orvanne, Alexander|Fisher, Henry F.",false,1845,StillImage,ger,Texas--Maps|Land grants--Texas--Maps|Texas--Colonies--Maps|Germans--Colonization--Texas--Maps|Texas--Emigration and immigration--Maps,Texas,"Held in the Floyd & Louise Chapman Texas & Borderlands Collection at Cushing Memorial Library & Archives on the campus of Texas A&M University, College Station, Texas.|Date of object estimated by library to be 1845.",2022-12-16T15:28:46.593000+00:00,2022-12-16T15:28:46.593000+00:00,"Karte von Texas, entworfen nach den Vermessungen welche in den Acten der General Land Office der Republic, liegen bis zum Jahr 1839",https://api-pre.library.tamu.edu/fcrepo/rest/bb/97/f2/3e/bb97f23e-803a-4bd6-8406-06802623554c/charting-texas-revised_objects,reformatted digital|application/tif,5680176,fedoraAdmin,Texas General Land Office|Adelsverein,fedoraAdmin,A copyright review process in April 2022 has determined that this particular item is in the public domain. http://rightsstatements.org/vocab/NoC-US/1.0/,https://api-pre.library.tamu.edu/fcrepo/rest/bb/97/f2/3e/bb97f23e-803a-4bd6-8406-06802623554c/charting-texas-revised_objects/23/pages/page_0/files/5680176.tif,(W 101°--W 95°/N 34°--N 25°),
G4030 1858 J 63,https://api-pre.library.tamu.edu/fcrepo/rest/bb/97/f2/3e/bb97f23e-803a-4bd6-8406-06802623554c/charting-texas-revised_objects/60/pages|https://api-pre.library.tamu.edu/fcrepo/rest/bb/97/f2/3e/bb97f23e-803a-4bd6-8406-06802623554c/charting-texas-revised_objects/60/orderProxies,,false,1858,Text|StillImage,eng,Texas--Maps,Texas,"Held in the Mary and Mavis P. Kelsey Americana Collection at Cushing Memorial Library & Archives on the campus of Texas A&M University, College Station, Texas.",2022-12-16T15:36:41.812000+00:00,2022-12-16T15:36:41.812000+00:00,Johnson's New Map of the State of Texas,https://api-pre.library.tamu.edu/fcrepo/rest/bb/97/f2/3e/bb97f23e-803a-4bd6-8406-06802623554c/charting-texas-revised_objects,application/tif|reformatted digital,,fedoraAdmin,Johnson and Ward,fedoraAdmin,A copyright review process in April 2022 has determined that this particular item is in the public domain. http://rightsstatements.org/vocab/NoC-US/1.0/,https://api-pre.library.tamu.edu/fcrepo/rest/bb/97/f2/3e/bb97f23e-803a-4bd6-8406-06802623554c/charting-texas-revised_objects/60/pages/page_0/files/1568454_a.tif,(W 106°50ʹ--W 92°40ʹ/N 34°10ʹ--N 25°50ʹ),
G4050 1846 .M5,https://api-pre.library.tamu.edu/fcrepo/rest/bb/97/f2/3e/bb97f23e-803a-4bd6-8406-06802623554c/charting-texas-revised_objects/27/orderProxies|https://api-pre.library.tamu.edu/fcrepo/rest/bb/97/f2/3e/bb97f23e-803a-4bd6-8406-06802623554c/charting-texas-revised_objects/27/pages,"Burroughs, H. N.",false,1846,StillImage,eng,Historical geography|West United States|West (U.S.)--Historical geography--Maps,West (U.S.),"Held in the Floyd & Louise Chapman Texas & Borderlands Collection at Cushing Memorial Library & Archives on the campus of Texas A&M University, College Station, Texas.",2022-12-20T16:40:04.151000+00:00,2022-12-20T16:40:04.151000+00:00,"A new map of Texas, Oregon, and California with the regions adjoining",https://api-pre.library.tamu.edu/fcrepo/rest/bb/97/f2/3e/bb97f23e-803a-4bd6-8406-06802623554c/charting-texas-revised_objects,application/tif|reformatted digital,5934326,fedoraAdmin,"Mitchell, S. Augustus (Samuel Augustus), 1792-1868",fedoraAdmin,A copyright review process in April 2022 has determined that this particular item is in the public domain. http://rightsstatements.org/vocab/NoC-US/1.0/,https://api-pre.library.tamu.edu/fcrepo/rest/bb/97/f2/3e/bb97f23e-803a-4bd6-8406-06802623554c/charting-texas-revised_objects/27/pages/page_0/files/5934326.tif,(W 133°--W 87°/N 55°--N 26°),
G4410 1851 .R6,https://api-pre.library.tamu.edu/fcrepo/rest/bb/97/f2/3e/bb97f23e-803a-4bd6-8406-06802623554c/charting-texas-revised_objects/40/pages|https://api-pre.library.tamu.edu/fcrepo/rest/bb/97/f2/3e/bb97f23e-803a-4bd6-8406-06802623554c/charting-texas-revised_objects/40/orderProxies,Rosa (Paris),false,1851,StillImage,spa,Texas--Maps|Southwestern States--Maps|Mexico--Maps,Mexico|Southwestern States|Texas,"Held in the Floyd & Louise Chapman Texas & Borderlands Collection at Cushing Memorial Library & Archives on the campus of Texas A&M University, College Station, Texas.",2022-12-20T16:48:44.420000+00:00,2022-12-20T16:48:44.420000+00:00,Mapa de los Estados Unidos Mejicanos: arreglado a la distribucion que en diversos decretos ha hecho del territorio el Congreso General Mejicano,https://api-pre.library.tamu.edu/fcrepo/rest/bb/97/f2/3e/bb97f23e-803a-4bd6-8406-06802623554c/charting-texas-revised_objects,reformatted digital|application/tif,6275054,fedoraAdmin,,fedoraAdmin,A copyright review process in April 2022 has determined that this particular item is in the public domain. http://rightsstatements.org/vocab/NoC-US/1.0/,https://api-pre.library.tamu.edu/fcrepo/rest/bb/97/f2/3e/bb97f23e-803a-4bd6-8406-06802623554c/charting-texas-revised_objects/40/pages/page_0/files/6275054.tif,(W 125°--W 85°/N 43°--N 15°),
,https://api-pre.library.tamu.edu/fcrepo/rest/bb/97/f2/3e/bb97f23e-803a-4bd6-8406-06802623554c/charting-texas-revised_objects/11/orderProxies|https://api-pre.library.tamu.edu/fcrepo/rest/bb/97/f2/3e/bb97f23e-803a-4bd6-8406-06802623554c/charting-texas-revised_objects/11/pages,United States--Army--Corps of Engineers,false,1810,Text|Still Image,eng,"West (U.S)--Description and Travel|Southwest, New--Description and Travel|Mississippi River--Description and Travel|United States--Discovery and Exploration","Mississippi River|United States|Southwest, New|West (U.S.)","Held in the Floyd and Louise Chapman Texas and Borderlands Collection at Cushing Memorial Library and Archives on the campus of Texas A and M University, College Station, Texas.",2022-12-16T15:26:28.591000+00:00,2022-12-16T15:26:28.591000+00:00,"An account of expeditions to the sources of the Mississippi and through the western parts of Louisiana, to the sources of the Arkansaw, Kans, La Platte, and Pierre Jaun, rivers: performed by order of the government of the United States during the years 1805, 1806, and 1807...",https://api-pre.library.tamu.edu/fcrepo/rest/bb/97/f2/3e/bb97f23e-803a-4bd6-8406-06802623554c/charting-texas-revised_objects,application/tif|reformatted digital,1294478,fedoraAdmin,"Pike, Zebulon Montgomery, 1779-1813",fedoraAdmin,A copyright review process in April 2022 has determined that this particular item is in the public domain. http://rightsstatements.org/vocab/NoC-US/1.0/,https://api-pre.library.tamu.edu/fcrepo/rest/bb/97/f2/3e/bb97f23e-803a-4bd6-8406-06802623554c/charting-texas-revised_objects/11/pages/page_0/files/1294478_1.tif|https://api-pre.library.tamu.edu/fcrepo/rest/bb/97/f2/3e/bb97f23e-803a-4bd6-8406-06802623554c/charting-texas-revised_objects/11/pages/page_1/files/1294478_2.tif|https://api-pre.library.tamu.edu/fcrepo/rest/bb/97/f2/3e/bb97f23e-803a-4bd6-8406-06802623554c/charting-texas-revised_objects/11/pages/page_2/files/1294478_3.tif,,F592 .P63 1810
VK597.U5 U56 1846,https://api-pre.library.tamu.edu/fcrepo/rest/bb/97/f2/3e/bb97f23e-803a-4bd6-8406-06802623554c/charting-texas-revised_objects/64/orderProxies|https://api-pre.library.tamu.edu/fcrepo/rest/bb/97/f2/3e/bb97f23e-803a-4bd6-8406-06802623554c/charting-texas-revised_objects/64/pages,"ÊBache, A. D. (Alexander Dallas), 1806-1867|Walker, Robert J. (Robert John), 1801-1869",false,1846,text,eng,Hydrographic surveying--United States|Coastal mapping--United States,,"Held in the Rare Books Collection at Cushing Memorial Library & Archives on the campus of Texas A&M University, College Station, Texas.",2022-12-14T15:42:05.731000+00:00,2022-12-14T15:42:05.731000+00:00,"Report of the Secretary of the Treasury communicating a report from the Superintendant of the Coast Survey, showing the progress of the survey during the year ending November, 1846.",https://api-pre.library.tamu.edu/fcrepo/rest/bb/97/f2/3e/bb97f23e-803a-4bd6-8406-06802623554c/charting-texas-revised_objects,application/tif|reformatted digital,,fedoraAdmin,United States. Department of the Treasury,fedoraAdmin,A copyright review process in August 2022 has determined that this particular item is in the public domain. http://rightsstatements.org/vocab/NoC-US/1.0/,https://api-pre.library.tamu.edu/fcrepo/rest/bb/97/f2/3e/bb97f23e-803a-4bd6-8406-06802623554c/charting-texas-revised_objects/64/pages/page_0/files/Coastal_Survey001.tif,,
F391.B796 1858,https://api-pre.library.tamu.edu/fcrepo/rest/bb/97/f2/3e/bb97f23e-803a-4bd6-8406-06802623554c/charting-texas-revised_objects/15/orderProxies|https://api-pre.library.tamu.edu/fcrepo/rest/bb/97/f2/3e/bb97f23e-803a-4bd6-8406-06802623554c/charting-texas-revised_objects/15/pages,,false,1858,Text,eng,Texas,Texas,"Held in the Floyd & Louise Chapman Texas & Borderlands Collection at Cushing Memorial Library & Archives on the campus of Texas A&M University, College Station, Texas.",2022-12-14T15:27:04.946000+00:00,2022-12-14T15:27:04.946000+00:00,Braman's information about Texas,https://api-pre.library.tamu.edu/fcrepo/rest/bb/97/f2/3e/bb97f23e-803a-4bd6-8406-06802623554c/charting-texas-revised_objects,application/tif|reformatted digital,2703188,fedoraAdmin,"Braman, D. E. E.",fedoraAdmin,A copyright review process in April 2022 has determined that this particular item is in the public domain. http://rightsstatements.org/vocab/NoC-US/1.0/,https://api-pre.library.tamu.edu/fcrepo/rest/bb/97/f2/3e/bb97f23e-803a-4bd6-8406-06802623554c/charting-texas-revised_objects/15/pages/page_0/files/2703188_1.tif,,
G4030 1835 .B7,https://api-pre.library.tamu.edu/fcrepo/rest/bb/97/f2/3e/bb97f23e-803a-4bd6-8406-06802623554c/charting-texas-revised_objects/44/pages|https://api-pre.library.tamu.edu/fcrepo/rest/bb/97/f2/3e/bb97f23e-803a-4bd6-8406-06802623554c/charting-texas-revised_objects/44/orderProxies,,false,1835,StillImage,eng,Roads--Texas--Maps|Texas--Maps|Texas--19th century--Maps|Land grants--Texas--Maps|Indians of North America--Texas--Maps,Texas,"Held in the Floyd & Louise Chapman Texas & Borderlands Collection at Cushing Memorial Library & Archives on the campus of Texas A&M University, College Station, Texas.",2022-12-14T15:37:14.825000+00:00,2022-12-14T15:37:14.825000+00:00,Texas,https://api-pre.library.tamu.edu/fcrepo/rest/bb/97/f2/3e/bb97f23e-803a-4bd6-8406-06802623554c/charting-texas-revised_objects,application/tif|reformatted digital,6441913,fedoraAdmin,"Bradford, T. G. (Thomas Gamaliel), 1802-1887",fedoraAdmin,A copyright review process in April 2022 has determined that this particular item is in the public domain. http://rightsstatements.org/vocab/NoC-US/1.0/,https://api-pre.library.tamu.edu/fcrepo/rest/bb/97/f2/3e/bb97f23e-803a-4bd6-8406-06802623554c/charting-texas-revised_objects/44/pages/page_0/files/6441913_a.tif,(W 105°--W 94°/N 34°--N 26°),
,https://api-pre.library.tamu.edu/fcrepo/rest/bb/97/f2/3e/bb97f23e-803a-4bd6-8406-06802623554c/charting-texas-revised_objects/58/pages|https://api-pre.library.tamu.edu/fcrepo/rest/bb/97/f2/3e/bb97f23e-803a-4bd6-8406-06802623554c/charting-texas-revised_objects/58/orderProxies,,false,1873-1882,StillImage|Text,eng,Surveying--Texas|Texas--Maps|New Mexico--Maps|Surveying--New Mexico,Texas|New Mexico,"Held in the Floyd & Louise Chapman Texas & Borderlands Collection at Cushing Memorial Library & Archives on the campus of Texas A&M University, College Station, Texas.|Date of object determined by library to be between 1873-1882.",2022-12-14T15:40:20.181000+00:00,2022-12-14T15:40:20.181000+00:00,"Manuscript journal of maps: Surveying Texas & New Mexico,",https://api-pre.library.tamu.edu/fcrepo/rest/bb/97/f2/3e/bb97f23e-803a-4bd6-8406-06802623554c/charting-texas-revised_objects,reformatted digital|application/tif,,fedoraAdmin,"Baue, Emil A.",fedoraAdmin,A copyright review process in April 2022 has determined that this particular item is in the public domain. http://rightsstatements.org/vocab/NoC-US/1.0/,https://api-pre.library.tamu.edu/fcrepo/rest/bb/97/f2/3e/bb97f23e-803a-4bd6-8406-06802623554c/charting-texas-revised_objects/58/pages/page_0/files/Baue_map.tif,,
G4410 1825 .H3,https://api-pre.library.tamu.edu/fcrepo/rest/bb/97/f2/3e/bb97f23e-803a-4bd6-8406-06802623554c/charting-texas-revised_objects/48/orderProxies|https://api-pre.library.tamu.edu/fcrepo/rest/bb/97/f2/3e/bb97f23e-803a-4bd6-8406-06802623554c/charting-texas-revised_objects/48/pages,"Duncan, James.",false,1825,StillImage,eng,Southwestern States--Maps|Central America--Maps|Mexico--Maps|Texas--Maps,Central America|Mexico|Southwestern States|Texas,"Held in the Floyd & Louise Chapman Texas & Borderlands Collection at Cushing Memorial Library & Archives on the campus of Texas A&M University, College Station, Texas.",2022-12-14T15:38:01.332000+00:00,2022-12-14T15:38:01.332000+00:00,Map of Mexico: engraved for the modern traveller,https://api-pre.library.tamu.edu/fcrepo/rest/bb/97/f2/3e/bb97f23e-803a-4bd6-8406-06802623554c/charting-texas-revised_objects,application/tif|reformatted digital,6495232,fedoraAdmin,"Hall, Sidney",fedoraAdmin,A copyright review process in April 2022 has determined that this particular item is in the public domain. http://rightsstatements.org/vocab/NoC-US/1.0/,https://api-pre.library.tamu.edu/fcrepo/rest/bb/97/f2/3e/bb97f23e-803a-4bd6-8406-06802623554c/charting-texas-revised_objects/48/pages/page_0/files/6495232.tif,(W 120°--N 80°/N 35°--N 10°),
G4050 1858 .J45,https://api-pre.library.tamu.edu/fcrepo/rest/bb/97/f2/3e/bb97f23e-803a-4bd6-8406-06802623554c/charting-texas-revised_objects/39/orderProxies|https://api-pre.library.tamu.edu/fcrepo/rest/bb/97/f2/3e/bb97f23e-803a-4bd6-8406-06802623554c/charting-texas-revised_objects/39/pages,"Michler, N.|Emory, William H.|United States General Land Office|Pacific Railroad Company|Siebert, Selmar|United States Coast Survey",false,1858,StillImage,eng,"United States--Maps|Mexico, North--Maps|West (U.S.)--Maps|Texas--Maps",North Mexico|West United States|United States|Texas,"Held in the Floyd & Louise Chapman Texas & Borderlands Collection at Cushing Memorial Library & Archives on the campus of Texas A&M University, College Station, Texas.|Date of object estimated by library to be 1858.",2022-12-16T15:32:56.993000+00:00,2022-12-16T15:32:56.993000+00:00,Map of the United States and their territories between the Mississippi and the Pacific Ocean and part of Mexico,https://api-pre.library.tamu.edu/fcrepo/rest/bb/97/f2/3e/bb97f23e-803a-4bd6-8406-06802623554c/charting-texas-revised_objects,reformatted digital|application/tif,5966677,fedoraAdmin,"Jekyll, Thomas",fedoraAdmin,A copyright review process in April 2022 has determined that this particular item is in the public domain. http://rightsstatements.org/vocab/NoC-US/1.0/,https://api-pre.library.tamu.edu/fcrepo/rest/bb/97/f2/3e/bb97f23e-803a-4bd6-8406-06802623554c/charting-texas-revised_objects/39/pages/page_0/files/TN27940.tif,(W 122°--W 90°/N 48°--N 24°),
G4031 .E424 1763 .P5,https://api-pre.library.tamu.edu/fcrepo/rest/bb/97/f2/3e/bb97f23e-803a-4bd6-8406-06802623554c/charting-texas-revised_objects/59/orderProxies|https://api-pre.library.tamu.edu/fcrepo/rest/bb/97/f2/3e/bb97f23e-803a-4bd6-8406-06802623554c/charting-texas-revised_objects/59/pages,,false,[1763],StillImage,spa,San Antonio (Tex.)--Maps|Rivers--Illinois--Maps|Mississippi River--Maps|Indians of North America--Texas--Maps|Indians of North America--Louisiana--Maps|Roads--Louisiana--Maps|Rivers--Louisiana--Maps|Fortification--Texas--Maps|Fortification--Louisiana--Maps|New Orleans (La.)--Maps|Manuscript Maps|Illinois--Maps|Rivers--Texas--Maps|Louisiana--Maps|Catholic Church--Missions--Louisiana--Maps|Roads--Texas--Maps|Texas--Maps|Roads--Arkansas--Maps|Catholic Church--Missions--Texas--Maps|Arkansas--Maps|Rivers--Arkansas--Maps|Roads--Illinois--Maps,Illinois|New Orelans (La.)|San Antonio (Tex.)|Texas|Arkansas|Mississippi River|Louisiana,"Held in the Floyd & Louise Chapman Texas & Borderlands Collection at Cushing Memorial Library & Archives on the campus of Texas A&M University, College Station, Texas.",2022-12-16T16:57:14.156000+00:00,2022-12-16T16:57:14.156000+00:00,"[Plan del presidio de San Sabá al de los Adaes y San Antonio de Véxar, comenzando desde el Nuevo Reino de Orleans demarcando todos los presidios, misiones, fuentes, pueblos y demás casas, de que se compone el ámbito de dicho mapa.]",https://api-pre.library.tamu.edu/fcrepo/rest/bb/97/f2/3e/bb97f23e-803a-4bd6-8406-06802623554c/charting-texas-revised_objects,application/tif|reformatted digital,5887652,fedoraAdmin,,fedoraAdmin,A copyright review process in April 2022 has determined that this particular item is in the public domain. http://rightsstatements.org/vocab/NoC-US/1.0/,https://api-pre.library.tamu.edu/fcrepo/rest/bb/97/f2/3e/bb97f23e-803a-4bd6-8406-06802623554c/charting-texas-revised_objects/59/pages/page_0/files/San-Saba_1.tif|https://api-pre.library.tamu.edu/fcrepo/rest/bb/97/f2/3e/bb97f23e-803a-4bd6-8406-06802623554c/charting-texas-revised_objects/59/pages/page_1/files/San-Saba_2.tif,(W 98°49ʹ00ʺ--W 88°42ʹ00ʺ/N 39°31ʹ00ʺ--N 29°11ʹ00ʺ),
G4030 1851 .M37,https://api-pre.library.tamu.edu/fcrepo/rest/bb/97/f2/3e/bb97f23e-803a-4bd6-8406-06802623554c/charting-texas-revised_objects/29/pages|https://api-pre.library.tamu.edu/fcrepo/rest/bb/97/f2/3e/bb97f23e-803a-4bd6-8406-06802623554c/charting-texas-revised_objects/29/orderProxies,"Rapkin, J.",false,1851,StillImage,eng,United States--Southwestern States|Mexico--Maps|Texas--Maps|California--Maps|Southwestern States--Maps,California|Mexico|United States|Southwestern States|Texas,"Held in the Floyd & Louise Chapman Texas & Borderlands Collection at Cushing Memorial Library & Archives on the campus of Texas A&M University, College Station, Texas.",2022-12-14T15:33:55.403000+00:00,2022-12-14T15:33:55.403000+00:00,"Mexico, California and Texas",https://api-pre.library.tamu.edu/fcrepo/rest/bb/97/f2/3e/bb97f23e-803a-4bd6-8406-06802623554c/charting-texas-revised_objects,reformatted digital|application/tif,5966107,fedoraAdmin,"Martin, Robert Montgomery, 1803?-1868",fedoraAdmin,A copyright review process in April 2022 has determined that this particular item is in the public domain. http://rightsstatements.org/vocab/NoC-US/1.0/,https://api-pre.library.tamu.edu/fcrepo/rest/bb/97/f2/3e/bb97f23e-803a-4bd6-8406-06802623554c/charting-texas-revised_objects/29/pages/page_0/files/5966107.tif,(W 130°--W 80°/N 42°--N 15°),
G4030 1857 .U5,https://api-pre.library.tamu.edu/fcrepo/rest/bb/97/f2/3e/bb97f23e-803a-4bd6-8406-06802623554c/charting-texas-revised_objects/69/pages|https://api-pre.library.tamu.edu/fcrepo/rest/bb/97/f2/3e/bb97f23e-803a-4bd6-8406-06802623554c/charting-texas-revised_objects/69/orderProxies,Bureau of Topographl. Engrs,false,1857,StillImage,eng,New Mexico--Maps|Texas--Maps,Texas|New Mexico,"Held in the Floyd & Louise Chapman Texas & Borderlands Collection at Cushing Memorial Library & Archives on the campus of Texas A&M University, College Station, Texas.",2022-12-16T15:38:15.906000+00:00,2022-12-16T15:38:15.906000+00:00,Map of Texas and part of New Mexico,https://api-pre.library.tamu.edu/fcrepo/rest/bb/97/f2/3e/bb97f23e-803a-4bd6-8406-06802623554c/charting-texas-revised_objects,,,fedoraAdmin,United States Army Corps of Topographical Engineers,fedoraAdmin,A copyright review process in April 2022 has determined that this particular item is in the public domain. http://rightsstatements.org/vocab/NoC-US/1.0/,https://api-pre.library.tamu.edu/fcrepo/rest/bb/97/f2/3e/bb97f23e-803a-4bd6-8406-06802623554c/charting-texas-revised_objects/69/pages/page_0/files/TXNM_Topo.tif,(W 107⁰--W 93⁰/N 36⁰--N 27⁰),
TA151 .T77 1886,https://api-pre.library.tamu.edu/fcrepo/rest/bb/97/f2/3e/bb97f23e-803a-4bd6-8406-06802623554c/charting-texas-revised_objects/17/pages|https://api-pre.library.tamu.edu/fcrepo/rest/bb/97/f2/3e/bb97f23e-803a-4bd6-8406-06802623554c/charting-texas-revised_objects/17/orderProxies,"Trautwine, John C. (John Cresson), 1850-1924, editor.",false,1886,Text,eng,"Civil Engineering--Handbooks--manuals, etc.",,"Held in the Rare Books Collection of the Cushing Memorial Library & Archives at Texas A&M University, in College Station, TX.",2022-12-14T15:27:32.517000+00:00,2022-12-14T15:27:32.517000+00:00,"The civil engineers's pocket-book, of mensuration, trigonometry, surveying, hydraulics ... [etc.]: in addition to which the elucidation of certain important principles of construction is made in a more simple manner than heretofore",https://api-pre.library.tamu.edu/fcrepo/rest/bb/97/f2/3e/bb97f23e-803a-4bd6-8406-06802623554c/charting-texas-revised_objects,application/tif|reformatted digital,3106095,fedoraAdmin,"Trautwine, John C. (John Cresson), 1810-1883.",fedoraAdmin,A copyright review process in April 2022 has determined that this particular item is in the public domain. http://rightsstatements.org/vocab/NoC-US/1.0/,https://api-pre.library.tamu.edu/fcrepo/rest/bb/97/f2/3e/bb97f23e-803a-4bd6-8406-06802623554c/charting-texas-revised_objects/17/pages/page_0/files/3106095_1.tif|https://api-pre.library.tamu.edu/fcrepo/rest/bb/97/f2/3e/bb97f23e-803a-4bd6-8406-06802623554c/charting-texas-revised_objects/17/pages/page_1/files/3106095_2.tif,,
UG470 .R46 1850,https://api-pre.library.tamu.edu/fcrepo/rest/bb/97/f2/3e/bb97f23e-803a-4bd6-8406-06802623554c/charting-texas-revised_objects/3/pages|https://api-pre.library.tamu.edu/fcrepo/rest/bb/97/f2/3e/bb97f23e-803a-4bd6-8406-06802623554c/charting-texas-revised_objects/3/orderProxies,"Johnston, J. E.",false,1850,Text|StillImage,eng,Military Topography--New Mexico|New Mexico--Description and Travel|Military Topography--Texas|Texas--Description and Travel,Texas|New Mexico,"Held in the Floyd & Louise Chapman Texas & Borderlands Collection at Cushing Memorial Library & Archives on the campus of Texas A&M University, College Station, Texas.",2022-12-14T15:25:17.349000+00:00,2022-12-14T15:25:17.349000+00:00,Holdings: Reports of the Secretary of War: with reconnaissance of routes from San Antonio to El Paso.,https://api-pre.library.tamu.edu/fcrepo/rest/bb/97/f2/3e/bb97f23e-803a-4bd6-8406-06802623554c/charting-texas-revised_objects,application/tif|reformatted digital,444582,fedoraAdmin,United States. Congress,fedoraAdmin,A copyright review process in April 2022 has determined that this particular item is in the public domain. http://rightsstatements.org/vocab/NoC-US/1.0/,https://api-pre.library.tamu.edu/fcrepo/rest/bb/97/f2/3e/bb97f23e-803a-4bd6-8406-06802623554c/charting-texas-revised_objects/3/pages/page_0/files/444582_1.tif|https://api-pre.library.tamu.edu/fcrepo/rest/bb/97/f2/3e/bb97f23e-803a-4bd6-8406-06802623554c/charting-texas-revised_objects/3/pages/page_1/files/444582_2.tif,,
F390.K36 1841,https://api-pre.library.tamu.edu/fcrepo/rest/bb/97/f2/3e/bb97f23e-803a-4bd6-8406-06802623554c/charting-texas-revised_objects/50/pages|https://api-pre.library.tamu.edu/fcrepo/rest/bb/97/f2/3e/bb97f23e-803a-4bd6-8406-06802623554c/charting-texas-revised_objects/50/orderProxies,R. Hastings,false,1841,Text|StillImage,eng,Texas--Description and travel|Texas--History--to 1846,Texas,"Held in the Floyd & Louise Chapman Texas & Borderlands Collection at Cushing Memorial Library & Archives on the campus of Texas A&M University, College Station, Texas.",2022-12-16T15:33:58.293000+00:00,2022-12-16T15:33:58.293000+00:00,"Texas: the rise, progress, and prospects of the Republic of Texas",https://api-pre.library.tamu.edu/fcrepo/rest/bb/97/f2/3e/bb97f23e-803a-4bd6-8406-06802623554c/charting-texas-revised_objects,reformatted digital|application/tif,in00001120788,fedoraAdmin,"Kennedy, William, 1799-1871",fedoraAdmin,A copyright review process in April 2022 has determined that this particular item is in the public domain. http://rightsstatements.org/vocab/NoC-US/1.0/,https://api-pre.library.tamu.edu/fcrepo/rest/bb/97/f2/3e/bb97f23e-803a-4bd6-8406-06802623554c/charting-texas-revised_objects/50/pages/page_0/files/TN27941_1.tif|https://api-pre.library.tamu.edu/fcrepo/rest/bb/97/f2/3e/bb97f23e-803a-4bd6-8406-06802623554c/charting-texas-revised_objects/50/pages/page_1/files/TN27941_2.tif,,
G3300 1845 .L3,https://api-pre.library.tamu.edu/fcrepo/rest/bb/97/f2/3e/bb97f23e-803a-4bd6-8406-06802623554c/charting-texas-revised_objects/30/pages|https://api-pre.library.tamu.edu/fcrepo/rest/bb/97/f2/3e/bb97f23e-803a-4bd6-8406-06802623554c/charting-texas-revised_objects/30/orderProxies,"Pelissier, H.G.|Bonheur, Raimond|Lemercier, Alfred|Levasseur, V.|Laguillermie, Frederic",false,1845,StillImage,fre,"Texas--History--Republic, 1836-1846--Maps|Flora and fauna--Illustrations--Maps|North America|Texas--Maps|North America--Maps",Texas|North America,"Held in the Floyd & Louise Chapman Texas & Borderlands Collection at Cushing Memorial Library & Archives on the campus of Texas A&M University, College Station, Texas.",2022-12-16T15:31:03.617000+00:00,2022-12-16T15:31:03.617000+00:00,Amérique Septentrionale,https://api-pre.library.tamu.edu/fcrepo/rest/bb/97/f2/3e/bb97f23e-803a-4bd6-8406-06802623554c/charting-texas-revised_objects,application/tif|reformatted digital,5966108,fedoraAdmin,"Laguillermie, Frederic",fedoraAdmin,A copyright review process in April 2022 has determined that this particular item is in the public domain. http://rightsstatements.org/vocab/NoC-US/1.0/,https://api-pre.library.tamu.edu/fcrepo/rest/bb/97/f2/3e/bb97f23e-803a-4bd6-8406-06802623554c/charting-texas-revised_objects/30/pages/page_0/files/5966108.tif,(W 165°--W 15°/N 70°--S 0°),
F390 .S85,https://api-pre.library.tamu.edu/fcrepo/rest/bb/97/f2/3e/bb97f23e-803a-4bd6-8406-06802623554c/charting-texas-revised_objects/7/pages|https://api-pre.library.tamu.edu/fcrepo/rest/bb/97/f2/3e/bb97f23e-803a-4bd6-8406-06802623554c/charting-texas-revised_objects/7/orderProxies,,false,1840,Text|StillImage,eng,Texas--History--Since 1846|Texas--Description and Travel,Texas,"Held in the Floyd & Louise Chapman Texas & Borderlands Collection at Cushing Memorial Library & Archives on the campus of Texas A&M University, College Station, Texas.",2022-12-14T15:25:48.678000+00:00,2022-12-14T15:25:48.678000+00:00,"The Texan emigrant: being a narration of the adventures of the author in Texas, and a description of the soil, climate, productions, minerals",https://api-pre.library.tamu.edu/fcrepo/rest/bb/97/f2/3e/bb97f23e-803a-4bd6-8406-06802623554c/charting-texas-revised_objects,reformatted digital|application/tif,778454,fedoraAdmin,"Stiff, Edward",fedoraAdmin,A copyright review process in April 2022 has determined that this particular item is in the public domain. http://rightsstatements.org/vocab/NoC-US/1.0/,https://api-pre.library.tamu.edu/fcrepo/rest/bb/97/f2/3e/bb97f23e-803a-4bd6-8406-06802623554c/charting-texas-revised_objects/7/pages/page_0/files/778454_1.tif|https://api-pre.library.tamu.edu/fcrepo/rest/bb/97/f2/3e/bb97f23e-803a-4bd6-8406-06802623554c/charting-texas-revised_objects/7/pages/page_1/files/778454_2.tif,,
G4030 1874 .R6,https://api-pre.library.tamu.edu/fcrepo/rest/bb/97/f2/3e/bb97f23e-803a-4bd6-8406-06802623554c/charting-texas-revised_objects/54/pages|https://api-pre.library.tamu.edu/fcrepo/rest/bb/97/f2/3e/bb97f23e-803a-4bd6-8406-06802623554c/charting-texas-revised_objects/54/orderProxies,"Mittendorfer, M. V",false,1874,StillImage,eng,Soils--Texas--19th century--Maps|United States--Territories and possessions--19th century--Maps|Texas--19th century--Maps|Southwestern States--19th century--Maps,United States|Southwestern States|Texas,"Held in the Floyd & Louise Chapman Texas & Borderlands Collection at Cushing Memorial Library & Archives on the campus of Texas A&M University, College Station, Texas.",2022-12-20T17:48:42.861000+00:00,2022-12-20T17:48:42.861000+00:00,"A.R. Roessler's latest map of the state of Texas : exhibiting mineral and agricultural districts, post offices & mailroutes [sic], railroads projected and finished, timber, prairie, swamp lands, etc. etc. etc.",https://api-pre.library.tamu.edu/fcrepo/rest/bb/97/f2/3e/bb97f23e-803a-4bd6-8406-06802623554c/charting-texas-revised_objects,application/tif|reformatted digital,in00004548975,fedoraAdmin,"Roessler, A. R.",fedoraAdmin,A copyright review process in April 2022 has determined that this particular item is in the public domain. http://rightsstatements.org/vocab/NoC-US/1.0/,https://api-pre.library.tamu.edu/fcrepo/rest/bb/97/f2/3e/bb97f23e-803a-4bd6-8406-06802623554c/charting-texas-revised_objects/54/pages/page_0/files/TN27938.tif,(W 107°15ʹ--W 93°15ʹ/N 36°15ʹ--N 25°30ʹ)|(W 107°45ʹ--W 92°30ʹ/N 37°00ʹ--N 25°45ʹ),
G4051.P25 1850 .M3,https://api-pre.library.tamu.edu/fcrepo/rest/bb/97/f2/3e/bb97f23e-803a-4bd6-8406-06802623554c/charting-texas-revised_objects/38/pages|https://api-pre.library.tamu.edu/fcrepo/rest/bb/97/f2/3e/bb97f23e-803a-4bd6-8406-06802623554c/charting-texas-revised_objects/38/orderProxies,,false,1850,StillImage,eng,New Mexico--Maps|Oklahoma--Maps|Texas--Maps|Arkansas--Maps,Arkansas|Oklahoma|Texas|New Mexico,"Held in the Floyd & Louise Chapman Texas & Borderlands Collection at Cushing Memorial Library & Archives on the campus of Texas A&M University, College Station, Texas.",2022-12-20T16:46:20.072000+00:00,2022-12-20T16:46:20.072000+00:00,"Topographical Map of the Road From Fort Smith, Arks. to Santa Fe, N.M. and from Donna Ana N.M. to Fort Smith: made by the order of Bvt. Grig Gen. M. Arbuckles, U.S.A. by Capt. R.B. Macy, 5th U.S. Inf.",https://api-pre.library.tamu.edu/fcrepo/rest/bb/97/f2/3e/bb97f23e-803a-4bd6-8406-06802623554c/charting-texas-revised_objects,reformatted digital|application/tif,5966676,fedoraAdmin,"Macy, R.B.",fedoraAdmin,A copyright review process in April 2022 has determined that this particular item is in the public domain. http://rightsstatements.org/vocab/NoC-US/1.0/,https://api-pre.library.tamu.edu/fcrepo/rest/bb/97/f2/3e/bb97f23e-803a-4bd6-8406-06802623554c/charting-texas-revised_objects/38/pages/page_0/files/5966676.tif,(W 110°--W 93°/N 37°--N 34°),
F389 .G33 1830,https://api-pre.library.tamu.edu/fcrepo/rest/bb/97/f2/3e/bb97f23e-803a-4bd6-8406-06802623554c/charting-texas-revised_objects/20/pages|https://api-pre.library.tamu.edu/fcrepo/rest/bb/97/f2/3e/bb97f23e-803a-4bd6-8406-06802623554c/charting-texas-revised_objects/20/orderProxies,"Dey, Anthony|Burnet, David, G. (David Gouverneur), 1877-1870|Curtis, George, 1799-1884|Sumner, William H. (William Hyslop), 1780-1861|Vehlein, Joseph|Zavala, Lorezno de, 1788-1836",false,1830,StillImage,eng,"Land Grants--Texas, East--History--19th Century|Texas--History to 1846.|Real Property--Texas, East--History--19th Century|Land companies--Texas, East--History--19th Century","Texas, East|Texas","Held in the Floyd & Louise Chapman Texas & Borderlands Collection at Cushing Memorial Library & Archives on the campus of Texas A&M University, College Station, Texas.",2022-12-14T15:28:31.981000+00:00,2022-12-14T15:28:31.981000+00:00,Galveston Bay and Texas Land Company,https://api-pre.library.tamu.edu/fcrepo/rest/bb/97/f2/3e/bb97f23e-803a-4bd6-8406-06802623554c/charting-texas-revised_objects,application/tif|reformatted digital,4980806,fedoraAdmin,"Galveston Bay & Texas Land Company. this certifies that the subscribers as the trustees and attorneys of Lorenzo de Zavala, Joseph Vehlein and David G. Burnet, have given and do hereby give to Anthony Dey and his legal representatives the bearer hereof, their consent to the location of, and holding in severalty, one labor of land within the limits of four adjoining tracts of land in Texas ... No. 5549, 177 136/1000 acres",fedoraAdmin,A copyright review process in April 2022 has determined that this particular item is in the public domain. http://rightsstatements.org/vocab/NoC-US/1.0/,https://api-pre.library.tamu.edu/fcrepo/rest/bb/97/f2/3e/bb97f23e-803a-4bd6-8406-06802623554c/charting-texas-revised_objects/20/pages/page_0/files/4980806_1.tif|https://api-pre.library.tamu.edu/fcrepo/rest/bb/97/f2/3e/bb97f23e-803a-4bd6-8406-06802623554c/charting-texas-revised_objects/20/pages/page_1/files/4980806_2.tif,,
G4410 1717 .M6,https://api-pre.library.tamu.edu/fcrepo/rest/bb/97/f2/3e/bb97f23e-803a-4bd6-8406-06802623554c/charting-texas-revised_objects/34/pages|https://api-pre.library.tamu.edu/fcrepo/rest/bb/97/f2/3e/bb97f23e-803a-4bd6-8406-06802623554c/charting-texas-revised_objects/34/orderProxies,,false,1717,StillImage,eng,Mexico--Maps--Early works to 1800|New Spain--Maps--Early works to 1800,Mexico|New Spain,"Held in the Floyd & Louise Chapman Texas & Borderlands Collection at Cushing Memorial Library & Archives on the campus of Texas A&M University, College Station, Texas.",2022-12-14T15:34:54.868000+00:00,2022-12-14T15:34:54.868000+00:00,"A map of Mexico or New Spain, Florida now called Louisiana and part of California & c",https://api-pre.library.tamu.edu/fcrepo/rest/bb/97/f2/3e/bb97f23e-803a-4bd6-8406-06802623554c/charting-texas-revised_objects,reformatted digital|application/tif,5966671,fedoraAdmin,"Moll, Herman, -1732",fedoraAdmin,A copyright review process in April 2022 has determined that this particular item is in the public domain. http://rightsstatements.org/vocab/NoC-US/1.0/,https://api-pre.library.tamu.edu/fcrepo/rest/bb/97/f2/3e/bb97f23e-803a-4bd6-8406-06802623554c/charting-texas-revised_objects/34/pages/page_0/files/5966671.tif,(W 120°--W 80°/N 35°--N 5°),
G4030 1840 .C7,https://api-pre.library.tamu.edu/fcrepo/rest/bb/97/f2/3e/bb97f23e-803a-4bd6-8406-06802623554c/charting-texas-revised_objects/24/orderProxies|https://api-pre.library.tamu.edu/fcrepo/rest/bb/97/f2/3e/bb97f23e-803a-4bd6-8406-06802623554c/charting-texas-revised_objects/24/pages,,false,1840,StillImage,fre,Central America--Maps--19th century|Texas--Maps--19th century|Mexico--Maps|Texas--Maps|Mexico--Maps--19th century,Central America|Mexico|Texas,"Held in the Floyd & Louise Chapman Texas & Borderlands Collection at Cushing Memorial Library & Archives on the campus of Texas A&M University, College Station, Texas.",2022-12-20T16:23:23.415000+00:00,2022-12-20T16:23:23.415000+00:00,"Nouvelle Carte du Mexique, Du Texas Et D'Une Partie Des Etats Limitrophes; Dediee a l'Academie Royale des Sciences de l Institut de France. Par A.H. Brue, Geographe du Roi, Membre de la common. centrale de la societe de Geographie de Paris, membre-honoraire de celle de Londres, & a. Revue et augmentee par Ch. Picquet, Geographe du Roi et du Due d'Orleans, Proprietaire des Cartes et Atlas de Brue, Quai Conti No. 17, pres de l'Institut. Paris, 1840. Publiee en 1834; Revue en 1837, 1839, 1840",https://api-pre.library.tamu.edu/fcrepo/rest/bb/97/f2/3e/bb97f23e-803a-4bd6-8406-06802623554c/charting-texas-revised_objects,reformatted digital|application/tif,5828242,fedoraAdmin,"Bruâe, Adrien Hubert, 1786-1832",fedoraAdmin,A copyright review process in April 2022 has determined that this particular item is in the public domain. http://rightsstatements.org/vocab/NoC-US/1.0/,https://api-pre.library.tamu.edu/fcrepo/rest/bb/97/f2/3e/bb97f23e-803a-4bd6-8406-06802623554c/charting-texas-revised_objects/24/pages/page_0/files/5828242.tif,(W 122°---W 96°/N 44°--N 06°),
G4410 1848 .M3,https://api-pre.library.tamu.edu/fcrepo/rest/bb/97/f2/3e/bb97f23e-803a-4bd6-8406-06802623554c/charting-texas-revised_objects/51/pages|https://api-pre.library.tamu.edu/fcrepo/rest/bb/97/f2/3e/bb97f23e-803a-4bd6-8406-06802623554c/charting-texas-revised_objects/51/orderProxies,"Humboldt, Alexander, von, 1769-1859",false,1848,StillImage,ger,Mexico--Maps|Texas--Maps|Mexico City (Mexico)--Maps|North America--Maps|Indians of North America--Maps|Central America--Maps,Mexico City (Mexico)|Mexico|North America|Texas|Central America,"Held in the Floyd & Louise Chapman Texas & Borderlands Collection at Cushing Memorial Library & Archives on the campus of Texas A&M University, College Station, Texas.|Date of object estimated by library to be 1848.",2022-12-14T15:38:21.947000+00:00,2022-12-14T15:38:21.947000+00:00,Mexico,https://api-pre.library.tamu.edu/fcrepo/rest/bb/97/f2/3e/bb97f23e-803a-4bd6-8406-06802623554c/charting-texas-revised_objects,application/tif|reformatted digital,in00004363373,fedoraAdmin,,fedoraAdmin,A copyright review process in April 2022 has determined that this particular item is in the public domain. http://rightsstatements.org/vocab/NoC-US/1.0/,https://api-pre.library.tamu.edu/fcrepo/rest/bb/97/f2/3e/bb97f23e-803a-4bd6-8406-06802623554c/charting-texas-revised_objects/51/pages/page_0/files/00004363373.tif,(W 127°54ʹ00ʺ--W 80°58ʹ00ʺ/N 41°59ʹ00ʺ--N 14°17ʹ00ʺ),
F390 .U416 1837,https://api-pre.library.tamu.edu/fcrepo/rest/bb/97/f2/3e/bb97f23e-803a-4bd6-8406-06802623554c/charting-texas-revised_objects/9/pages|https://api-pre.library.tamu.edu/fcrepo/rest/bb/97/f2/3e/bb97f23e-803a-4bd6-8406-06802623554c/charting-texas-revised_objects/9/orderProxies,"Forsyth, John 1780-1841|Hunt, Memucan, 1807-1856",false,1837,Text,eng,Texas--Annexation to the United States,Texas,"Date of object determined by library to be 1837.|Held in the Floyd & Louise Chapman Texas & Borderlands Collection at Cushing Memorial Library & Archives on the campus of Texas A&M University, College Station, Texas.",2022-12-14T15:26:01.885000+00:00,2022-12-14T15:26:01.885000+00:00,"Annexation of Texas to the United States: Message from the President of the United States, in compliance with a resolution of the House of Representatives of the 13th instant, respecting an annexation of Texas to the United States.",https://api-pre.library.tamu.edu/fcrepo/rest/bb/97/f2/3e/bb97f23e-803a-4bd6-8406-06802623554c/charting-texas-revised_objects,reformatted digital|application/tif,1125894,fedoraAdmin,United States - Department of State.,fedoraAdmin,A copyright review process in April 2022 has determined that this particular item is in the public domain. http://rightsstatements.org/vocab/NoC-US/1.0/,https://api-pre.library.tamu.edu/fcrepo/rest/bb/97/f2/3e/bb97f23e-803a-4bd6-8406-06802623554c/charting-texas-revised_objects/9/pages/page_0/files/1125894.tif,,
G3300 1845 .D88,https://api-pre.library.tamu.edu/fcrepo/rest/bb/97/f2/3e/bb97f23e-803a-4bd6-8406-06802623554c/charting-texas-revised_objects/55/orderProxies|https://api-pre.library.tamu.edu/fcrepo/rest/bb/97/f2/3e/bb97f23e-803a-4bd6-8406-06802623554c/charting-texas-revised_objects/55/pages,"Antonelli, Giuseppe,--1793-1861|La Renaudière, Philippe François de,--1781-1845",false,1845,StillImage,ita,"Texas--History--Republic, 1836-1846--Maps|Mexico--Maps|Texas--Maps|Guatemala--Maps",Guatemala|Mexico|Texas,"Held in the Mary and Mavis P. Kelsey Americana Collection at Cushing Memorial Library & Archives on the campus of Texas A&M University, College Station, Texas.",2022-12-14T15:39:35.098000+00:00,2022-12-14T15:39:35.098000+00:00,Messico e Guatimala,https://api-pre.library.tamu.edu/fcrepo/rest/bb/97/f2/3e/bb97f23e-803a-4bd6-8406-06802623554c/charting-texas-revised_objects,application/tif|reformatted digital,in00004563015,fedoraAdmin,"Duvotenay, Th. (Thunot), 1796-1875",fedoraAdmin,A copyright review process in April 2022 has determined that this particular item is in the public domain. http://rightsstatements.org/vocab/NoC-US/1.0/,https://api-pre.library.tamu.edu/fcrepo/rest/bb/97/f2/3e/bb97f23e-803a-4bd6-8406-06802623554c/charting-texas-revised_objects/55/pages/page_0/files/00004563015.tif,(W 135°--W 75°/N 45°--N 10°),
G4410 1795 .K5,https://api-pre.library.tamu.edu/fcrepo/rest/bb/97/f2/3e/bb97f23e-803a-4bd6-8406-06802623554c/charting-texas-revised_objects/35/pages|https://api-pre.library.tamu.edu/fcrepo/rest/bb/97/f2/3e/bb97f23e-803a-4bd6-8406-06802623554c/charting-texas-revised_objects/35/orderProxies,"Robertson, William",false,1795,StillImage,eng,Southwestern States--Historical geography--Maps|Mexico--Maps|Mexico City (Mexico)--Maps|Mexico--Mexico City|Discoveries in geography|Mexico--Discovery and exploration--Maps,Mexico City|Mexico|Southwestern States,"Held in the Floyd & Louise Chapman Texas & Borderlands Collection at Cushing Memorial Library & Archives on the campus of Texas A&M University, College Station, Texas.",2022-12-16T15:30:59.282000+00:00,2022-12-16T15:30:59.282000+00:00,Mexico or New Spain: in which the motions of Cortes may be traced,https://api-pre.library.tamu.edu/fcrepo/rest/bb/97/f2/3e/bb97f23e-803a-4bd6-8406-06802623554c/charting-texas-revised_objects,application/tif|reformatted digital,5966672,fedoraAdmin,"Kitchin, Thomas, 1718-1784",fedoraAdmin,A copyright review process in April 2022 has determined that this particular item is in the public domain. http://rightsstatements.org/vocab/NoC-US/1.0/,https://api-pre.library.tamu.edu/fcrepo/rest/bb/97/f2/3e/bb97f23e-803a-4bd6-8406-06802623554c/charting-texas-revised_objects/35/pages/page_0/files/5966672.tif,(W 127°11ʹ00ʺ--W 86°09ʹ00ʺ/N 43°15ʹ00ʺ--N 16°27ʹ00ʺ),
G4030 1908 .A5,https://api-pre.library.tamu.edu/fcrepo/rest/bb/97/f2/3e/bb97f23e-803a-4bd6-8406-06802623554c/charting-texas-revised_objects/61/orderProxies|https://api-pre.library.tamu.edu/fcrepo/rest/bb/97/f2/3e/bb97f23e-803a-4bd6-8406-06802623554c/charting-texas-revised_objects/61/pages,"American Farm Lands Assn.,",false,1908,StillImage|Text,eng,Real property--Texas--Texas Panhandle--Maps.|Real property--Texas--Sherman County--Maps,Texas,"Held in the Floyd & Louise Chapman Texas & Borderlands Collection at Cushing Memorial Library & Archives on the campus of Texas A&M University, College Station, Texas.",2022-12-16T16:57:08.624000+00:00,2022-12-16T16:57:08.624000+00:00,"Map of Texas : get a nice, choice level farm in Sherman County, Texas, no money down, no interest, no brokerage, no taxes.",https://api-pre.library.tamu.edu/fcrepo/rest/bb/97/f2/3e/bb97f23e-803a-4bd6-8406-06802623554c/charting-texas-revised_objects,application/tif|reformatted digital,,fedoraAdmin,Kenyon Company,fedoraAdmin,A copyright review process in April 2022 has determined that this particular item is in the public domain. http://rightsstatements.org/vocab/NoC-US/1.0/,https://api-pre.library.tamu.edu/fcrepo/rest/bb/97/f2/3e/bb97f23e-803a-4bd6-8406-06802623554c/charting-texas-revised_objects/61/pages/page_0/files/4766751.tif,,
G4031.E27 1847 .F3,https://api-pre.library.tamu.edu/fcrepo/rest/bb/97/f2/3e/bb97f23e-803a-4bd6-8406-06802623554c/charting-texas-revised_objects/41/orderProxies|https://api-pre.library.tamu.edu/fcrepo/rest/bb/97/f2/3e/bb97f23e-803a-4bd6-8406-06802623554c/charting-texas-revised_objects/41/pages,"Solms-Braunfels, Carl",false,1847,StillImage,ger,Texas--Emigration and immigration--Maps|Germany--Colonization--Texas--Maps|Texas--Maps|Adelsverein--Maps,Texas,"Held in the Floyd & Louise Chapman Texas & Borderlands Collection at Cushing Memorial Library & Archives on the campus of Texas A&M University, College Station, Texas.",2022-12-14T15:36:57.627000+00:00,2022-12-14T15:36:57.627000+00:00,Texas: eine geographische Skizze bearbeitet nach Berghaus Länderkunde und den neuesten Forschungen des Prinzen Carl zu Solms Braunfels und anderer Reisenden,https://api-pre.library.tamu.edu/fcrepo/rest/bb/97/f2/3e/bb97f23e-803a-4bd6-8406-06802623554c/charting-texas-revised_objects,application/tif|reformatted digital,6336467,fedoraAdmin,"Farmer, Walter",fedoraAdmin,A copyright review process in April 2022 has determined that this particular item is in the public domain. http://rightsstatements.org/vocab/NoC-US/1.0/,https://api-pre.library.tamu.edu/fcrepo/rest/bb/97/f2/3e/bb97f23e-803a-4bd6-8406-06802623554c/charting-texas-revised_objects/41/pages/page_0/files/6336467.tif,,
F389 .G33 1835,https://api-pre.library.tamu.edu/fcrepo/rest/bb/97/f2/3e/bb97f23e-803a-4bd6-8406-06802623554c/charting-texas-revised_objects/65/pages|https://api-pre.library.tamu.edu/fcrepo/rest/bb/97/f2/3e/bb97f23e-803a-4bd6-8406-06802623554c/charting-texas-revised_objects/65/orderProxies,"Zavala, Lorenzo de|Whitney, Stephen|Burney, David G.|Griswold, George|Dey, Anthony|Curtis, George|Vehlein, Joseph|Sumner, William",false,1835,Text|StillImage,eng,Land grants|Texas--Description and travel|Texas --History|Land grants--Texas|Land companies,Texas,"Held in the Floyd & Louise Chapman Texas & Borderlands Collection at Cushing Memorial Library & Archives on the campus of Texas A&M University, College Station, Texas.",2022-12-14T15:42:12.427000+00:00,2022-12-14T15:42:12.427000+00:00,The Galveston Bay and Texas Land Company.,https://api-pre.library.tamu.edu/fcrepo/rest/bb/97/f2/3e/bb97f23e-803a-4bd6-8406-06802623554c/charting-texas-revised_objects,application/tif|reformatted digital,,fedoraAdmin,Galveston Bay and Texas Land Company.,fedoraAdmin,A copyright review process in April 2022 has determined that this particular item is in the public domain. http://rightsstatements.org/vocab/NoC-US/1.0/,https://api-pre.library.tamu.edu/fcrepo/rest/bb/97/f2/3e/bb97f23e-803a-4bd6-8406-06802623554c/charting-texas-revised_objects/65/pages/page_0/files/GalBay.tif,,
G1100.C64 1856,https://api-pre.library.tamu.edu/fcrepo/rest/bb/97/f2/3e/bb97f23e-803a-4bd6-8406-06802623554c/charting-texas-revised_objects/16/orderProxies|https://api-pre.library.tamu.edu/fcrepo/rest/bb/97/f2/3e/bb97f23e-803a-4bd6-8406-06802623554c/charting-texas-revised_objects/16/pages,"Fisher, Richard Swainson",false,1856,StillImage,eng,America--Maps,America,"Held in the Floyd & Louise Chapman Texas & Borderlands Collection at Cushing Memorial Library & Archives on the campus of Texas A&M University, College Station, Texas.",2022-12-14T15:27:41.469000+00:00,2022-12-14T15:27:41.469000+00:00,Colton's atlas of America: illustrating the physical and political geography of North and South America and the West India islands,https://api-pre.library.tamu.edu/fcrepo/rest/bb/97/f2/3e/bb97f23e-803a-4bd6-8406-06802623554c/charting-texas-revised_objects,application/tif|reformatted digital,2833020,fedoraAdmin,"Colton, G. Woolworth, (George Woolworth), 1827-1901",fedoraAdmin,A copyright review process in April 2022 has determined that this particular item is in the public domain. http://rightsstatements.org/vocab/NoC-US/1.0/,https://api-pre.library.tamu.edu/fcrepo/rest/bb/97/f2/3e/bb97f23e-803a-4bd6-8406-06802623554c/charting-texas-revised_objects/16/pages/page_0/files/2833020_1.tif|https://api-pre.library.tamu.edu/fcrepo/rest/bb/97/f2/3e/bb97f23e-803a-4bd6-8406-06802623554c/charting-texas-revised_objects/16/pages/page_1/files/2833020_2.tif,,
