tamudigital_localcountry,dc_citation,dc_subject,dcterms_URL,dc_creator,fedora_lastModified,ldp_contains,dcterms_created,fedora_lastModifiedBy,fedora_writable,dcterms_otherIdentifier,dcterms_rightsHolder,dcterms_isPartOfSeries,dc_title,dcterms_rightsURI,dcterms_isPartOf,fedora_created,dc_abstract,fedora_createdBy,fedora_hasParent,dc_rights,files,dcterms_abstract
USA,"Lewis Carroll. Alice in Wonderland. Borders Press, 2002", White Rabbit | King of Hearts | Cards | Trial| Queen of Hearts |Alice ,https://libcat.tamu.edu/vwebv/holdingsInfo?bibId=4702618,Cinzia Ratto,2019-05-13T20:23:22.608000+00:00,https://api.library.tamu.edu/fcrepo/rest/3b/6f/c3/25/3b6fc325-f6ca-41d8-b91e-8c5db3be8c13/alice_in_wonderland_objects/alice-4702618-2002_01/orderProxies|https://api.library.tamu.edu/fcrepo/rest/3b/6f/c3/25/3b6fc325-f6ca-41d8-b91e-8c5db3be8c13/alice_in_wonderland_objects/alice-4702618-2002_01/pages,2002,fedoraAdmin,false,4702618,Illustrator,"""Who in the world am I? Ah, that's the great puzzle!"": The Faces of Alice in Wonderland",Off with their heads!,http://rightsstatements.org/page/InC/1.0/?language=en,Cushing Library. Children's Collection,2019-01-10T22:02:07.334000+00:00,"Ratto is an Italian artist whose illustrations, colorful and charming, have graced a number of children's books besides Alice, including The Wild Swans, Jack and the Beanstalk, and the fairy tales of Oscar Wilde.  Here she has depicted a bemused Alice confronting the angry Queen of Hearts, who has just discovered that three of her gardeners are painting a bush of white roses red.",fedoraAdmin,https://api.library.tamu.edu/fcrepo/rest/3b/6f/c3/25/3b6fc325-f6ca-41d8-b91e-8c5db3be8c13/alice_in_wonderland_objects,"A copyright review process in August 2018 has determined that this particular item is in copyright, but the rights holder is unclear or unresponsive.  The Libraries provide access to the materials here as a digital aggregate under an assertion of fair use for non-commercial educational use (17 U.S. Code § 107) as well as of fair dealing for the illustrations published in the UK (Copyright, Designs and Patent Act 1988 [UK]). The written permission of any copyright and other rights holders is required for distribution, reproduction, or other use that extends beyond what is authorized by fair use and other statutory exemptions. Responsibility for making an independent legal assessment of an item and securing any necessary permissions ultimately rests with persons desiring to use the item. TAMU Libraries would be interested in updating the copyright holder information on items displayed in these collections.  Please use the contact method provided below to help update these records for future researchers.",https://api.library.tamu.edu/fcrepo/rest/3b/6f/c3/25/3b6fc325-f6ca-41d8-b91e-8c5db3be8c13/alice_in_wonderland_objects/alice-4702618-2002_01/pages/page_0/files/alice-4702618-2002_01.tif|https://api.library.tamu.edu/fcrepo/rest/3b/6f/c3/25/3b6fc325-f6ca-41d8-b91e-8c5db3be8c13/alice_in_wonderland_objects/alice-4702618-2002_01/pages/page_0/files/b2/9a/ae/cf/b29aaecf-06d0-41f6-a23b-a0f606fc5229,
England,"Lewis Carroll. Alice's Adventures in Wonderland. Readers Library, 1932",Alice | Mushroom | Flapper,https://libcat.tamu.edu/vwebv/holdingsInfo?bibId=4718342,Hume Henderson,2019-05-30T18:21:23.971000+00:00,https://api.library.tamu.edu/fcrepo/rest/3b/6f/c3/25/3b6fc325-f6ca-41d8-b91e-8c5db3be8c13/alice_in_wonderland_objects/alice-4718342-1932_01/pages|https://api.library.tamu.edu/fcrepo/rest/3b/6f/c3/25/3b6fc325-f6ca-41d8-b91e-8c5db3be8c13/alice_in_wonderland_objects/alice-4718342-1932_01/orderProxies,1932,fedoraAdmin,false,4718342,Illustrator,"""Who in the world am I? Ah, that's the great puzzle!"": The Faces of Alice in Wonderland",Alice and the mushroom,http://rightsstatements.org/page/InC-RUU/1.0/?language=en,Cushing Library. Children's Collection,2019-01-10T22:02:21.610000+00:00,"Henderson's Alice is very much a girl of her time, wearing a flapper dress, with her hair cut in a fashionable bob.  She is eating a bit of mushroom, which will go on to make her neck longer, until she is so tall that she can no longer see her feet.",fedoraAdmin,https://api.library.tamu.edu/fcrepo/rest/3b/6f/c3/25/3b6fc325-f6ca-41d8-b91e-8c5db3be8c13/alice_in_wonderland_objects,"A copyright review process in August 2018 has determined that this particular item is in copyright, but the rights holder is unclear or unresponsive.  The Libraries provide access to the materials here as a digital aggregate under an assertion of fair use for non-commercial educational use (17 U.S. Code § 107) as well as of fair dealing for the illustrations published in the UK (Copyright, Designs and Patent Act 1988 [UK]). The written permission of any copyright and other rights holders is required for distribution, reproduction, or other use that extends beyond what is authorized by fair use and other statutory exemptions. Responsibility for making an independent legal assessment of an item and securing any necessary permissions ultimately rests with persons desiring to use the item. TAMU Libraries would be interested in updating the copyright holder information on items displayed in these collections.  Please use the contact method provided below to help update these records for future researchers.",https://api.library.tamu.edu/fcrepo/rest/3b/6f/c3/25/3b6fc325-f6ca-41d8-b91e-8c5db3be8c13/alice_in_wonderland_objects/alice-4718342-1932_01/pages/page_0/files/alice-4718342-1932_01.tif|https://api.library.tamu.edu/fcrepo/rest/3b/6f/c3/25/3b6fc325-f6ca-41d8-b91e-8c5db3be8c13/alice_in_wonderland_objects/alice-4718342-1932_01/pages/page_0/files/fb/52/69/4f/fb52694f-c0d0-4bac-8875-9eced5c7ee4c,
Ireland?,"Lewis Carroll. Alice Aforethought. Arthur Guinness, Sons & Co., 1938", Duchess|Alice ,https://libcat.tamu.edu/vwebv/holdingsInfo?bibId=4904925,Ralph Gore Antony Groves-Raines,2019-05-13T20:07:04.016000+00:00,https://api.library.tamu.edu/fcrepo/rest/3b/6f/c3/25/3b6fc325-f6ca-41d8-b91e-8c5db3be8c13/alice_in_wonderland_objects/alice-4904925-1939_01/pages|https://api.library.tamu.edu/fcrepo/rest/3b/6f/c3/25/3b6fc325-f6ca-41d8-b91e-8c5db3be8c13/alice_in_wonderland_objects/alice-4904925-1939_01/orderProxies,1938,fedoraAdmin,false,4904925,Publisher or illustrator? 1938,"""Who in the world am I? Ah, that's the great puzzle!"": The Faces of Alice in Wonderland",Alice with a Flamingo,http://rightsstatements.org/page/InC/1.0/?language=en,Cushing Library. Children's Collection,2019-01-10T22:02:22.889000+00:00,"The illustrations by Groves-Reines are remarkably similar in style to the classic illustrations by Sir John Tenniel.  Likewise, this story is written remarkably like the original Alice in Wonderland, but with references to Guinness beer throughout.  Here, we see Alice and the Duchess discussing a glass of Guinness that is nearly as tall as they are.",fedoraAdmin,https://api.library.tamu.edu/fcrepo/rest/3b/6f/c3/25/3b6fc325-f6ca-41d8-b91e-8c5db3be8c13/alice_in_wonderland_objects,"A copyright review process in August 2018 has determined that this particular item is in copyright, but the rights holder is unclear or unresponsive.  The Libraries provide access to the materials here as a digital aggregate under an assertion of fair use for non-commercial educational use (17 U.S. Code § 107) as well as of fair dealing for the illustrations published in the UK (Copyright, Designs and Patent Act 1988 [UK]). The written permission of any copyright and other rights holders is required for distribution, reproduction, or other use that extends beyond what is authorized by fair use and other statutory exemptions. Responsibility for making an independent legal assessment of an item and securing any necessary permissions ultimately rests with persons desiring to use the item. TAMU Libraries would be interested in updating the copyright holder information on items displayed in these collections.  Please use the contact method provided below to help update these records for future researchers.",https://api.library.tamu.edu/fcrepo/rest/3b/6f/c3/25/3b6fc325-f6ca-41d8-b91e-8c5db3be8c13/alice_in_wonderland_objects/alice-4904925-1939_01/pages/page_0/files/65/c3/a4/16/65c3a416-5994-4744-aec5-cc69393cefab|https://api.library.tamu.edu/fcrepo/rest/3b/6f/c3/25/3b6fc325-f6ca-41d8-b91e-8c5db3be8c13/alice_in_wonderland_objects/alice-4904925-1939_01/pages/page_0/files/alice-4904925-1939_01.tif,
,,,,,2019-04-21T17:28:23.570000+00:00,https://api.library.tamu.edu/fcrepo/rest/3b/6f/c3/25/3b6fc325-f6ca-41d8-b91e-8c5db3be8c13/alice_in_wonderland_objects/alice-4706911-2008_01/orderProxies|https://api.library.tamu.edu/fcrepo/rest/3b/6f/c3/25/3b6fc325-f6ca-41d8-b91e-8c5db3be8c13/alice_in_wonderland_objects/alice-4706911-2008_01/pages,,fedoraAdmin,false,,,,Alice standing before the jury for the trial of the Knave of Hearts,,,2019-01-10T22:02:13.067000+00:00,,fedoraAdmin,https://api.library.tamu.edu/fcrepo/rest/3b/6f/c3/25/3b6fc325-f6ca-41d8-b91e-8c5db3be8c13/alice_in_wonderland_objects,,https://api.library.tamu.edu/fcrepo/rest/3b/6f/c3/25/3b6fc325-f6ca-41d8-b91e-8c5db3be8c13/alice_in_wonderland_objects/alice-4706911-2008_01/pages/page_0/files/alice-4706911-2008_01.tif,
Egypt,"Lewis Carroll. Alīs fī bilād al-ʻajāʼib. Dār al-Maʻārif, 1995", Pig | Queen of Hearts |Alice | Cheshire Cat,https://libcat.tamu.edu/vwebv/holdingsInfo?bibId=4702848,"ʻAbd Allāh al-Kabīr, editor?",2019-09-18T15:11:17.356000+00:00,https://api.library.tamu.edu/fcrepo/rest/3b/6f/c3/25/3b6fc325-f6ca-41d8-b91e-8c5db3be8c13/alice_in_wonderland_objects/alice-4702848-1995_02/orderProxies|https://api.library.tamu.edu/fcrepo/rest/3b/6f/c3/25/3b6fc325-f6ca-41d8-b91e-8c5db3be8c13/alice_in_wonderland_objects/alice-4702848-1995_02/pages,1995 or thereabouts,fedoraAdmin,false,4702848,Illustrator,"""Who in the world am I? Ah, that's the great puzzle!"": The Faces of Alice in Wonderland",Alice and the Queen of Hearts,http://rightsstatements.org/page/InC-RUU/1.0/?language=en,Cushing Library. Children's Collection,2019-01-10T22:02:08.127000+00:00,"This version of Alice,  translated into Arabic, is part of the ""Green Library for Children"" series.  The illustrator is unknown, but Alice's adventure is depicted in a whimsical and colorful manner.  The cover shows a wide-eyed Alice with brown pigtails, standing with a young Queen of Hearts in a blue dress.",fedoraAdmin,https://api.library.tamu.edu/fcrepo/rest/3b/6f/c3/25/3b6fc325-f6ca-41d8-b91e-8c5db3be8c13/alice_in_wonderland_objects,"A copyright review process in August 2018 has determined that this particular item is in copyright, but the rights holder is unclear or unresponsive.  The Libraries provide access to the materials here as a digital aggregate under an assertion of fair use for non-commercial educational use (17 U.S. Code § 107) as well as of fair dealing for the illustrations published in the UK (Copyright, Designs and Patent Act 1988 [UK]). The written permission of any copyright and other rights holders is required for distribution, reproduction, or other use that extends beyond what is authorized by fair use and other statutory exemptions. Responsibility for making an independent legal assessment of an item and securing any necessary permissions ultimately rests with persons desiring to use the item. TAMU Libraries would be interested in updating the copyright holder information on items displayed in these collections.  Please use the contact method provided below to help update these records for future researchers.",https://api.library.tamu.edu/fcrepo/rest/3b/6f/c3/25/3b6fc325-f6ca-41d8-b91e-8c5db3be8c13/alice_in_wonderland_objects/alice-4702848-1995_02/pages/page_0/files/f2/6b/5c/d4/f26b5cd4-1b82-4ce6-9c20-3e46423efe62|https://api.library.tamu.edu/fcrepo/rest/3b/6f/c3/25/3b6fc325-f6ca-41d8-b91e-8c5db3be8c13/alice_in_wonderland_objects/alice-4702848-1995_02/pages/page_0/files/alice-4702848-1995_02.tif,
England,"Lewis Carroll. Through the Looking-Glass and What Alice Found There. Inky Parrot Press, 2015",Jabberwocky,https://libcat.tamu.edu/vwebv/holdingsInfo?bibId=5289917,Angel Dominguez,2019-05-13T20:28:38.977000+00:00,https://api.library.tamu.edu/fcrepo/rest/3b/6f/c3/25/3b6fc325-f6ca-41d8-b91e-8c5db3be8c13/alice_in_wonderland_objects/alice-5289917-2015_01/orderProxies|https://api.library.tamu.edu/fcrepo/rest/3b/6f/c3/25/3b6fc325-f6ca-41d8-b91e-8c5db3be8c13/alice_in_wonderland_objects/alice-5289917-2015_01/pages,2015,fedoraAdmin,false,5289917,Illustrator,"""Who in the world am I? Ah, that's the great puzzle!"": The Faces of Alice in Wonderland",Warrior Alice with Jabberwock,http://rightsstatements.org/page/InC/1.0/?language=en,Cushing Library. Children's Collection,2019-01-10T22:02:24.531000+00:00,"Here Dominguez, a Spanish illustrator of children's books, presents a scene that does not, in fact, appear in the novel.  Alice, depicted as a warrior knight (similar to her portrayal by Mia Wasikowska in Tim Burton's 2010 Alice in Wonderland film), is confronting the Jabberwock, who here appears as something of a hybrid of a dragon and the Xenomorph from the Alien films.",fedoraAdmin,https://api.library.tamu.edu/fcrepo/rest/3b/6f/c3/25/3b6fc325-f6ca-41d8-b91e-8c5db3be8c13/alice_in_wonderland_objects,"A copyright review process in August 2018 has determined that this particular item is in copyright, but the rights holder is unclear or unresponsive.  The Libraries provide access to the materials here as a digital aggregate under an assertion of fair use for non-commercial educational use (17 U.S. Code § 107) as well as of fair dealing for the illustrations published in the UK (Copyright, Designs and Patent Act 1988 [UK]). The written permission of any copyright and other rights holders is required for distribution, reproduction, or other use that extends beyond what is authorized by fair use and other statutory exemptions. Responsibility for making an independent legal assessment of an item and securing any necessary permissions ultimately rests with persons desiring to use the item. TAMU Libraries would be interested in updating the copyright holder information on items displayed in these collections.  Please use the contact method provided below to help update these records for future researchers.",https://api.library.tamu.edu/fcrepo/rest/3b/6f/c3/25/3b6fc325-f6ca-41d8-b91e-8c5db3be8c13/alice_in_wonderland_objects/alice-5289917-2015_01/pages/page_0/files/alice-5289917-2015_01.jpg,
USA,"Lewis Carroll. Alice's Adventures in Wonderland and Through the Looking Glass & What Alice Found There (the Pennyroyal Editions). University of California Press, 1982-1983",Alice,https://libcat.tamu.edu/vwebv/holdingsInfo?bibId=2240750,Barry Moser,2019-09-18T16:22:33.196000+00:00,https://api.library.tamu.edu/fcrepo/rest/3b/6f/c3/25/3b6fc325-f6ca-41d8-b91e-8c5db3be8c13/alice_in_wonderland_objects/alice-2240750-1982_01/orderProxies|https://api.library.tamu.edu/fcrepo/rest/3b/6f/c3/25/3b6fc325-f6ca-41d8-b91e-8c5db3be8c13/alice_in_wonderland_objects/alice-2240750-1982_01/pages,1982,fedoraAdmin,false,2240750,Illustrator,"""Who in the world am I? Ah, that's the great puzzle!"": The Faces of Alice in Wonderland",Touseled Alice,http://rightsstatements.org/page/InC/1.0/?language=en,Cushing Library. Children's Collection,2019-01-10T22:01:53.696000+00:00,"This simple rendering of Alice is from famed illustrator, book designer, and printmaker Moser, whose works also include illustrated versions of The Holy Bible, Moby Dick, Dracula, Frankenstein, The Wizard of Oz, and The Adventures of Huckleberry Finn.  Moser's edition of Alice won the 1983 National Book Award for Design and Illustration.",fedoraAdmin,https://api.library.tamu.edu/fcrepo/rest/3b/6f/c3/25/3b6fc325-f6ca-41d8-b91e-8c5db3be8c13/alice_in_wonderland_objects,"A copyright review process in August 2018 has determined that this particular item is in copyright, but the rights holder is unclear or unresponsive.  The Libraries provide access to the materials here as a digital aggregate under an assertion of fair use for non-commercial educational use (17 U.S. Code § 107) as well as of fair dealing for the illustrations published in the UK (Copyright, Designs and Patent Act 1988 [UK]). The written permission of any copyright and other rights holders is required for distribution, reproduction, or other use that extends beyond what is authorized by fair use and other statutory exemptions. Responsibility for making an independent legal assessment of an item and securing any necessary permissions ultimately rests with persons desiring to use the item. TAMU Libraries would be interested in updating the copyright holder information on items displayed in these collections.  Please use the contact method provided below to help update these records for future researchers.",https://api.library.tamu.edu/fcrepo/rest/3b/6f/c3/25/3b6fc325-f6ca-41d8-b91e-8c5db3be8c13/alice_in_wonderland_objects/alice-2240750-1982_01/pages/page_0/files/9a/a5/ec/ec/9aa5ecec-fa57-44f4-becc-2e921cafdb33|https://api.library.tamu.edu/fcrepo/rest/3b/6f/c3/25/3b6fc325-f6ca-41d8-b91e-8c5db3be8c13/alice_in_wonderland_objects/alice-2240750-1982_01/pages/page_0/files/alice-2240750-1982_01.tif,
England,"Lewis Carroll. Through the Looking Glass and What Alice Found There. Macmillan and Co., 1872", Looking-glass|Alice ,https://libcat.tamu.edu/vwebv/holdingsInfo?bibId=5444629,Sir John Tenniel,2019-05-13T19:59:47.412000+00:00,https://api.library.tamu.edu/fcrepo/rest/3b/6f/c3/25/3b6fc325-f6ca-41d8-b91e-8c5db3be8c13/alice_in_wonderland_objects/alice-5444629-1872_01/pages|https://api.library.tamu.edu/fcrepo/rest/3b/6f/c3/25/3b6fc325-f6ca-41d8-b91e-8c5db3be8c13/alice_in_wonderland_objects/alice-5444629-1872_01/orderProxies,1872,fedoraAdmin,false,5444629,Public domain,"""Who in the world am I? Ah, that's the great puzzle!"": The Faces of Alice in Wonderland","Alice passing through the Looking-glass, from the chapter ""Looking-Glass House"", Through the Looking Glass and What Alice Found There",http://rightsstatements.org/page/NoC-US/1.0/?language=en,Cushing Library. Children's Collection,2019-01-10T22:02:32.106000+00:00,"Through the Looking Glass, And What Alice Found There. Lewis Carroll. Macmillan and Company, 1872. Illustrated by Sir John Tenniel. First edition.",fedoraAdmin,https://api.library.tamu.edu/fcrepo/rest/3b/6f/c3/25/3b6fc325-f6ca-41d8-b91e-8c5db3be8c13/alice_in_wonderland_objects,A copyright review process in August 2018 has determined that this particular item is in the public domain since the book in which this illustration appeared was published pre-1923.,https://api.library.tamu.edu/fcrepo/rest/3b/6f/c3/25/3b6fc325-f6ca-41d8-b91e-8c5db3be8c13/alice_in_wonderland_objects/alice-5444629-1872_01/pages/page_0/files/57/ab/75/05/57ab7505-ed32-4fb2-9b30-7cda04ed372f|https://api.library.tamu.edu/fcrepo/rest/3b/6f/c3/25/3b6fc325-f6ca-41d8-b91e-8c5db3be8c13/alice_in_wonderland_objects/alice-5444629-1872_01/pages/page_0/files/alice-5444629-1872_01.tif,
England,"Lewis Carroll. Alice's Adventures in Wonderland. Macmillan and Co., 1867", Pig|Alice ,https://libcat.tamu.edu/vwebv/holdingsInfo?bibId=5694328,Sir John Tenniel,2019-05-13T20:18:15.827000+00:00,https://api.library.tamu.edu/fcrepo/rest/3b/6f/c3/25/3b6fc325-f6ca-41d8-b91e-8c5db3be8c13/alice_in_wonderland_objects/alice-5694328-1867_01/pages|https://api.library.tamu.edu/fcrepo/rest/3b/6f/c3/25/3b6fc325-f6ca-41d8-b91e-8c5db3be8c13/alice_in_wonderland_objects/alice-5694328-1867_01/orderProxies,1867,fedoraAdmin,false,5694328,Public domain,"""Who in the world am I? Ah, that's the great puzzle!"": The Faces of Alice in Wonderland","From the chapter ""Pig and Pepper"", Alice's Adventures in Wonderland",http://rightsstatements.org/page/NoC-US/1.0/?language=en,Cushing Library. Children's Collection,2019-01-10T22:02:36.213000+00:00,"Alice’s Adventures in Wonderland. Lewis Carroll. Macmillan and Co, 1867. Illustrated by Sir John Tenniel. Second edition.",fedoraAdmin,https://api.library.tamu.edu/fcrepo/rest/3b/6f/c3/25/3b6fc325-f6ca-41d8-b91e-8c5db3be8c13/alice_in_wonderland_objects,A copyright review process in August 2018 has determined that this particular item is in the public domain since the book in which this illustration appeared was published pre-1923.,https://api.library.tamu.edu/fcrepo/rest/3b/6f/c3/25/3b6fc325-f6ca-41d8-b91e-8c5db3be8c13/alice_in_wonderland_objects/alice-5694328-1867_01/pages/page_0/files/c9/d8/a2/fd/c9d8a2fd-6343-4b03-b5bf-e26640d735d4|https://api.library.tamu.edu/fcrepo/rest/3b/6f/c3/25/3b6fc325-f6ca-41d8-b91e-8c5db3be8c13/alice_in_wonderland_objects/alice-5694328-1867_01/pages/page_0/files/alice-5694328-1867_01.tif,
USA,"Lewis Carroll. Alice, Lewis Carroll's Through the Looking Glass and What Alice Found There (Illustrated by Ralph Steadman). C.N. Potter, 1973",Alice,https://libcat.tamu.edu/vwebv/holdingsInfo?bibId=2240746,Ralph Steadman,2019-05-30T18:33:27.110000+00:00,https://api.library.tamu.edu/fcrepo/rest/3b/6f/c3/25/3b6fc325-f6ca-41d8-b91e-8c5db3be8c13/alice_in_wonderland_objects/alice-steadman-1973_01/orderProxies|https://api.library.tamu.edu/fcrepo/rest/3b/6f/c3/25/3b6fc325-f6ca-41d8-b91e-8c5db3be8c13/alice_in_wonderland_objects/alice-steadman-1973_01/pages,1973,fedoraAdmin,false,2240746,Illustrator,"""Who in the world am I? Ah, that's the great puzzle!"": The Faces of Alice in Wonderland",Wool and Water,http://rightsstatements.org/page/InC/1.0/?language=en,Cushing Library. Children's Collection,2019-01-10T22:02:36.466000+00:00,"In this illustration, Alice has just passed from the Fifth Square to the Sixth.  The White Queen has transformed into a shopkeeping sheep, and in moments the shop has become a boat floating down a river.  Ralph Steadman is an English illustrator and political and social caricaturist, best known for his longtime artistic collaboration with Hunter S. Thompson.",fedoraAdmin,https://api.library.tamu.edu/fcrepo/rest/3b/6f/c3/25/3b6fc325-f6ca-41d8-b91e-8c5db3be8c13/alice_in_wonderland_objects,"A copyright review process in August 2018 has determined that this particular illustration is still in copyright, held by the illustrator, Ralph Steadman (©1973), who graciously shared permission for Texas A&M University Libraries to display this image in this online exhibit.  The written permission of any copyright and other rights holders is required for distribution, reproduction, or other use that extends beyond what is authorized by fair use and other statutory exemptions. Responsibility for making an independent legal assessment of an item and securing any necessary permissions ultimately rests with persons desiring to use the item.  Please refer to: http://www.ralphsteadmanartcollection.com/ .",https://api.library.tamu.edu/fcrepo/rest/3b/6f/c3/25/3b6fc325-f6ca-41d8-b91e-8c5db3be8c13/alice_in_wonderland_objects/alice-steadman-1973_01/pages/page_0/files/alice-steadman-1973_01.jpg,
USA,"Lewis Carroll. Alice's Adventures in Wonderland and Through the Looking Glass and What Alice Found There. CFM Gallery, 2012",Alice | Red Queen | White Queen ,https://libcat.tamu.edu/vwebv/holdingsInfo?bibId=4706908,Anne Bachelier,2019-05-13T20:24:24.908000+00:00,https://api.library.tamu.edu/fcrepo/rest/3b/6f/c3/25/3b6fc325-f6ca-41d8-b91e-8c5db3be8c13/alice_in_wonderland_objects/alice-4706908-2012_01/orderProxies|https://api.library.tamu.edu/fcrepo/rest/3b/6f/c3/25/3b6fc325-f6ca-41d8-b91e-8c5db3be8c13/alice_in_wonderland_objects/alice-4706908-2012_01/pages,2012,fedoraAdmin,false,4706908,Illustrator,"""Who in the world am I? Ah, that's the great puzzle!"": The Faces of Alice in Wonderland",Queen Alice,http://rightsstatements.org/page/InC/1.0/?language=en,Cushing Library. Children's Collection,2019-01-10T22:02:15.942000+00:00,"Bachelier is a noted French illustrator and artist who utilizes colorful and flowing, almost dreamlike, imagery for both Alice novels.  This scene is near the end of Through the Looking Glass, in which Alice, having crossed the chessboard of Looking-Glass Land from the Seventh to the Eighth Square, has changed from a pawn to  a queen.  She sits with her fellow monarchs, the Red and White Queens.",fedoraAdmin,https://api.library.tamu.edu/fcrepo/rest/3b/6f/c3/25/3b6fc325-f6ca-41d8-b91e-8c5db3be8c13/alice_in_wonderland_objects,"A copyright review process in August 2018 has determined that this particular illustration is still in copyright, held by the illustrator, Anne Bachelier (©2012), who graciously shared permission for Texas A&M University Libraries to display this image in this online exhibit.  The written permission of any copyright and other rights holders is required for distribution, reproduction, or other use that extends beyond what is authorized by fair use and other statutory exemptions. Responsibility for making an independent legal assessment of an item and securing any necessary permissions ultimately rests with persons desiring to use the item.  Please refer to: http://cfmgallery.com/books.html .",https://api.library.tamu.edu/fcrepo/rest/3b/6f/c3/25/3b6fc325-f6ca-41d8-b91e-8c5db3be8c13/alice_in_wonderland_objects/alice-4706908-2012_01/pages/page_0/files/alice-4706908-2012_01.tif|https://api.library.tamu.edu/fcrepo/rest/3b/6f/c3/25/3b6fc325-f6ca-41d8-b91e-8c5db3be8c13/alice_in_wonderland_objects/alice-4706908-2012_01/pages/page_0/files/d7/8f/a8/34/d78fa834-2340-4d9b-ae3b-9f6ca8c54f08,
England,"Lewis Carroll. Alice's Adventures in Wonderland (Centenary Edition). Hodder & Stroughton, 1932", Caterpillar |Alice | Mushroom,https://libcat.tamu.edu/vwebv/holdingsInfo?bibId=4032071,Gwynedd M. Hudson,2019-05-30T18:19:23.590000+00:00,https://api.library.tamu.edu/fcrepo/rest/3b/6f/c3/25/3b6fc325-f6ca-41d8-b91e-8c5db3be8c13/alice_in_wonderland_objects/alice-4032071-1932_01/pages|https://api.library.tamu.edu/fcrepo/rest/3b/6f/c3/25/3b6fc325-f6ca-41d8-b91e-8c5db3be8c13/alice_in_wonderland_objects/alice-4032071-1932_01/orderProxies,1932,fedoraAdmin,false,4032071,Public domain,"""Who in the world am I? Ah, that's the great puzzle!"": The Faces of Alice in Wonderland",Alice and the Caterpillar,http://rightsstatements.org/page/NoC-US/1.0/?language=en,Cushing Library. Children's Collection,2019-01-10T22:02:08.586000+00:00,"Hudson (1909-1935) was a painter and poster artist who illustrated editions both of Alice and of J.M. Barrie's Peter Pan and Wendy.  Her illustrations of Alice are among the more well-known extant.  Here Hudson depicts the meeting between Alice and the hookah-smoking Caterpillar, an encounter particularly maddening for Alice because of the Caterpillar's rude questions and gnomic utterances.",fedoraAdmin,https://api.library.tamu.edu/fcrepo/rest/3b/6f/c3/25/3b6fc325-f6ca-41d8-b91e-8c5db3be8c13/alice_in_wonderland_objects,"A copyright review process in August 2018 has determined that this particular item, published in the UK, is in the public domain since the illustrator died more than 70 years ago.",https://api.library.tamu.edu/fcrepo/rest/3b/6f/c3/25/3b6fc325-f6ca-41d8-b91e-8c5db3be8c13/alice_in_wonderland_objects/alice-4032071-1932_01/pages/page_0/files/alice-4032071-1932_01.tif|https://api.library.tamu.edu/fcrepo/rest/3b/6f/c3/25/3b6fc325-f6ca-41d8-b91e-8c5db3be8c13/alice_in_wonderland_objects/alice-4032071-1932_01/pages/page_0/files/ea/e3/a3/62/eae3a362-6cc9-4a2b-ad05-e919b853106a,
,,Jabberwocky,,Don Drake,2019-05-13T20:20:30.102000+00:00,https://api.library.tamu.edu/fcrepo/rest/3b/6f/c3/25/3b6fc325-f6ca-41d8-b91e-8c5db3be8c13/alice_in_wonderland_objects/alice-4706902-2009_02/orderProxies|https://api.library.tamu.edu/fcrepo/rest/3b/6f/c3/25/3b6fc325-f6ca-41d8-b91e-8c5db3be8c13/alice_in_wonderland_objects/alice-4706902-2009_02/pages,2009,fedoraAdmin,false,,Illustrator,,Jabberwock detail,,Cushing Library. Children's Collection,2019-01-10T22:02:09.855000+00:00,,fedoraAdmin,https://api.library.tamu.edu/fcrepo/rest/3b/6f/c3/25/3b6fc325-f6ca-41d8-b91e-8c5db3be8c13/alice_in_wonderland_objects,"A copyright review process in August 2018 has determined that this particular item is in copyright, but the rights holder is unclear or unresponsive.  The Libraries provide access to the materials here as a digital aggregate under an assertion of fair use for non-commercial educational use (17 U.S. Code § 107) as well as of fair dealing for the illustrations published in the UK (Copyright, Designs and Patent Act 1988 [UK]). The written permission of any copyright and other rights holders is required for distribution, reproduction, or other use that extends beyond what is authorized by fair use and other statutory exemptions. Responsibility for making an independent legal assessment of an item and securing any necessary permissions ultimately rests with persons desiring to use the item. TAMU Libraries would be interested in updating the copyright holder information on items displayed in these collections.  Please use the contact method provided below to help update these records for future researchers.",https://api.library.tamu.edu/fcrepo/rest/3b/6f/c3/25/3b6fc325-f6ca-41d8-b91e-8c5db3be8c13/alice_in_wonderland_objects/alice-4706902-2009_02/pages/page_0/files/81/ec/03/e6/81ec03e6-08b2-4989-a77e-9d4286633e48|https://api.library.tamu.edu/fcrepo/rest/3b/6f/c3/25/3b6fc325-f6ca-41d8-b91e-8c5db3be8c13/alice_in_wonderland_objects/alice-4706902-2009_02/pages/page_0/files/3f/cd/73/8d/3fcd738d-313f-4ba9-b72e-3a418ed4f1be|https://api.library.tamu.edu/fcrepo/rest/3b/6f/c3/25/3b6fc325-f6ca-41d8-b91e-8c5db3be8c13/alice_in_wonderland_objects/alice-4706902-2009_02/pages/page_0/files/alice-4706902-2009_02.tif,Jabberwocky detail
USA,"Lewis Carroll. Giant Pop-Up Book, Alice in Wonderland. Modern Promotions, 1983", Mad Hatter | White Rabbit | Tea Party | Dormouse|Alice ,https://libcat.tamu.edu/vwebv/holdingsInfo?bibId=4702858,"Ron Stover, editor",2019-05-13T20:25:01.167000+00:00,https://api.library.tamu.edu/fcrepo/rest/3b/6f/c3/25/3b6fc325-f6ca-41d8-b91e-8c5db3be8c13/alice_in_wonderland_objects/alice-4702858-1983_01/orderProxies|https://api.library.tamu.edu/fcrepo/rest/3b/6f/c3/25/3b6fc325-f6ca-41d8-b91e-8c5db3be8c13/alice_in_wonderland_objects/alice-4702858-1983_01/pages,1983,fedoraAdmin,false,4702858,Publisher or illustrator? ,"""Who in the world am I? Ah, that's the great puzzle!"": The Faces of Alice in Wonderland",The Tea Party,http://rightsstatements.org/page/InC-RUU/1.0/?language=en,Cushing Library. Children's Collection,2019-01-10T22:02:13.082000+00:00,"Alice in Wonderland Giant Pop-Up Book. Lewis Carroll, adapted by Ron Stover. Modern Promotions, 1983",fedoraAdmin,https://api.library.tamu.edu/fcrepo/rest/3b/6f/c3/25/3b6fc325-f6ca-41d8-b91e-8c5db3be8c13/alice_in_wonderland_objects,"A copyright review process in August 2018 has determined that this particular item is in copyright, but the rights holder is unclear.  The Libraries provide access to the materials here as a digital aggregate under an assertion of fair use for non-commercial educational use (17 U.S. Code § 107) as well as of fair dealing for the illustrations published in the UK (Copyright, Designs and Patent Act 1988 [UK]). The written permission of any copyright and other rights holders is required for distribution, reproduction, or other use that extends beyond what is authorized by fair use and other statutory exemptions. Responsibility for making an independent legal assessment of an item and securing any necessary permissions ultimately rests with persons desiring to use the item. TAMU Libraries would be interested in updating the copyright holder information on items displayed in these collections.  Please use the contact method provided below to help update these records for future researchers.",https://api.library.tamu.edu/fcrepo/rest/3b/6f/c3/25/3b6fc325-f6ca-41d8-b91e-8c5db3be8c13/alice_in_wonderland_objects/alice-4702858-1983_01/pages/page_0/files/alice-4702858-1983_01.tif|https://api.library.tamu.edu/fcrepo/rest/3b/6f/c3/25/3b6fc325-f6ca-41d8-b91e-8c5db3be8c13/alice_in_wonderland_objects/alice-4702858-1983_01/pages/page_0/files/6a/ef/79/a5/6aef79a5-04d0-46f4-9360-15f41693731d,
England,"Lewis Carroll. Alice's Adventures in Wonderland, Written by Lewis Carroll, Illistrated by 150 Artists. Pickatale, 2015",Alice,https://libcat.tamu.edu/vwebv/holdingsInfo?bibId=5407493,John Monteiro,2019-05-13T20:00:28.575000+00:00,https://api.library.tamu.edu/fcrepo/rest/3b/6f/c3/25/3b6fc325-f6ca-41d8-b91e-8c5db3be8c13/alice_in_wonderland_objects/alice-5407493-2015_01/pages|https://api.library.tamu.edu/fcrepo/rest/3b/6f/c3/25/3b6fc325-f6ca-41d8-b91e-8c5db3be8c13/alice_in_wonderland_objects/alice-5407493-2015_01/orderProxies,2015,fedoraAdmin,false,5407493,Public domain,"""Who in the world am I? Ah, that's the great puzzle!"": The Faces of Alice in Wonderland",Alice standing before the door leading her away from the Tea Party,http://rightsstatements.org/page/NoC-US/1.0/?language=en,Cushing Library. Children's Collection,2019-01-10T22:02:29.410000+00:00,"Alice's Adventures in Wonderland, illustrated by 150 artists from around the world. Lewis Carroll. Pickatale, 2015.",fedoraAdmin,https://api.library.tamu.edu/fcrepo/rest/3b/6f/c3/25/3b6fc325-f6ca-41d8-b91e-8c5db3be8c13/alice_in_wonderland_objects,"A copyright review process in August 2018 has determined that this particular item is in copyright, but the rights holder is unclear or unresponsive. The Libraries provide access to the materials here as a digital aggregate under an assertion of fair use for non-commercial educational use (17 U.S. Code § 107) as well as of fair dealing for the illustrations published in the UK (Copyright, Designs and Patent Act 1988 [UK]). The written permission of any copyright and other rights holders is required for distribution, reproduction, or other use that extends beyond what is authorized by fair use and other statutory exemptions. Responsibility for making an independent legal assessment of an item and securing any necessary permissions ultimately rests with persons desiring to use the item. TAMU Libraries would be interested in updating the copyright holder information on items displayed in these collections. Please use the contact method provided below to help update these records for future researchers.",https://api.library.tamu.edu/fcrepo/rest/3b/6f/c3/25/3b6fc325-f6ca-41d8-b91e-8c5db3be8c13/alice_in_wonderland_objects/alice-5407493-2015_01/pages/page_0/files/7b/09/81/60/7b098160-64d1-4ff6-aea3-4676a49adacc|https://api.library.tamu.edu/fcrepo/rest/3b/6f/c3/25/3b6fc325-f6ca-41d8-b91e-8c5db3be8c13/alice_in_wonderland_objects/alice-5407493-2015_01/pages/page_0/files/alice-5407493-2015_01.tif,
s.l.,"Lewis Carroll. Alice's Adventures in Wonderland, Written by Lewis Carroll, Illustrated by 150 Artists. Pickatale, 2015",Alice | Mad Hatter | Dormouse | March Hare | Tea Party,https://libcat.tamu.edu/vwebv/holdingsInfo?bibId=5407493,Luminita Cosareanu,2019-09-18T16:21:06.223000+00:00,https://api.library.tamu.edu/fcrepo/rest/3b/6f/c3/25/3b6fc325-f6ca-41d8-b91e-8c5db3be8c13/alice_in_wonderland_objects/alice-5407493-2015_03/pages|https://api.library.tamu.edu/fcrepo/rest/3b/6f/c3/25/3b6fc325-f6ca-41d8-b91e-8c5db3be8c13/alice_in_wonderland_objects/alice-5407493-2015_03/orderProxies,2015,fedoraAdmin,false,5407493,Illustrator,"""Who in the world am I? Ah, that's the great puzzle!"": The Faces of Alice in Wonderland",Alice eyeing the Hatter as he attempts to stuff the Dormouse into a teapot,http://rightsstatements.org/page/InC/1.0/?language=en,Cushing Library. Children's Collection,2019-01-10T22:02:31.595000+00:00,"Lewis Carroll. Alice's Adventures in Wonderland, Written by Lewis Carroll, Illustrated by 150 Artists. Pickatale, 2015. [Not displayed in physical exhibit.]",fedoraAdmin,https://api.library.tamu.edu/fcrepo/rest/3b/6f/c3/25/3b6fc325-f6ca-41d8-b91e-8c5db3be8c13/alice_in_wonderland_objects,"A copyright review process in August 2018 has determined that this particular illustration is still in copyright, held by the illustrator, Luminita Cosareanu (©2015), who graciously shared permission for Texas A&M University Libraries to display this image in this online exhibit. The written permission of any copyright and other rights holders is required for distribution, reproduction, or other use that extends beyond what is authorized by fair use and other statutory exemptions. Responsibility for making an independent legal assessment of an item and securing any necessary permissions ultimately rests with persons desiring to use the item. Please refer to:  http://luminitacosareanu.tumblr.com/ , or contact her by email:  luminitacosareanu@gmail.com .",https://api.library.tamu.edu/fcrepo/rest/3b/6f/c3/25/3b6fc325-f6ca-41d8-b91e-8c5db3be8c13/alice_in_wonderland_objects/alice-5407493-2015_03/pages/page_0/files/70/7a/91/17/707a9117-cff7-47a3-8751-4deff0b4387c|https://api.library.tamu.edu/fcrepo/rest/3b/6f/c3/25/3b6fc325-f6ca-41d8-b91e-8c5db3be8c13/alice_in_wonderland_objects/alice-5407493-2015_03/pages/page_0/files/alice-5407493-2015_03.tif,
USA,"Lewis Carroll. Alice's Adventures in Wonderland. Crown Publishers, 1984",Alice | Dormouse | White Rabbit ,https://libcat.tamu.edu/vwebv/holdingsInfo?bibId=4702856,Justin Todd,2019-05-30T18:20:14.859000+00:00,https://api.library.tamu.edu/fcrepo/rest/3b/6f/c3/25/3b6fc325-f6ca-41d8-b91e-8c5db3be8c13/alice_in_wonderland_objects/alice-4702856-1984_01/orderProxies|https://api.library.tamu.edu/fcrepo/rest/3b/6f/c3/25/3b6fc325-f6ca-41d8-b91e-8c5db3be8c13/alice_in_wonderland_objects/alice-4702856-1984_01/pages,1984,fedoraAdmin,false,4702856,Illustrator,"""Who in the world am I? Ah, that's the great puzzle!"": The Faces of Alice in Wonderland",A trapped Alice booting Bill the Lizard,http://rightsstatements.org/page/InC/1.0/?language=en,Cushing Library. Children's Collection,2019-01-10T22:02:08.073000+00:00,An illustration that depicts one of Alice's many changes in size in the course of the novel.  Here she has become trapped in the White Rabbit's house and she has kicked Bill the Lizard (sent by the White Rabbit to investigate) out the chimney.,fedoraAdmin,https://api.library.tamu.edu/fcrepo/rest/3b/6f/c3/25/3b6fc325-f6ca-41d8-b91e-8c5db3be8c13/alice_in_wonderland_objects,"A copyright review process in August 2018 has determined that this particular illustration is still in copyright, held by the illustrator, Justin Todd (©1984), who graciously shared permission for Texas A&M University Libraries to display this image in this online exhibit.  The written permission of any copyright and other rights holders is required for distribution, reproduction, or other use that extends beyond what is authorized by fair use and other statutory exemptions. Responsibility for making an independent legal assessment of an item and securing any necessary permissions ultimately rests with persons desiring to use the item.  Please refer to: http://www.justintodd-artist.com/ .",https://api.library.tamu.edu/fcrepo/rest/3b/6f/c3/25/3b6fc325-f6ca-41d8-b91e-8c5db3be8c13/alice_in_wonderland_objects/alice-4702856-1984_01/pages/page_0/files/alice-4702856-1984_01.tif|https://api.library.tamu.edu/fcrepo/rest/3b/6f/c3/25/3b6fc325-f6ca-41d8-b91e-8c5db3be8c13/alice_in_wonderland_objects/alice-4702856-1984_01/pages/page_0/files/67/73/b4/0c/6773b40c-f607-4996-85b1-e19742933023,
,,Alice,,Lewis Carroll,2019-05-30T18:57:30.713000+00:00,https://api.library.tamu.edu/fcrepo/rest/3b/6f/c3/25/3b6fc325-f6ca-41d8-b91e-8c5db3be8c13/alice_in_wonderland_objects/alice-4706978-2013_01/orderProxies|https://api.library.tamu.edu/fcrepo/rest/3b/6f/c3/25/3b6fc325-f6ca-41d8-b91e-8c5db3be8c13/alice_in_wonderland_objects/alice-4706978-2013_01/pages,1886,fedoraAdmin,false,,Public domain,,An overgrown Alice,,Cushing Library. Children's Collection,2019-01-10T22:02:22.222000+00:00,,fedoraAdmin,https://api.library.tamu.edu/fcrepo/rest/3b/6f/c3/25/3b6fc325-f6ca-41d8-b91e-8c5db3be8c13/alice_in_wonderland_objects,A copyright review process in August 2018 has determined that this particular item is in the public domain since the book in which this illustration originally appeared was published pre-1923.,https://api.library.tamu.edu/fcrepo/rest/3b/6f/c3/25/3b6fc325-f6ca-41d8-b91e-8c5db3be8c13/alice_in_wonderland_objects/alice-4706978-2013_01/pages/page_0/files/e7/57/c4/e3/e757c4e3-e556-49de-ad41-f301069259e9|https://api.library.tamu.edu/fcrepo/rest/3b/6f/c3/25/3b6fc325-f6ca-41d8-b91e-8c5db3be8c13/alice_in_wonderland_objects/alice-4706978-2013_01/pages/page_0/files/alice-4706978-2013_01.tif,"Lewis Carroll's original illustrations of Alice are simpler and less expressive than those of Sir John Tenniel, who created the illustrations of Alice widely known today.  She still wears a blue dress, but she has dark brown hair.  Alice is shown here immediately after drinking the potion that makes her grow as big as a house."
England,"Lewis Carroll. Alice Through the Looking Glass and What Alice Found There. Dragon's World, 1989",Alice | White Queen,https://libcat.tamu.edu/vwebv/holdingsInfo?bibId=4702857,Malcolm Ashman,2019-05-13T19:54:30.574000+00:00,https://api.library.tamu.edu/fcrepo/rest/3b/6f/c3/25/3b6fc325-f6ca-41d8-b91e-8c5db3be8c13/alice_in_wonderland_objects/alice-4702857-1989_01/orderProxies|https://api.library.tamu.edu/fcrepo/rest/3b/6f/c3/25/3b6fc325-f6ca-41d8-b91e-8c5db3be8c13/alice_in_wonderland_objects/alice-4702857-1989_01/pages,1989,fedoraAdmin,false,4702857,Illustrator,"""Who in the world am I? Ah, that's the great puzzle!"": The Faces of Alice in Wonderland",Alice and the White Queen,http://rightsstatements.org/page/InC/1.0/?language=en,Cushing Library. Children's Collection,2019-01-10T22:02:10.915000+00:00,"Alice Through The Looking Glass. Lewis Carroll. Dragon’s World, 1989. Illustrated by Malcom Ashman. [Not displayed in physical exhibit.]",fedoraAdmin,https://api.library.tamu.edu/fcrepo/rest/3b/6f/c3/25/3b6fc325-f6ca-41d8-b91e-8c5db3be8c13/alice_in_wonderland_objects,"A copyright review process in August 2018 has determined that this particular illustration is still in copyright, held by the illustrator, Malcolm Ashman (©1989), who graciously shared permission for Texas A&M University Libraries to display this image in this online exhibit.  The written permission of any copyright and other rights holders is required for distribution, reproduction, or other use that extends beyond what is authorized by fair use and other statutory exemptions. Responsibility for making an independent legal assessment of an item and securing any necessary permissions ultimately rests with persons desiring to use the item.  Please refer to: https://www.malcolmashman.com/ .",https://api.library.tamu.edu/fcrepo/rest/3b/6f/c3/25/3b6fc325-f6ca-41d8-b91e-8c5db3be8c13/alice_in_wonderland_objects/alice-4702857-1989_01/pages/page_0/files/alice-4702857-1989_01.tif|https://api.library.tamu.edu/fcrepo/rest/3b/6f/c3/25/3b6fc325-f6ca-41d8-b91e-8c5db3be8c13/alice_in_wonderland_objects/alice-4702857-1989_01/pages/page_0/files/6a/a4/7d/65/6aa47d65-cbce-4f3b-af46-933488b7cc5d,
USA,"Lewis Carroll. Lewis Carroll's Alice's Adventures in Wonderland. Modernbook Editions, 2008", White Rabbit|Alice ,https://libcat.tamu.edu/vwebv/holdingsInfo?bibId=4706911,Maggie Taylor,2019-05-30T18:18:03.822000+00:00,https://api.library.tamu.edu/fcrepo/rest/3b/6f/c3/25/3b6fc325-f6ca-41d8-b91e-8c5db3be8c13/alice_in_wonderland_objects/alice-4706911-2008_01x800/orderProxies|https://api.library.tamu.edu/fcrepo/rest/3b/6f/c3/25/3b6fc325-f6ca-41d8-b91e-8c5db3be8c13/alice_in_wonderland_objects/alice-4706911-2008_01x800/pages,2008,fedoraAdmin,false,4706911,Illustrator,"""Who in the world am I? Ah, that's the great puzzle!"": The Faces of Alice in Wonderland",Alice standing before the jury for the trial of the Knave of Hearts,http://rightsstatements.org/page/InC/1.0/?language=en,Cushing Library. Children's Collection,2019-01-10T22:02:19.489000+00:00,"Taylor's various interpretations of Alice are created from Victorian-era photographs, which are then colorized and Photoshopped to fit into the story.  As such, each Alice in this book is different, but still embodies the character.  Here we see Alice and the White Rabbit in court, in front of the lizards and woodland creatures of the jury.",fedoraAdmin,https://api.library.tamu.edu/fcrepo/rest/3b/6f/c3/25/3b6fc325-f6ca-41d8-b91e-8c5db3be8c13/alice_in_wonderland_objects,"A copyright review process in August 2018 has determined that this particular illustration is still in copyright, held by the illustrator, Maggie Taylor (©2008), who graciously shared permission for Texas A&M University Libraries to display this image in this online exhibit.  The written permission of any copyright and other rights holders is required for distribution, reproduction, or other use that extends beyond what is authorized by fair use and other statutory exemptions. Responsibility for making an independent legal assessment of an item and securing any necessary permissions ultimately rests with persons desiring to use the item.  Please refer to: http://maggietaylor.com/ .",https://api.library.tamu.edu/fcrepo/rest/3b/6f/c3/25/3b6fc325-f6ca-41d8-b91e-8c5db3be8c13/alice_in_wonderland_objects/alice-4706911-2008_01x800/pages/page_0/files/alice-4706911-2008_01x800.tif|https://api.library.tamu.edu/fcrepo/rest/3b/6f/c3/25/3b6fc325-f6ca-41d8-b91e-8c5db3be8c13/alice_in_wonderland_objects/alice-4706911-2008_01x800/pages/page_0/files/85/16/f2/f0/8516f2f0-859a-4d0f-ba6f-1b23a263a319,
Ireland?,"Lewis Carroll. Alice Aforethought. Arthur Guinness, Sons & Co., 1938",Walrus,https://libcat.tamu.edu/vwebv/holdingsInfo?bibId=4904925,Ralph Gore Antony Groves-Raines,2019-05-13T20:25:51.106000+00:00,https://api.library.tamu.edu/fcrepo/rest/3b/6f/c3/25/3b6fc325-f6ca-41d8-b91e-8c5db3be8c13/alice_in_wonderland_objects/alice-4904925-1939_02/orderProxies|https://api.library.tamu.edu/fcrepo/rest/3b/6f/c3/25/3b6fc325-f6ca-41d8-b91e-8c5db3be8c13/alice_in_wonderland_objects/alice-4904925-1939_02/pages,1938,fedoraAdmin,false,4904925,Publisher or illustrator? 1938,"""Who in the world am I? Ah, that's the great puzzle!"": The Faces of Alice in Wonderland",The Walrus and the Carpenter,http://rightsstatements.org/page/InC/1.0/?language=en,Cushing Library. Children's Collection,2019-01-10T22:02:23.772000+00:00,"The illustrations by Groves-Reines are remarkably similar in style to the classic illustrations by Sir John Tenniel.  Likewise, this story is written remarkably like the original Alice in Wonderland, but with references to Guinness beer throughout.  Here, we see a pitch for a glass as an apéritif, from the Walrus turned waiter.",fedoraAdmin,https://api.library.tamu.edu/fcrepo/rest/3b/6f/c3/25/3b6fc325-f6ca-41d8-b91e-8c5db3be8c13/alice_in_wonderland_objects,"A copyright review process in August 2018 has determined that this particular item is in copyright, but the rights holder is unclear or unresponsive.  The Libraries provide access to the materials here as a digital aggregate under an assertion of fair use for non-commercial educational use (17 U.S. Code § 107) as well as of fair dealing for the illustrations published in the UK (Copyright, Designs and Patent Act 1988 [UK]). The written permission of any copyright and other rights holders is required for distribution, reproduction, or other use that extends beyond what is authorized by fair use and other statutory exemptions. Responsibility for making an independent legal assessment of an item and securing any necessary permissions ultimately rests with persons desiring to use the item. TAMU Libraries would be interested in updating the copyright holder information on items displayed in these collections.  Please use the contact method provided below to help update these records for future researchers.",https://api.library.tamu.edu/fcrepo/rest/3b/6f/c3/25/3b6fc325-f6ca-41d8-b91e-8c5db3be8c13/alice_in_wonderland_objects/alice-4904925-1939_02/pages/page_0/files/alice-4904925-1939_02.tif|https://api.library.tamu.edu/fcrepo/rest/3b/6f/c3/25/3b6fc325-f6ca-41d8-b91e-8c5db3be8c13/alice_in_wonderland_objects/alice-4904925-1939_02/pages/page_0/files/d4/b7/c8/dc/d4b7c8dc-27f3-48ae-b185-b3626372bc79,
England,"Lewis Carroll. Alice's Adventures in Wonderland (Sesquicentennial Edition). Inky Parrot Press, 2015",White Rabbit |Tea Party,https://libcat.tamu.edu/vwebv/holdingsInfo?bibId=4979710,Robi Dwi Antono,2019-05-30T18:15:37.151000+00:00,https://api.library.tamu.edu/fcrepo/rest/3b/6f/c3/25/3b6fc325-f6ca-41d8-b91e-8c5db3be8c13/alice_in_wonderland_objects/alice-4979710-2015_01/orderProxies|https://api.library.tamu.edu/fcrepo/rest/3b/6f/c3/25/3b6fc325-f6ca-41d8-b91e-8c5db3be8c13/alice_in_wonderland_objects/alice-4979710-2015_01/pages,2015,fedoraAdmin,false,4979710,Illustrator,"""Who in the world am I? Ah, that's the great puzzle!"": The Faces of Alice in Wonderland",A particularly surreal Tea Party,http://rightsstatements.org/page/InC/1.0/?language=en,Cushing Library. Children's Collection,2019-01-10T22:02:23.714000+00:00,"Inky Parrot Press is renowned for its beautifully and cleverly illustrated books, as well as its variety of illustrators.  This copy of Alice was illustrated by 27 individuals; this image, depicting Alice at the Tea Party, was made by Robi Dwi Antono.",fedoraAdmin,https://api.library.tamu.edu/fcrepo/rest/3b/6f/c3/25/3b6fc325-f6ca-41d8-b91e-8c5db3be8c13/alice_in_wonderland_objects,"A copyright review process in August 2018 has determined that this particular item is in copyright, but the rights holder is unclear or unresponsive.  The Libraries provide access to the materials here as a digital aggregate under an assertion of fair use for non-commercial educational use (17 U.S. Code § 107) as well as of fair dealing for the illustrations published in the UK (Copyright, Designs and Patent Act 1988 [UK]). The written permission of any copyright and other rights holders is required for distribution, reproduction, or other use that extends beyond what is authorized by fair use and other statutory exemptions. Responsibility for making an independent legal assessment of an item and securing any necessary permissions ultimately rests with persons desiring to use the item. TAMU Libraries would be interested in updating the copyright holder information on items displayed in these collections.  Please use the contact method provided below to help update these records for future researchers.",https://api.library.tamu.edu/fcrepo/rest/3b/6f/c3/25/3b6fc325-f6ca-41d8-b91e-8c5db3be8c13/alice_in_wonderland_objects/alice-4979710-2015_01/pages/page_0/files/alice-4979710-2015_01.jpg,
England,"Lewis Carroll. Elisi Katika Nchi Ya Ajabu. Sheldon Press, 1940", Dodo|Alice ,https://libcat.tamu.edu/vwebv/holdingsInfo?bibId=5454533,Unidentified,2019-05-13T19:49:26.885000+00:00,https://api.library.tamu.edu/fcrepo/rest/3b/6f/c3/25/3b6fc325-f6ca-41d8-b91e-8c5db3be8c13/alice_in_wonderland_objects/alice-5454533-1940_02/pages|https://api.library.tamu.edu/fcrepo/rest/3b/6f/c3/25/3b6fc325-f6ca-41d8-b91e-8c5db3be8c13/alice_in_wonderland_objects/alice-5454533-1940_02/orderProxies,1940,fedoraAdmin,false,5454533,Public domain,"""Who in the world am I? Ah, that's the great puzzle!"": The Faces of Alice in Wonderland","Alice and the Dodo, before the Caucus-race begins",http://rightsstatements.org/page/NoC-US/1.0/?language=en,Cushing Library. Children's Collection,2019-01-10T22:02:35.533000+00:00,"This edition of Alice, in Swahili, is the first version translated into a native African language.  The illustrator has copied the original Tenniel illustrations but has made all the human characters (except, notably, the King and Queen of Hearts) African.  Alice is dressed in a white wrap of khanga cloth, and the Hatter wears a fez rather than the traditional English top hat.",fedoraAdmin,https://api.library.tamu.edu/fcrepo/rest/3b/6f/c3/25/3b6fc325-f6ca-41d8-b91e-8c5db3be8c13/alice_in_wonderland_objects,A copyright review process in August 2018 has revealed that this particular item has been determined to be in the public domain by the Internet Archive.  See:  https://archive.org/details/elisikatikanchiy00carrrich,https://api.library.tamu.edu/fcrepo/rest/3b/6f/c3/25/3b6fc325-f6ca-41d8-b91e-8c5db3be8c13/alice_in_wonderland_objects/alice-5454533-1940_02/pages/page_0/files/alice-5454533-1940_02.tif|https://api.library.tamu.edu/fcrepo/rest/3b/6f/c3/25/3b6fc325-f6ca-41d8-b91e-8c5db3be8c13/alice_in_wonderland_objects/alice-5454533-1940_02/pages/page_0/files/ef/ce/fc/a8/efcefca8-fbef-4b63-a81b-729bd0053608,
s.l.,"Lewis Carroll. Alice's Adventures in Wonderland, Written by Lewis Carroll, Illustrated by 150 Artists. Pickatale, 2015", Mushroom|Alice ,https://libcat.tamu.edu/vwebv/holdingsInfo?bibId=5407493,John Francis Federis,2019-08-07T14:27:24.002000+00:00,https://api.library.tamu.edu/fcrepo/rest/3b/6f/c3/25/3b6fc325-f6ca-41d8-b91e-8c5db3be8c13/alice_in_wonderland_objects/alice-5407493-2015_02/orderProxies|https://api.library.tamu.edu/fcrepo/rest/3b/6f/c3/25/3b6fc325-f6ca-41d8-b91e-8c5db3be8c13/alice_in_wonderland_objects/alice-5407493-2015_02/pages,2015,fedoraAdmin,false,5407493,Illustrator,"""Who in the world am I? Ah, that's the great puzzle!"": The Faces of Alice in Wonderland",A clever Alice tryptich ,http://rightsstatements.org/page/InC/1.0/?language=en,Cushing Library. Children's Collection,2019-01-10T22:02:29.434000+00:00,A beautiful depiction of Alice consuming the piece of mushroom that causes her to shoot upward in height.,fedoraAdmin,https://api.library.tamu.edu/fcrepo/rest/3b/6f/c3/25/3b6fc325-f6ca-41d8-b91e-8c5db3be8c13/alice_in_wonderland_objects,"A copyright review process in August 2018 has determined that this particular item is in copyright, but the rights holder is unclear or unresponsive.  The Libraries provide access to the materials here as a digital aggregate under an assertion of fair use for non-commercial educational use (17 U.S. Code § 107) as well as of fair dealing for the illustrations published in the UK (Copyright, Designs and Patent Act 1988 [UK]). The written permission of any copyright and other rights holders is required for distribution, reproduction, or other use that extends beyond what is authorized by fair use and other statutory exemptions. Responsibility for making an independent legal assessment of an item and securing any necessary permissions ultimately rests with persons desiring to use the item. TAMU Libraries would be interested in updating the copyright holder information on items displayed in these collections.  Please use the contact method provided below to help update these records for future researchers.",https://api.library.tamu.edu/fcrepo/rest/3b/6f/c3/25/3b6fc325-f6ca-41d8-b91e-8c5db3be8c13/alice_in_wonderland_objects/alice-5407493-2015_02/pages/page_0/files/alice-5407493-2015_02.tif|https://api.library.tamu.edu/fcrepo/rest/3b/6f/c3/25/3b6fc325-f6ca-41d8-b91e-8c5db3be8c13/alice_in_wonderland_objects/alice-5407493-2015_02/pages/page_0/files/14/42/8c/21/14428c21-3f1c-4669-b28a-aefb3db27d61,
USA,"Lewis Carroll. Jabberwocky (Poem & Art). Dreaming Mind Bindery, 2009",Jabberwocky,https://libcat.tamu.edu/vwebv/holdingsInfo?bibId=4706902,Don Drake,2019-05-13T20:21:36.959000+00:00,https://api.library.tamu.edu/fcrepo/rest/3b/6f/c3/25/3b6fc325-f6ca-41d8-b91e-8c5db3be8c13/alice_in_wonderland_objects/alice-4706902-2009_04/pages|https://api.library.tamu.edu/fcrepo/rest/3b/6f/c3/25/3b6fc325-f6ca-41d8-b91e-8c5db3be8c13/alice_in_wonderland_objects/alice-4706902-2009_04/orderProxies,2009,fedoraAdmin,false,4706902,Illustrator,"""Who in the world am I? Ah, that's the great puzzle!"": The Faces of Alice in Wonderland",Jabberwocky,http://rightsstatements.org/page/InC/1.0/?language=en,Cushing Library. Children's Collection,2019-01-10T22:02:11.464000+00:00,"Drake's watercolor illustration of the Jabberwock features its companion poem from Through the Looking Glass.  The poem is printed in reverse, so it can only be read by viewing it through a looking glass, as Alice did.",fedoraAdmin,https://api.library.tamu.edu/fcrepo/rest/3b/6f/c3/25/3b6fc325-f6ca-41d8-b91e-8c5db3be8c13/alice_in_wonderland_objects,"A copyright review process in August 2018 has determined that this particular item is in copyright, but the rights holder is unclear or unresponsive.  The Libraries provide access to the materials here as a digital aggregate under an assertion of fair use for non-commercial educational use (17 U.S. Code § 107) as well as of fair dealing for the illustrations published in the UK (Copyright, Designs and Patent Act 1988 [UK]). The written permission of any copyright and other rights holders is required for distribution, reproduction, or other use that extends beyond what is authorized by fair use and other statutory exemptions. Responsibility for making an independent legal assessment of an item and securing any necessary permissions ultimately rests with persons desiring to use the item. TAMU Libraries would be interested in updating the copyright holder information on items displayed in these collections.  Please use the contact method provided below to help update these records for future researchers.",https://api.library.tamu.edu/fcrepo/rest/3b/6f/c3/25/3b6fc325-f6ca-41d8-b91e-8c5db3be8c13/alice_in_wonderland_objects/alice-4706902-2009_04/pages/page_0/files/ca/5f/87/c9/ca5f87c9-b993-4b5f-93ac-2f841fe81454|https://api.library.tamu.edu/fcrepo/rest/3b/6f/c3/25/3b6fc325-f6ca-41d8-b91e-8c5db3be8c13/alice_in_wonderland_objects/alice-4706902-2009_04/pages/page_0/files/alice-4706902-2009_04.tif,
England,"Lewis Carroll. Elisi Katika Nchi Ya Ajabu. Sheldon Press, 1940", Dodo|Alice ,https://libcat.tamu.edu/vwebv/holdingsInfo?bibId=5454533,Unidentified,2019-05-13T19:40:32.016000+00:00,https://api.library.tamu.edu/fcrepo/rest/3b/6f/c3/25/3b6fc325-f6ca-41d8-b91e-8c5db3be8c13/alice_in_wonderland_objects/alice-5454533-1940_01/orderProxies|https://api.library.tamu.edu/fcrepo/rest/3b/6f/c3/25/3b6fc325-f6ca-41d8-b91e-8c5db3be8c13/alice_in_wonderland_objects/alice-5454533-1940_01/pages,1940,fedoraAdmin,false,5454533,Public domain,"""Who in the world am I? Ah, that's the great puzzle!"": The Faces of Alice in Wonderland",Alice and the animals listening to the Mouse's story,http://rightsstatements.org/page/NoC-US/1.0/?language=en,Cushing Library. Children's Collection,2019-01-10T22:02:34.581000+00:00,"This edition of Alice, in Swahili, is the first version translated into a native African language.  The illustrator has copied the original Tenniel illustrations but has made all the human characters (except, notably, the King and Queen of Hearts) African.  Alice is dressed in a white wrap of khanga cloth, and the Hatter wears a fez rather than the traditional English top hat. ",fedoraAdmin,https://api.library.tamu.edu/fcrepo/rest/3b/6f/c3/25/3b6fc325-f6ca-41d8-b91e-8c5db3be8c13/alice_in_wonderland_objects,A copyright review process in August 2018 has revealed that this particular item has been determined to be in the public domain by the Internet Archive.  See:  https://archive.org/details/elisikatikanchiy00carrrich,https://api.library.tamu.edu/fcrepo/rest/3b/6f/c3/25/3b6fc325-f6ca-41d8-b91e-8c5db3be8c13/alice_in_wonderland_objects/alice-5454533-1940_01/pages/page_0/files/alice-5454533-1940_01.tif|https://api.library.tamu.edu/fcrepo/rest/3b/6f/c3/25/3b6fc325-f6ca-41d8-b91e-8c5db3be8c13/alice_in_wonderland_objects/alice-5454533-1940_01/pages/page_0/files/7f/a7/b9/cc/7fa7b9cc-f653-49ff-9537-e6ffcac3a317,
England,"Lewis Carroll. Through the Looking Glass and What Alice Found There. Macmillan and Co., 1872",Alice,https://libcat.tamu.edu/vwebv/holdingsInfo?bibId=5444629,Sir John Tenniel,2019-05-13T20:04:35.073000+00:00,https://api.library.tamu.edu/fcrepo/rest/3b/6f/c3/25/3b6fc325-f6ca-41d8-b91e-8c5db3be8c13/alice_in_wonderland_objects/alice-5444629-1872_02/orderProxies|https://api.library.tamu.edu/fcrepo/rest/3b/6f/c3/25/3b6fc325-f6ca-41d8-b91e-8c5db3be8c13/alice_in_wonderland_objects/alice-5444629-1872_02/pages,1872,fedoraAdmin,false,5444629,Public domain,"""Who in the world am I? Ah, that's the great puzzle!"": The Faces of Alice in Wonderland","Alice through the Looking-glass, from the chapter ""Looking-Glass House"", Through the Looking Glass and What Alice Found There",http://rightsstatements.org/page/NoC-US/1.0/?language=en,Cushing Library. Children's Collection,2019-01-10T22:02:34.049000+00:00,"Through the Looking Glass, And What Alice Found There. Lewis Carroll. Macmillan and Company, 1872. Illustrated by Sir John Tenniel. First edition.",fedoraAdmin,https://api.library.tamu.edu/fcrepo/rest/3b/6f/c3/25/3b6fc325-f6ca-41d8-b91e-8c5db3be8c13/alice_in_wonderland_objects,A copyright review process in August 2018 has determined that this particular item is in the public domain since the book in which this illustration appeared was published pre-1923.,https://api.library.tamu.edu/fcrepo/rest/3b/6f/c3/25/3b6fc325-f6ca-41d8-b91e-8c5db3be8c13/alice_in_wonderland_objects/alice-5444629-1872_02/pages/page_0/files/alice-5444629-1872_02.tif|https://api.library.tamu.edu/fcrepo/rest/3b/6f/c3/25/3b6fc325-f6ca-41d8-b91e-8c5db3be8c13/alice_in_wonderland_objects/alice-5444629-1872_02/pages/page_0/files/4c/33/14/1b/4c33141b-5e19-4732-937f-c962345f82ad,
England,"Lewis Carroll. Alice's Adventures in Wonderland. Macmillan and Co., 1867",Queen of Hearts | King of Hearts | Cards,https://libcat.tamu.edu/vwebv/holdingsInfo?bibId=5694328,Sir John Tenniel,2019-05-13T20:19:35.439000+00:00,https://api.library.tamu.edu/fcrepo/rest/3b/6f/c3/25/3b6fc325-f6ca-41d8-b91e-8c5db3be8c13/alice_in_wonderland_objects/alice-5694328-1867_02/pages|https://api.library.tamu.edu/fcrepo/rest/3b/6f/c3/25/3b6fc325-f6ca-41d8-b91e-8c5db3be8c13/alice_in_wonderland_objects/alice-5694328-1867_02/orderProxies,1867,fedoraAdmin,false,5694328,Public domain,"""Who in the world am I? Ah, that's the great puzzle!"": The Faces of Alice in Wonderland","From the chapter ""Who Stole The Tarts?"", Alice's Adventures in Wonderland",http://rightsstatements.org/page/NoC-US/1.0/?language=en,Cushing Library. Children's Collection,2019-01-10T22:02:36.308000+00:00,"Alice’s Adventures in Wonderland. Lewis Carroll. Macmillan and Co, 1867. Illustrated by Sir John Tenniel. Second edition.",fedoraAdmin,https://api.library.tamu.edu/fcrepo/rest/3b/6f/c3/25/3b6fc325-f6ca-41d8-b91e-8c5db3be8c13/alice_in_wonderland_objects,A copyright review process in August 2018 has determined that this particular item is in the public domain since the book in which this illustration appeared was published pre-1923.,https://api.library.tamu.edu/fcrepo/rest/3b/6f/c3/25/3b6fc325-f6ca-41d8-b91e-8c5db3be8c13/alice_in_wonderland_objects/alice-5694328-1867_02/pages/page_0/files/alice-5694328-1867_02.tif|https://api.library.tamu.edu/fcrepo/rest/3b/6f/c3/25/3b6fc325-f6ca-41d8-b91e-8c5db3be8c13/alice_in_wonderland_objects/alice-5694328-1867_02/pages/page_0/files/89/9a/ac/89/899aac89-4536-4aef-9e79-3dd6eb56a4c7,
